# Blender 4.4.0
# www.blender.org
o Sphere
v 0.000000 0.980785 -0.195090
v 0.000000 0.956940 -0.290285
v 0.000000 0.803208 -0.595699
v 0.000000 0.740951 -0.671559
v 0.000000 0.707107 -0.707107
v 0.000000 0.671559 -0.740951
v 0.000000 0.595699 -0.803208
v 0.000000 0.555570 -0.831470
v 0.000000 0.514103 -0.857729
v 0.000000 0.471397 -0.881921
v 0.000000 0.427555 -0.903989
v 0.000000 0.382683 -0.923880
v 0.000000 0.336890 -0.941544
v 0.000000 0.290285 -0.956940
v 0.000000 0.242980 -0.970031
v 0.000000 0.146730 -0.989177
v 0.000000 0.098017 -0.995185
v 0.000000 0.049068 -0.998795
v 0.000000 0.000000 -1.000000
v 0.000000 -0.098017 -0.995185
v 0.000000 -0.146730 -0.989177
v 0.000000 -0.242980 -0.970031
v 0.000000 -0.290285 -0.956940
v 0.000000 -0.382683 -0.923880
v 0.000000 -0.427555 -0.903989
v 0.000000 -0.471397 -0.881921
v 0.000000 -0.514103 -0.857729
v 0.000000 -0.555570 -0.831470
v 0.000000 -0.595699 -0.803208
v 0.000000 -0.671559 -0.740951
v 0.000000 -0.707107 -0.707107
v 0.000000 -0.740951 -0.671559
v 0.000000 -0.773010 -0.634393
v 0.000000 -0.803208 -0.595699
v 0.000000 -0.857729 -0.514103
v 0.000000 -0.881921 -0.471397
v 0.000000 -0.903989 -0.427555
v 0.000000 -0.923880 -0.382683
v 0.000000 -0.941544 -0.336890
v 0.000000 -0.956940 -0.290285
v 0.000000 -0.980785 -0.195090
v 0.004809 0.998795 -0.048831
v 0.009607 0.995185 -0.097545
v 0.014382 0.989177 -0.146024
v 0.019122 0.980785 -0.194151
v 0.023816 0.970031 -0.241810
v 0.028453 0.956940 -0.288887
v 0.033021 0.941544 -0.335268
v 0.037510 0.923880 -0.380841
v 0.041908 0.903989 -0.425496
v 0.046205 0.881921 -0.469127
v 0.050391 0.857729 -0.511627
v 0.054455 0.831470 -0.552895
v 0.058389 0.803208 -0.592831
v 0.062181 0.773010 -0.631339
v 0.065824 0.740951 -0.668325
v 0.069309 0.707107 -0.703702
v 0.072626 0.671559 -0.737383
v 0.075768 0.634393 -0.769288
v 0.078728 0.595699 -0.799340
v 0.081498 0.555570 -0.827466
v 0.084072 0.514103 -0.853598
v 0.086443 0.471397 -0.877675
v 0.088606 0.427555 -0.899636
v 0.090556 0.382683 -0.919431
v 0.092287 0.336890 -0.937010
v 0.093797 0.290285 -0.952332
v 0.095080 0.242980 -0.965360
v 0.096134 0.195090 -0.976062
v 0.096956 0.146730 -0.984413
v 0.097545 0.098017 -0.990393
v 0.097899 0.049068 -0.993986
v 0.098017 0.000000 -0.995185
v 0.097899 -0.049068 -0.993986
v 0.097545 -0.098017 -0.990393
v 0.096956 -0.146730 -0.984413
v 0.096134 -0.195090 -0.976062
v 0.095080 -0.242980 -0.965360
v 0.093797 -0.290285 -0.952332
v 0.092287 -0.336890 -0.937010
v 0.090556 -0.382683 -0.919431
v 0.088606 -0.427555 -0.899636
v 0.086443 -0.471397 -0.877675
v 0.084072 -0.514103 -0.853598
v 0.081498 -0.555570 -0.827466
v 0.078728 -0.595699 -0.799340
v 0.075768 -0.634393 -0.769288
v 0.072626 -0.671559 -0.737383
v 0.069309 -0.707107 -0.703702
v 0.065824 -0.740951 -0.668325
v 0.062181 -0.773010 -0.631339
v 0.058389 -0.803208 -0.592831
v 0.054455 -0.831470 -0.552895
v 0.050391 -0.857729 -0.511627
v 0.046205 -0.881921 -0.469127
v 0.041908 -0.903989 -0.425496
v 0.037510 -0.923880 -0.380841
v 0.033021 -0.941544 -0.335268
v 0.028453 -0.956940 -0.288887
v 0.023816 -0.970031 -0.241810
v 0.019122 -0.980785 -0.194151
v 0.014382 -0.989177 -0.146024
v 0.009607 -0.995185 -0.097545
v 0.004809 -0.998795 -0.048831
v 0.009573 0.998795 -0.048125
v 0.019122 0.995185 -0.096134
v 0.028626 0.989177 -0.143911
v 0.038060 0.980785 -0.191342
v 0.047403 0.970031 -0.238311
v 0.056632 0.956940 -0.284707
v 0.065724 0.941544 -0.330417
v 0.074658 0.923880 -0.375330
v 0.083412 0.903989 -0.419340
v 0.091965 0.881921 -0.462339
v 0.100296 0.857729 -0.504224
v 0.108386 0.831470 -0.544895
v 0.116215 0.803208 -0.584253
v 0.123764 0.773010 -0.622204
v 0.131015 0.740951 -0.658655
v 0.137950 0.707107 -0.693520
v 0.144552 0.671559 -0.726714
v 0.150807 0.634393 -0.758157
v 0.156698 0.595699 -0.787774
v 0.162212 0.555570 -0.815493
v 0.167335 0.514103 -0.841248
v 0.172054 0.471397 -0.864975
v 0.176360 0.427555 -0.886619
v 0.180240 0.382683 -0.906127
v 0.183686 0.336890 -0.923452
v 0.186690 0.290285 -0.938553
v 0.189244 0.242980 -0.951392
v 0.191342 0.195090 -0.961940
v 0.192979 0.146730 -0.970170
v 0.194151 0.098017 -0.976062
v 0.194855 0.049068 -0.979604
v 0.195090 0.000000 -0.980785
v 0.194855 -0.049068 -0.979604
v 0.194151 -0.098017 -0.976062
v 0.192979 -0.146730 -0.970170
v 0.191342 -0.195090 -0.961940
v 0.189244 -0.242980 -0.951392
v 0.186690 -0.290285 -0.938553
v 0.183686 -0.336890 -0.923452
v 0.180240 -0.382683 -0.906127
v 0.176360 -0.427555 -0.886619
v 0.172054 -0.471397 -0.864975
v 0.167335 -0.514103 -0.841248
v 0.162212 -0.555570 -0.815493
v 0.156698 -0.595699 -0.787774
v 0.150807 -0.634393 -0.758157
v 0.144552 -0.671559 -0.726714
v 0.137950 -0.707107 -0.693520
v 0.131015 -0.740951 -0.658655
v 0.123764 -0.773010 -0.622204
v 0.116215 -0.803208 -0.584253
v 0.108386 -0.831470 -0.544895
v 0.100296 -0.857729 -0.504224
v 0.091965 -0.881921 -0.462339
v 0.083412 -0.903989 -0.419340
v 0.074658 -0.923880 -0.375330
v 0.065724 -0.941544 -0.330417
v 0.056632 -0.956940 -0.284707
v 0.047403 -0.970031 -0.238311
v 0.038060 -0.980785 -0.191342
v 0.028626 -0.989177 -0.143911
v 0.019122 -0.995185 -0.096134
v 0.009573 -0.998795 -0.048125
v 0.014244 0.998795 -0.046955
v 0.028453 0.995185 -0.093797
v 0.042594 0.989177 -0.140412
v 0.056632 0.980785 -0.186690
v 0.070533 0.970031 -0.232518
v 0.084265 0.956940 -0.277785
v 0.097794 0.941544 -0.322383
v 0.111087 0.923880 -0.366205
v 0.124113 0.903989 -0.409145
v 0.136839 0.881921 -0.451099
v 0.149236 0.857729 -0.491966
v 0.161274 0.831470 -0.531648
v 0.172922 0.803208 -0.570049
v 0.184155 0.773010 -0.607077
v 0.194943 0.740951 -0.642642
v 0.205262 0.707107 -0.676659
v 0.215087 0.671559 -0.709046
v 0.224393 0.634393 -0.739725
v 0.233159 0.595699 -0.768622
v 0.241363 0.555570 -0.795667
v 0.248985 0.514103 -0.820795
v 0.256008 0.471397 -0.843946
v 0.262414 0.427555 -0.865064
v 0.268188 0.382683 -0.884098
v 0.273316 0.336890 -0.901001
v 0.277785 0.290285 -0.915735
v 0.281585 0.242980 -0.928262
v 0.284707 0.195090 -0.938553
v 0.287143 0.146730 -0.946583
v 0.288887 0.098017 -0.952332
v 0.289935 0.049068 -0.955788
v 0.290285 0.000000 -0.956940
v 0.289935 -0.049068 -0.955788
v 0.288887 -0.098017 -0.952332
v 0.287143 -0.146730 -0.946583
v 0.284707 -0.195090 -0.938553
v 0.281585 -0.242980 -0.928262
v 0.277785 -0.290285 -0.915735
v 0.273316 -0.336890 -0.901001
v 0.268188 -0.382683 -0.884098
v 0.262414 -0.427555 -0.865064
v 0.256008 -0.471397 -0.843946
v 0.248985 -0.514103 -0.820795
v 0.241363 -0.555570 -0.795667
v 0.233159 -0.595699 -0.768622
v 0.224393 -0.634393 -0.739725
v 0.215087 -0.671559 -0.709046
v 0.205262 -0.707107 -0.676659
v 0.194943 -0.740951 -0.642642
v 0.184155 -0.773010 -0.607077
v 0.172922 -0.803208 -0.570049
v 0.161274 -0.831470 -0.531648
v 0.149236 -0.857729 -0.491966
v 0.136839 -0.881921 -0.451099
v 0.124113 -0.903989 -0.409145
v 0.111087 -0.923880 -0.366205
v 0.097794 -0.941544 -0.322383
v 0.084265 -0.956940 -0.277785
v 0.070533 -0.970031 -0.232518
v 0.056632 -0.980785 -0.186690
v 0.042594 -0.989177 -0.140412
v 0.028453 -0.995185 -0.093797
v 0.014244 -0.998795 -0.046955
v 0.018777 0.998795 -0.045333
v 0.037510 0.995185 -0.090556
v 0.056151 0.989177 -0.135561
v 0.074658 0.980785 -0.180240
v 0.092984 0.970031 -0.224484
v 0.111087 0.956940 -0.268188
v 0.128922 0.941544 -0.311246
v 0.146447 0.923880 -0.353553
v 0.163618 0.903989 -0.395009
v 0.180396 0.881921 -0.435514
v 0.196739 0.857729 -0.474969
v 0.212608 0.831470 -0.513280
v 0.227964 0.803208 -0.550354
v 0.242772 0.773010 -0.586103
v 0.256994 0.740951 -0.620440
v 0.270598 0.707107 -0.653281
v 0.283550 0.671559 -0.684550
v 0.295818 0.634393 -0.714169
v 0.307374 0.595699 -0.742067
v 0.318190 0.555570 -0.768178
v 0.328239 0.514103 -0.792438
v 0.337497 0.471397 -0.814789
v 0.345942 0.427555 -0.835177
v 0.353553 0.382683 -0.853553
v 0.360313 0.336890 -0.869873
v 0.366205 0.290285 -0.884098
v 0.371215 0.242980 -0.896192
v 0.375330 0.195090 -0.906127
v 0.378541 0.146730 -0.913880
v 0.380841 0.098017 -0.919431
v 0.382222 0.049068 -0.922767
v 0.382683 0.000000 -0.923880
v 0.382222 -0.049068 -0.922767
v 0.380841 -0.098017 -0.919431
v 0.378541 -0.146730 -0.913880
v 0.375330 -0.195090 -0.906127
v 0.371215 -0.242980 -0.896192
v 0.366205 -0.290285 -0.884098
v 0.360313 -0.336890 -0.869873
v 0.353553 -0.382683 -0.853553
v 0.345942 -0.427555 -0.835177
v 0.337497 -0.471397 -0.814789
v 0.328239 -0.514103 -0.792438
v 0.318190 -0.555570 -0.768178
v 0.307374 -0.595699 -0.742067
v 0.295818 -0.634393 -0.714169
v 0.283550 -0.671559 -0.684550
v 0.270598 -0.707107 -0.653281
v 0.256994 -0.740951 -0.620440
v 0.242772 -0.773010 -0.586103
v 0.227964 -0.803208 -0.550354
v 0.212608 -0.831470 -0.513280
v 0.196739 -0.857729 -0.474969
v 0.180396 -0.881921 -0.435514
v 0.163618 -0.903989 -0.395009
v 0.146447 -0.923880 -0.353553
v 0.128922 -0.941544 -0.311246
v 0.111087 -0.956940 -0.268188
v 0.092984 -0.970031 -0.224484
v 0.074658 -0.980785 -0.180240
v 0.056151 -0.989177 -0.135561
v 0.037510 -0.995185 -0.090556
v 0.018777 -0.998795 -0.045333
v 0.023130 0.998795 -0.043274
v 0.046205 0.995185 -0.086443
v 0.069168 0.989177 -0.129405
v 0.091965 0.980785 -0.172054
v 0.114540 0.970031 -0.214289
v 0.136839 0.956940 -0.256008
v 0.158809 0.941544 -0.297110
v 0.180396 0.923880 -0.337497
v 0.201548 0.903989 -0.377070
v 0.222215 0.881921 -0.415735
v 0.242346 0.857729 -0.453398
v 0.261894 0.831470 -0.489969
v 0.280811 0.803208 -0.525360
v 0.299051 0.773010 -0.559485
v 0.316571 0.740951 -0.592262
v 0.333328 0.707107 -0.623612
v 0.349282 0.671559 -0.653461
v 0.364395 0.634393 -0.681734
v 0.378629 0.595699 -0.708366
v 0.391952 0.555570 -0.733291
v 0.404330 0.514103 -0.756449
v 0.415735 0.471397 -0.777785
v 0.426138 0.427555 -0.797247
v 0.435514 0.382683 -0.814789
v 0.443841 0.336890 -0.830368
v 0.451099 0.290285 -0.843946
v 0.457270 0.242980 -0.855491
v 0.462339 0.195090 -0.864975
v 0.466295 0.146730 -0.872376
v 0.469127 0.098017 -0.877675
v 0.470829 0.049068 -0.880859
v 0.471397 0.000000 -0.881921
v 0.470829 -0.049068 -0.880859
v 0.469127 -0.098017 -0.877675
v 0.466295 -0.146730 -0.872376
v 0.462339 -0.195090 -0.864975
v 0.457270 -0.242980 -0.855491
v 0.451099 -0.290285 -0.843946
v 0.443841 -0.336890 -0.830368
v 0.435514 -0.382683 -0.814789
v 0.426138 -0.427555 -0.797247
v 0.415735 -0.471397 -0.777785
v 0.404330 -0.514103 -0.756449
v 0.391952 -0.555570 -0.733291
v 0.378629 -0.595699 -0.708366
v 0.364395 -0.634393 -0.681734
v 0.349282 -0.671559 -0.653461
v 0.333328 -0.707107 -0.623612
v 0.316571 -0.740951 -0.592262
v 0.299051 -0.773010 -0.559485
v 0.280811 -0.803208 -0.525360
v 0.261894 -0.831470 -0.489969
v 0.242346 -0.857729 -0.453398
v 0.222215 -0.881921 -0.415735
v 0.201548 -0.903989 -0.377070
v 0.180396 -0.923880 -0.337497
v 0.158809 -0.941544 -0.297110
v 0.136839 -0.956940 -0.256008
v 0.114540 -0.970031 -0.214289
v 0.091965 -0.980785 -0.172054
v 0.069168 -0.989177 -0.129405
v 0.046205 -0.995185 -0.086443
v 0.023130 -0.998795 -0.043274
v 0.027261 0.998795 -0.040798
v 0.054455 0.995185 -0.081498
v 0.081519 0.989177 -0.122002
v 0.108386 0.980785 -0.162212
v 0.134993 0.970031 -0.202031
v 0.161274 0.956940 -0.241363
v 0.187166 0.941544 -0.280114
v 0.212608 0.923880 -0.318190
v 0.237537 0.903989 -0.355499
v 0.261894 0.881921 -0.391952
v 0.285620 0.857729 -0.427461
v 0.308658 0.831470 -0.461940
v 0.330953 0.803208 -0.495306
v 0.352450 0.773010 -0.527479
v 0.373098 0.740951 -0.558381
v 0.392847 0.707107 -0.587938
v 0.411650 0.671559 -0.616078
v 0.429462 0.634393 -0.642735
v 0.446238 0.595699 -0.667843
v 0.461940 0.555570 -0.691342
v 0.476528 0.514103 -0.713175
v 0.489969 0.471397 -0.733291
v 0.502230 0.427555 -0.751640
v 0.513280 0.382683 -0.768178
v 0.523094 0.336890 -0.782865
v 0.531648 0.290285 -0.795667
v 0.538920 0.242980 -0.806551
v 0.544895 0.195090 -0.815493
v 0.549557 0.146730 -0.822470
v 0.552895 0.098017 -0.827466
v 0.554901 0.049068 -0.830468
v 0.555570 0.000000 -0.831470
v 0.554901 -0.049068 -0.830468
v 0.552895 -0.098017 -0.827466
v 0.549557 -0.146730 -0.822470
v 0.544895 -0.195090 -0.815493
v 0.538920 -0.242980 -0.806551
v 0.531648 -0.290285 -0.795667
v 0.523094 -0.336890 -0.782865
v 0.513280 -0.382683 -0.768178
v 0.502230 -0.427555 -0.751640
v 0.489969 -0.471397 -0.733291
v 0.476528 -0.514103 -0.713175
v 0.461940 -0.555570 -0.691342
v 0.446238 -0.595699 -0.667843
v 0.429462 -0.634393 -0.642735
v 0.411650 -0.671559 -0.616078
v 0.392847 -0.707107 -0.587938
v 0.373098 -0.740951 -0.558381
v 0.352450 -0.773010 -0.527479
v 0.330953 -0.803208 -0.495306
v 0.308658 -0.831470 -0.461940
v 0.285620 -0.857729 -0.427461
v 0.261894 -0.881921 -0.391952
v 0.237537 -0.903989 -0.355499
v 0.212608 -0.923880 -0.318190
v 0.187166 -0.941544 -0.280114
v 0.161274 -0.956940 -0.241363
v 0.134993 -0.970031 -0.202031
v 0.108386 -0.980785 -0.162212
v 0.081519 -0.989177 -0.122002
v 0.054455 -0.995185 -0.081498
v 0.027261 -0.998795 -0.040798
v 0.031128 0.998795 -0.037930
v 0.062181 0.995185 -0.075768
v 0.093085 0.989177 -0.113424
v 0.123764 0.980785 -0.150807
v 0.154145 0.970031 -0.187826
v 0.184155 0.956940 -0.224393
v 0.213721 0.941544 -0.260419
v 0.242772 0.923880 -0.295818
v 0.271238 0.903989 -0.330505
v 0.299051 0.881921 -0.364395
v 0.326143 0.857729 -0.397407
v 0.352450 0.831470 -0.429462
v 0.377908 0.803208 -0.460482
v 0.402455 0.773010 -0.490393
v 0.426032 0.740951 -0.519122
v 0.448584 0.707107 -0.546601
v 0.470054 0.671559 -0.572763
v 0.490393 0.634393 -0.597545
v 0.509549 0.595699 -0.620888
v 0.527479 0.555570 -0.642735
v 0.544137 0.514103 -0.663033
v 0.559485 0.471397 -0.681734
v 0.573485 0.427555 -0.698793
v 0.586103 0.382683 -0.714168
v 0.597309 0.336890 -0.727823
v 0.607077 0.290285 -0.739725
v 0.615381 0.242980 -0.749844
v 0.622204 0.195090 -0.758157
v 0.627527 0.146730 -0.764644
v 0.631338 0.098017 -0.769288
v 0.633629 0.049068 -0.772079
v 0.634393 0.000000 -0.773010
v 0.633629 -0.049068 -0.772079
v 0.631338 -0.098017 -0.769288
v 0.627527 -0.146730 -0.764644
v 0.622204 -0.195090 -0.758157
v 0.615381 -0.242980 -0.749844
v 0.607077 -0.290285 -0.739725
v 0.597309 -0.336890 -0.727823
v 0.586103 -0.382683 -0.714168
v 0.573485 -0.427555 -0.698793
v 0.559485 -0.471397 -0.681734
v 0.544137 -0.514103 -0.663033
v 0.527479 -0.555570 -0.642735
v 0.509549 -0.595699 -0.620888
v 0.490393 -0.634393 -0.597545
v 0.470054 -0.671559 -0.572763
v 0.448584 -0.707107 -0.546601
v 0.426032 -0.740951 -0.519122
v 0.402455 -0.773010 -0.490393
v 0.377908 -0.803208 -0.460482
v 0.352450 -0.831470 -0.429462
v 0.326143 -0.857729 -0.397407
v 0.299051 -0.881921 -0.364395
v 0.271238 -0.903989 -0.330505
v 0.242772 -0.923880 -0.295818
v 0.213721 -0.941544 -0.260419
v 0.184155 -0.956940 -0.224393
v 0.154145 -0.970031 -0.187826
v 0.123764 -0.980785 -0.150807
v 0.093085 -0.989177 -0.113424
v 0.062181 -0.995185 -0.075768
v 0.031128 -0.998795 -0.037930
v 0.034696 0.998795 -0.034696
v 0.069309 0.995185 -0.069309
v 0.103754 0.989177 -0.103754
v 0.137950 0.980785 -0.137950
v 0.171813 0.970031 -0.171813
v 0.205262 0.956940 -0.205262
v 0.238217 0.941544 -0.238217
v 0.270598 0.923880 -0.270598
v 0.302327 0.903989 -0.302327
v 0.333328 0.881921 -0.333328
v 0.363526 0.857729 -0.363525
v 0.392848 0.831470 -0.392848
v 0.421223 0.803208 -0.421223
v 0.448584 0.773010 -0.448584
v 0.474864 0.740951 -0.474864
v 0.500000 0.707107 -0.500000
v 0.523932 0.671559 -0.523932
v 0.546601 0.634393 -0.546601
v 0.567953 0.595699 -0.567953
v 0.587938 0.555570 -0.587938
v 0.606506 0.514103 -0.606506
v 0.623612 0.471397 -0.623612
v 0.639217 0.427555 -0.639217
v 0.653281 0.382683 -0.653281
v 0.665772 0.336890 -0.665772
v 0.676659 0.290285 -0.676659
v 0.685916 0.242980 -0.685916
v 0.693520 0.195090 -0.693520
v 0.699453 0.146730 -0.699453
v 0.703702 0.098017 -0.703702
v 0.706255 0.049068 -0.706255
v 0.707107 0.000000 -0.707107
v 0.706255 -0.049068 -0.706255
v 0.703702 -0.098017 -0.703702
v 0.699453 -0.146730 -0.699453
v 0.693520 -0.195090 -0.693520
v 0.685916 -0.242980 -0.685916
v 0.676659 -0.290285 -0.676659
v 0.665772 -0.336890 -0.665772
v 0.653281 -0.382683 -0.653281
v 0.639217 -0.427555 -0.639217
v 0.623612 -0.471397 -0.623612
v 0.606506 -0.514103 -0.606506
v 0.587938 -0.555570 -0.587938
v 0.567953 -0.595699 -0.567953
v 0.546601 -0.634393 -0.546601
v 0.523932 -0.671559 -0.523932
v 0.500000 -0.707107 -0.500000
v 0.474864 -0.740951 -0.474864
v 0.448584 -0.773010 -0.448584
v 0.421223 -0.803208 -0.421223
v 0.392848 -0.831470 -0.392848
v 0.363526 -0.857729 -0.363525
v 0.333328 -0.881921 -0.333328
v 0.302327 -0.903989 -0.302327
v 0.270598 -0.923880 -0.270598
v 0.238217 -0.941544 -0.238217
v 0.205262 -0.956940 -0.205262
v 0.171813 -0.970031 -0.171813
v 0.137950 -0.980785 -0.137950
v 0.103754 -0.989177 -0.103754
v 0.069309 -0.995185 -0.069309
v 0.034696 -0.998795 -0.034696
v 0.037930 0.998795 -0.031128
v 0.075768 0.995185 -0.062181
v 0.113424 0.989177 -0.093085
v 0.150807 0.980785 -0.123764
v 0.187826 0.970031 -0.154145
v 0.224393 0.956940 -0.184155
v 0.260419 0.941544 -0.213721
v 0.295818 0.923880 -0.242772
v 0.330505 0.903989 -0.271238
v 0.364395 0.881921 -0.299051
v 0.397407 0.857729 -0.326143
v 0.429462 0.831470 -0.352450
v 0.460482 0.803208 -0.377908
v 0.490393 0.773010 -0.402455
v 0.519122 0.740951 -0.426033
v 0.546601 0.707107 -0.448584
v 0.572763 0.671559 -0.470054
v 0.597545 0.634393 -0.490393
v 0.620888 0.595699 -0.509549
v 0.642735 0.555570 -0.527479
v 0.663033 0.514103 -0.544137
v 0.681734 0.471397 -0.559485
v 0.698793 0.427555 -0.573485
v 0.714168 0.382683 -0.586103
v 0.727823 0.336890 -0.597309
v 0.739725 0.290285 -0.607077
v 0.749844 0.242980 -0.615381
v 0.758157 0.195090 -0.622203
v 0.764644 0.146730 -0.627527
v 0.769288 0.098017 -0.631338
v 0.772079 0.049068 -0.633629
v 0.773010 0.000000 -0.634393
v 0.772079 -0.049068 -0.633629
v 0.769288 -0.098017 -0.631338
v 0.764644 -0.146730 -0.627527
v 0.758157 -0.195090 -0.622203
v 0.749844 -0.242980 -0.615381
v 0.739725 -0.290285 -0.607077
v 0.727823 -0.336890 -0.597309
v 0.714168 -0.382683 -0.586103
v 0.698793 -0.427555 -0.573485
v 0.681734 -0.471397 -0.559485
v 0.663033 -0.514103 -0.544137
v 0.642735 -0.555570 -0.527479
v 0.620888 -0.595699 -0.509549
v 0.597545 -0.634393 -0.490393
v 0.572763 -0.671559 -0.470054
v 0.546601 -0.707107 -0.448584
v 0.519122 -0.740951 -0.426033
v 0.490393 -0.773010 -0.402455
v 0.460482 -0.803208 -0.377908
v 0.429462 -0.831470 -0.352450
v 0.397407 -0.857729 -0.326143
v 0.364395 -0.881921 -0.299051
v 0.330505 -0.903989 -0.271238
v 0.295818 -0.923880 -0.242772
v 0.260419 -0.941544 -0.213721
v 0.224393 -0.956940 -0.184155
v 0.187826 -0.970031 -0.154145
v 0.150807 -0.980785 -0.123764
v 0.113424 -0.989177 -0.093085
v 0.075768 -0.995185 -0.062181
v 0.037930 -0.998795 -0.031128
v 0.040798 0.998795 -0.027261
v 0.081498 0.995185 -0.054455
v 0.122002 0.989177 -0.081519
v 0.162212 0.980785 -0.108386
v 0.202031 0.970031 -0.134993
v 0.241363 0.956940 -0.161274
v 0.280114 0.941544 -0.187166
v 0.318190 0.923880 -0.212607
v 0.355499 0.903989 -0.237537
v 0.391952 0.881921 -0.261894
v 0.427461 0.857729 -0.285620
v 0.461940 0.831470 -0.308658
v 0.495306 0.803208 -0.330953
v 0.527479 0.773010 -0.352450
v 0.558381 0.740951 -0.373098
v 0.587938 0.707107 -0.392847
v 0.616078 0.671559 -0.411650
v 0.642735 0.634393 -0.429462
v 0.667843 0.595699 -0.446238
v 0.691342 0.555570 -0.461940
v 0.713175 0.514103 -0.476528
v 0.733291 0.471397 -0.489969
v 0.751640 0.427555 -0.502230
v 0.768178 0.382683 -0.513280
v 0.782865 0.336890 -0.523094
v 0.795667 0.290285 -0.531648
v 0.806551 0.242980 -0.538920
v 0.815493 0.195090 -0.544895
v 0.822470 0.146730 -0.549557
v 0.827466 0.098017 -0.552895
v 0.830468 0.049068 -0.554901
v 0.831470 0.000000 -0.555570
v 0.830468 -0.049068 -0.554901
v 0.827466 -0.098017 -0.552895
v 0.822470 -0.146730 -0.549557
v 0.815493 -0.195090 -0.544895
v 0.806551 -0.242980 -0.538920
v 0.795667 -0.290285 -0.531648
v 0.782865 -0.336890 -0.523094
v 0.768178 -0.382683 -0.513280
v 0.751640 -0.427555 -0.502230
v 0.733291 -0.471397 -0.489969
v 0.713175 -0.514103 -0.476528
v 0.691342 -0.555570 -0.461940
v 0.667843 -0.595699 -0.446238
v 0.642735 -0.634393 -0.429462
v 0.616078 -0.671559 -0.411650
v 0.587938 -0.707107 -0.392847
v 0.558381 -0.740951 -0.373098
v 0.527479 -0.773010 -0.352450
v 0.495306 -0.803208 -0.330953
v 0.461940 -0.831470 -0.308658
v 0.427461 -0.857729 -0.285620
v 0.391952 -0.881921 -0.261894
v 0.355499 -0.903989 -0.237537
v 0.318190 -0.923880 -0.212607
v 0.280114 -0.941544 -0.187166
v 0.241363 -0.956940 -0.161274
v 0.202031 -0.970031 -0.134993
v 0.162212 -0.980785 -0.108386
v 0.122002 -0.989177 -0.081519
v 0.081498 -0.995185 -0.054455
v 0.040798 -0.998795 -0.027261
v 0.043274 0.998795 -0.023130
v 0.086443 0.995185 -0.046205
v 0.129405 0.989177 -0.069168
v 0.172054 0.980785 -0.091965
v 0.214289 0.970031 -0.114540
v 0.256008 0.956940 -0.136839
v 0.297110 0.941544 -0.158809
v 0.337497 0.923880 -0.180396
v 0.377070 0.903989 -0.201548
v 0.415735 0.881921 -0.222215
v 0.453398 0.857729 -0.242346
v 0.489969 0.831470 -0.261894
v 0.525360 0.803208 -0.280811
v 0.559485 0.773010 -0.299051
v 0.592262 0.740951 -0.316571
v 0.623613 0.707107 -0.333328
v 0.653461 0.671559 -0.349282
v 0.681734 0.634393 -0.364395
v 0.708366 0.595699 -0.378629
v 0.733291 0.555570 -0.391952
v 0.756449 0.514103 -0.404330
v 0.777785 0.471397 -0.415735
v 0.797247 0.427555 -0.426138
v 0.814789 0.382683 -0.435514
v 0.830368 0.336890 -0.443841
v 0.843946 0.290285 -0.451099
v 0.855491 0.242980 -0.457269
v 0.864975 0.195090 -0.462339
v 0.872376 0.146730 -0.466294
v 0.877675 0.098017 -0.469127
v 0.880859 0.049068 -0.470829
v 0.881921 0.000000 -0.471397
v 0.880859 -0.049068 -0.470829
v 0.877675 -0.098017 -0.469127
v 0.872376 -0.146730 -0.466294
v 0.864975 -0.195090 -0.462339
v 0.855491 -0.242980 -0.457269
v 0.843946 -0.290285 -0.451099
v 0.830368 -0.336890 -0.443841
v 0.814789 -0.382683 -0.435514
v 0.797247 -0.427555 -0.426138
v 0.777785 -0.471397 -0.415735
v 0.756449 -0.514103 -0.404330
v 0.733291 -0.555570 -0.391952
v 0.708366 -0.595699 -0.378629
v 0.681734 -0.634393 -0.364395
v 0.653461 -0.671559 -0.349282
v 0.623613 -0.707107 -0.333328
v 0.592262 -0.740951 -0.316571
v 0.559485 -0.773010 -0.299051
v 0.525360 -0.803208 -0.280811
v 0.489969 -0.831470 -0.261894
v 0.453398 -0.857729 -0.242346
v 0.415735 -0.881921 -0.222215
v 0.377070 -0.903989 -0.201548
v 0.337497 -0.923880 -0.180396
v 0.297110 -0.941544 -0.158809
v 0.256008 -0.956940 -0.136839
v 0.214289 -0.970031 -0.114540
v 0.172054 -0.980785 -0.091965
v 0.129405 -0.989177 -0.069168
v 0.086443 -0.995185 -0.046205
v 0.043274 -0.998795 -0.023130
v 0.045333 0.998795 -0.018777
v 0.090556 0.995185 -0.037510
v 0.135561 0.989177 -0.056151
v 0.180240 0.980785 -0.074658
v 0.224484 0.970031 -0.092984
v 0.268188 0.956940 -0.111087
v 0.311246 0.941544 -0.128922
v 0.353553 0.923880 -0.146447
v 0.395009 0.903989 -0.163618
v 0.435514 0.881921 -0.180396
v 0.474969 0.857729 -0.196739
v 0.513280 0.831470 -0.212608
v 0.550354 0.803208 -0.227964
v 0.586103 0.773010 -0.242772
v 0.620440 0.740951 -0.256995
v 0.653281 0.707107 -0.270598
v 0.684550 0.671559 -0.283550
v 0.714168 0.634393 -0.295818
v 0.742067 0.595699 -0.307374
v 0.768178 0.555570 -0.318190
v 0.792438 0.514103 -0.328238
v 0.814789 0.471397 -0.337497
v 0.835177 0.427555 -0.345942
v 0.853553 0.382683 -0.353553
v 0.869873 0.336890 -0.360313
v 0.884098 0.290285 -0.366205
v 0.896192 0.242980 -0.371215
v 0.906127 0.195090 -0.375330
v 0.913880 0.146730 -0.378541
v 0.919431 0.098017 -0.380841
v 0.922767 0.049068 -0.382222
v 0.923879 0.000000 -0.382683
v 0.922767 -0.049068 -0.382222
v 0.919431 -0.098017 -0.380841
v 0.913880 -0.146730 -0.378541
v 0.906127 -0.195090 -0.375330
v 0.896192 -0.242980 -0.371215
v 0.884098 -0.290285 -0.366205
v 0.869873 -0.336890 -0.360313
v 0.853553 -0.382683 -0.353553
v 0.835177 -0.427555 -0.345942
v 0.814789 -0.471397 -0.337497
v 0.792438 -0.514103 -0.328238
v 0.768178 -0.555570 -0.318190
v 0.742067 -0.595699 -0.307374
v 0.714168 -0.634393 -0.295818
v 0.684550 -0.671559 -0.283550
v 0.653281 -0.707107 -0.270598
v 0.620440 -0.740951 -0.256995
v 0.586103 -0.773010 -0.242772
v 0.550354 -0.803208 -0.227964
v 0.513280 -0.831470 -0.212608
v 0.474969 -0.857729 -0.196739
v 0.435514 -0.881921 -0.180396
v 0.395009 -0.903989 -0.163618
v 0.353553 -0.923880 -0.146447
v 0.311246 -0.941544 -0.128922
v 0.268188 -0.956940 -0.111087
v 0.224484 -0.970031 -0.092984
v 0.180240 -0.980785 -0.074658
v 0.135561 -0.989177 -0.056151
v 0.090556 -0.995185 -0.037510
v 0.045333 -0.998795 -0.018777
v 0.046955 0.998795 -0.014244
v 0.093797 0.995185 -0.028453
v 0.140412 0.989177 -0.042594
v 0.186690 0.980785 -0.056632
v 0.232517 0.970031 -0.070533
v 0.277785 0.956940 -0.084265
v 0.322383 0.941544 -0.097794
v 0.366205 0.923880 -0.111087
v 0.409145 0.903989 -0.124113
v 0.451099 0.881921 -0.136839
v 0.491966 0.857729 -0.149236
v 0.531648 0.831470 -0.161274
v 0.570049 0.803208 -0.172922
v 0.607076 0.773010 -0.184155
v 0.642642 0.740951 -0.194943
v 0.676659 0.707107 -0.205262
v 0.709046 0.671559 -0.215087
v 0.739725 0.634393 -0.224393
v 0.768622 0.595699 -0.233159
v 0.795667 0.555570 -0.241363
v 0.820795 0.514103 -0.248985
v 0.843946 0.471397 -0.256008
v 0.865064 0.427555 -0.262414
v 0.884098 0.382683 -0.268188
v 0.901001 0.336890 -0.273316
v 0.915735 0.290285 -0.277785
v 0.928262 0.242980 -0.281585
v 0.938553 0.195090 -0.284707
v 0.946583 0.146730 -0.287143
v 0.952332 0.098017 -0.288887
v 0.955788 0.049068 -0.289935
v 0.956940 0.000000 -0.290285
v 0.955788 -0.049068 -0.289935
v 0.952332 -0.098017 -0.288887
v 0.946583 -0.146730 -0.287143
v 0.938553 -0.195090 -0.284707
v 0.928262 -0.242980 -0.281585
v 0.915735 -0.290285 -0.277785
v 0.901001 -0.336890 -0.273316
v 0.884098 -0.382683 -0.268188
v 0.865064 -0.427555 -0.262414
v 0.843946 -0.471397 -0.256008
v 0.820795 -0.514103 -0.248985
v 0.795667 -0.555570 -0.241363
v 0.768622 -0.595699 -0.233159
v 0.739725 -0.634393 -0.224393
v 0.709046 -0.671559 -0.215087
v 0.676659 -0.707107 -0.205262
v 0.642642 -0.740951 -0.194943
v 0.607076 -0.773010 -0.184155
v 0.570049 -0.803208 -0.172922
v 0.531648 -0.831470 -0.161274
v 0.491966 -0.857729 -0.149236
v 0.451099 -0.881921 -0.136839
v 0.409145 -0.903989 -0.124113
v 0.366205 -0.923880 -0.111087
v 0.322383 -0.941544 -0.097794
v 0.277785 -0.956940 -0.084265
v 0.232517 -0.970031 -0.070533
v 0.186690 -0.980785 -0.056632
v 0.140412 -0.989177 -0.042594
v 0.093797 -0.995185 -0.028453
v 0.046955 -0.998795 -0.014244
v 0.048125 0.998795 -0.009573
v 0.096134 0.995185 -0.019122
v 0.143911 0.989177 -0.028626
v 0.191342 0.980785 -0.038060
v 0.238311 0.970031 -0.047403
v 0.284707 0.956940 -0.056632
v 0.330417 0.941544 -0.065724
v 0.375330 0.923880 -0.074658
v 0.419340 0.903989 -0.083412
v 0.462339 0.881921 -0.091965
v 0.504224 0.857729 -0.100296
v 0.544895 0.831470 -0.108386
v 0.584253 0.803208 -0.116215
v 0.622204 0.773010 -0.123764
v 0.658655 0.740951 -0.131015
v 0.693520 0.707107 -0.137950
v 0.726714 0.671559 -0.144552
v 0.758157 0.634393 -0.150807
v 0.787774 0.595699 -0.156698
v 0.815493 0.555570 -0.162212
v 0.841247 0.514103 -0.167334
v 0.864975 0.471397 -0.172054
v 0.886619 0.427555 -0.176360
v 0.906127 0.382683 -0.180240
v 0.923452 0.336890 -0.183686
v 0.938553 0.290285 -0.186690
v 0.951392 0.242980 -0.189244
v 0.961940 0.195090 -0.191342
v 0.970169 0.146730 -0.192979
v 0.976063 0.098017 -0.194151
v 0.979604 0.049068 -0.194855
v 0.980785 0.000000 -0.195090
v 0.979604 -0.049068 -0.194855
v 0.976063 -0.098017 -0.194151
v 0.970169 -0.146730 -0.192979
v 0.961940 -0.195090 -0.191342
v 0.951392 -0.242980 -0.189244
v 0.938553 -0.290285 -0.186690
v 0.923452 -0.336890 -0.183686
v 0.906127 -0.382683 -0.180240
v 0.886619 -0.427555 -0.176360
v 0.864975 -0.471397 -0.172054
v 0.841247 -0.514103 -0.167334
v 0.815493 -0.555570 -0.162212
v 0.787774 -0.595699 -0.156698
v 0.758157 -0.634393 -0.150807
v 0.726714 -0.671559 -0.144552
v 0.693520 -0.707107 -0.137950
v 0.658655 -0.740951 -0.131015
v 0.622204 -0.773010 -0.123764
v 0.584253 -0.803208 -0.116215
v 0.544895 -0.831470 -0.108386
v 0.504224 -0.857729 -0.100296
v 0.462339 -0.881921 -0.091965
v 0.419340 -0.903989 -0.083412
v 0.375330 -0.923880 -0.074658
v 0.330417 -0.941544 -0.065724
v 0.284707 -0.956940 -0.056632
v 0.238311 -0.970031 -0.047403
v 0.191342 -0.980785 -0.038060
v 0.143911 -0.989177 -0.028626
v 0.096134 -0.995185 -0.019122
v 0.048125 -0.998795 -0.009573
v 0.048831 0.998795 -0.004809
v 0.097545 0.995185 -0.009607
v 0.146024 0.989177 -0.014382
v 0.194151 0.980785 -0.019122
v 0.241810 0.970031 -0.023816
v 0.288887 0.956940 -0.028453
v 0.335268 0.941544 -0.033021
v 0.380841 0.923880 -0.037510
v 0.425496 0.903989 -0.041908
v 0.469127 0.881921 -0.046205
v 0.511627 0.857729 -0.050391
v 0.552895 0.831470 -0.054455
v 0.592831 0.803208 -0.058389
v 0.631338 0.773010 -0.062181
v 0.668325 0.740951 -0.065824
v 0.703702 0.707107 -0.069308
v 0.737383 0.671559 -0.072626
v 0.769288 0.634393 -0.075768
v 0.799340 0.595699 -0.078728
v 0.827466 0.555570 -0.081498
v 0.853598 0.514103 -0.084072
v 0.877674 0.471397 -0.086443
v 0.899636 0.427555 -0.088606
v 0.919431 0.382683 -0.090556
v 0.937010 0.336890 -0.092287
v 0.952332 0.290285 -0.093797
v 0.965360 0.242980 -0.095080
v 0.976062 0.195090 -0.096134
v 0.984413 0.146730 -0.096956
v 0.990393 0.098017 -0.097545
v 0.993986 0.049068 -0.097899
v 0.995185 0.000000 -0.098017
v 0.993986 -0.049068 -0.097899
v 0.990393 -0.098017 -0.097545
v 0.984413 -0.146730 -0.096956
v 0.976062 -0.195090 -0.096134
v 0.965360 -0.242980 -0.095080
v 0.952332 -0.290285 -0.093797
v 0.937010 -0.336890 -0.092287
v 0.919431 -0.382683 -0.090556
v 0.899636 -0.427555 -0.088606
v 0.877674 -0.471397 -0.086443
v 0.853598 -0.514103 -0.084072
v 0.827466 -0.555570 -0.081498
v 0.799340 -0.595699 -0.078728
v 0.769288 -0.634393 -0.075768
v 0.737383 -0.671559 -0.072626
v 0.703702 -0.707107 -0.069308
v 0.668325 -0.740951 -0.065824
v 0.631338 -0.773010 -0.062181
v 0.592831 -0.803208 -0.058389
v 0.552895 -0.831470 -0.054455
v 0.511627 -0.857729 -0.050391
v 0.469127 -0.881921 -0.046205
v 0.425496 -0.903989 -0.041908
v 0.380841 -0.923880 -0.037510
v 0.335268 -0.941544 -0.033021
v 0.288887 -0.956940 -0.028453
v 0.241810 -0.970031 -0.023816
v 0.194151 -0.980785 -0.019122
v 0.146024 -0.989177 -0.014382
v 0.097545 -0.995185 -0.009607
v 0.048831 -0.998795 -0.004809
v 0.049068 0.998795 0.000000
v 0.098017 0.995185 0.000000
v 0.146730 0.989177 -0.000000
v 0.195090 0.980785 -0.000000
v 0.242980 0.970031 0.000000
v 0.290285 0.956940 0.000000
v 0.336890 0.941544 0.000000
v 0.382683 0.923880 0.000000
v 0.427555 0.903989 -0.000000
v 0.471397 0.881921 0.000000
v 0.514103 0.857729 0.000000
v 0.555570 0.831470 -0.000000
v 0.595699 0.803208 0.000000
v 0.634393 0.773010 -0.000000
v 0.671559 0.740951 -0.000000
v 0.707107 0.707107 0.000000
v 0.740951 0.671559 0.000000
v 0.773010 0.634393 -0.000000
v 0.803207 0.595699 0.000000
v 0.831470 0.555570 -0.000000
v 0.857728 0.514103 0.000000
v 0.881921 0.471397 0.000000
v 0.903989 0.427555 0.000000
v 0.923879 0.382683 0.000000
v 0.941544 0.336890 -0.000000
v 0.956940 0.290285 -0.000000
v 0.970031 0.242980 0.000000
v 0.980785 0.195090 0.000000
v 0.989176 0.146730 0.000000
v 0.995185 0.098017 0.000000
v 0.998795 0.049068 0.000000
v 1.000000 0.000000 0.000000
v 0.998795 -0.049068 0.000000
v 0.995185 -0.098017 0.000000
v 0.989176 -0.146730 0.000000
v 0.980785 -0.195090 0.000000
v 0.970031 -0.242980 0.000000
v 0.956940 -0.290285 -0.000000
v 0.941544 -0.336890 -0.000000
v 0.923879 -0.382683 0.000000
v 0.903989 -0.427555 0.000000
v 0.881921 -0.471397 0.000000
v 0.857728 -0.514103 0.000000
v 0.831470 -0.555570 -0.000000
v 0.803207 -0.595699 0.000000
v 0.773010 -0.634393 -0.000000
v 0.740951 -0.671559 0.000000
v 0.707107 -0.707107 0.000000
v 0.671559 -0.740951 -0.000000
v 0.634393 -0.773010 -0.000000
v 0.595699 -0.803208 0.000000
v 0.555570 -0.831470 -0.000000
v 0.514103 -0.857729 0.000000
v 0.471397 -0.881921 0.000000
v 0.427555 -0.903989 -0.000000
v 0.382683 -0.923880 0.000000
v 0.336890 -0.941544 0.000000
v 0.290285 -0.956940 0.000000
v 0.242980 -0.970031 0.000000
v 0.195090 -0.980785 -0.000000
v 0.146730 -0.989177 -0.000000
v 0.098017 -0.995185 0.000000
v 0.049068 -0.998795 0.000000
v 0.048831 0.998795 0.004809
v 0.097545 0.995185 0.009607
v 0.146024 0.989177 0.014382
v 0.194151 0.980785 0.019122
v 0.241810 0.970031 0.023816
v 0.288887 0.956940 0.028453
v 0.335268 0.941544 0.033021
v 0.380841 0.923880 0.037510
v 0.425496 0.903989 0.041908
v 0.469127 0.881921 0.046205
v 0.511627 0.857729 0.050391
v 0.552895 0.831470 0.054455
v 0.592831 0.803208 0.058389
v 0.631338 0.773010 0.062181
v 0.668325 0.740951 0.065824
v 0.703702 0.707107 0.069309
v 0.737383 0.671559 0.072626
v 0.769288 0.634393 0.075768
v 0.799340 0.595699 0.078728
v 0.827466 0.555570 0.081498
v 0.853598 0.514103 0.084072
v 0.877674 0.471397 0.086443
v 0.899636 0.427555 0.088606
v 0.919431 0.382683 0.090556
v 0.937010 0.336890 0.092287
v 0.952332 0.290285 0.093797
v 0.965360 0.242980 0.095080
v 0.976062 0.195090 0.096134
v 0.984413 0.146730 0.096956
v 0.990393 0.098017 0.097545
v 0.993986 0.049068 0.097899
v 0.995185 0.000000 0.098017
v 0.993986 -0.049068 0.097899
v 0.990393 -0.098017 0.097545
v 0.984413 -0.146730 0.096956
v 0.976062 -0.195090 0.096134
v 0.965360 -0.242980 0.095080
v 0.952332 -0.290285 0.093797
v 0.937010 -0.336890 0.092287
v 0.919431 -0.382683 0.090556
v 0.899636 -0.427555 0.088606
v 0.877674 -0.471397 0.086443
v 0.853598 -0.514103 0.084072
v 0.827466 -0.555570 0.081498
v 0.799340 -0.595699 0.078728
v 0.769288 -0.634393 0.075768
v 0.737383 -0.671559 0.072626
v 0.703702 -0.707107 0.069309
v 0.668325 -0.740951 0.065824
v 0.631338 -0.773010 0.062181
v 0.592831 -0.803208 0.058389
v 0.552895 -0.831470 0.054455
v 0.511627 -0.857729 0.050391
v 0.469127 -0.881921 0.046205
v 0.425496 -0.903989 0.041908
v 0.380841 -0.923880 0.037510
v 0.335268 -0.941544 0.033021
v 0.288887 -0.956940 0.028453
v 0.241810 -0.970031 0.023816
v 0.194151 -0.980785 0.019122
v 0.146024 -0.989177 0.014382
v 0.097545 -0.995185 0.009607
v 0.048831 -0.998795 0.004809
v 0.048125 0.998795 0.009573
v 0.096134 0.995185 0.019122
v 0.143911 0.989177 0.028626
v 0.191342 0.980785 0.038060
v 0.238311 0.970031 0.047403
v 0.284707 0.956940 0.056632
v 0.330417 0.941544 0.065724
v 0.375330 0.923880 0.074658
v 0.419340 0.903989 0.083412
v 0.462339 0.881921 0.091965
v 0.504224 0.857729 0.100296
v 0.544895 0.831470 0.108386
v 0.584253 0.803208 0.116215
v 0.622204 0.773010 0.123764
v 0.658655 0.740951 0.131015
v 0.693520 0.707107 0.137950
v 0.726714 0.671559 0.144552
v 0.758157 0.634393 0.150807
v 0.787774 0.595699 0.156698
v 0.815493 0.555570 0.162212
v 0.841247 0.514103 0.167335
v 0.864975 0.471397 0.172054
v 0.886619 0.427555 0.176360
v 0.906127 0.382683 0.180240
v 0.923452 0.336890 0.183686
v 0.938553 0.290285 0.186690
v 0.951392 0.242980 0.189244
v 0.961940 0.195090 0.191342
v 0.970169 0.146730 0.192979
v 0.976062 0.098017 0.194151
v 0.979604 0.049068 0.194855
v 0.980785 0.000000 0.195090
v 0.979604 -0.049068 0.194855
v 0.976062 -0.098017 0.194151
v 0.970169 -0.146730 0.192979
v 0.961940 -0.195090 0.191342
v 0.951392 -0.242980 0.189244
v 0.938553 -0.290285 0.186690
v 0.923452 -0.336890 0.183686
v 0.906127 -0.382683 0.180240
v 0.886619 -0.427555 0.176360
v 0.864975 -0.471397 0.172054
v 0.841247 -0.514103 0.167335
v 0.815493 -0.555570 0.162212
v 0.787774 -0.595699 0.156698
v 0.758157 -0.634393 0.150807
v 0.726714 -0.671559 0.144552
v 0.693520 -0.707107 0.137950
v 0.658655 -0.740951 0.131015
v 0.622204 -0.773010 0.123764
v 0.584253 -0.803208 0.116215
v 0.544895 -0.831470 0.108386
v 0.504224 -0.857729 0.100296
v 0.462339 -0.881921 0.091965
v 0.419340 -0.903989 0.083412
v 0.375330 -0.923880 0.074658
v 0.330417 -0.941544 0.065724
v 0.284707 -0.956940 0.056632
v 0.238311 -0.970031 0.047403
v 0.191342 -0.980785 0.038060
v 0.143911 -0.989177 0.028626
v 0.096134 -0.995185 0.019122
v 0.048125 -0.998795 0.009573
v 0.046955 0.998795 0.014244
v 0.093797 0.995185 0.028453
v 0.140412 0.989177 0.042594
v 0.186690 0.980785 0.056632
v 0.232517 0.970031 0.070533
v 0.277785 0.956940 0.084265
v 0.322383 0.941544 0.097794
v 0.366205 0.923880 0.111087
v 0.409145 0.903989 0.124113
v 0.451098 0.881921 0.136839
v 0.491965 0.857729 0.149236
v 0.531648 0.831470 0.161274
v 0.570049 0.803208 0.172922
v 0.607076 0.773010 0.184155
v 0.642642 0.740951 0.194943
v 0.676659 0.707107 0.205262
v 0.709046 0.671559 0.215087
v 0.739725 0.634393 0.224393
v 0.768622 0.595699 0.233159
v 0.795667 0.555570 0.241363
v 0.820795 0.514103 0.248985
v 0.843946 0.471397 0.256008
v 0.865064 0.427555 0.262414
v 0.884097 0.382683 0.268188
v 0.901001 0.336890 0.273316
v 0.915735 0.290285 0.277785
v 0.928262 0.242980 0.281585
v 0.938553 0.195090 0.284707
v 0.946582 0.146730 0.287143
v 0.952332 0.098017 0.288887
v 0.955788 0.049068 0.289935
v 0.956940 0.000000 0.290285
v 0.955788 -0.049068 0.289935
v 0.952332 -0.098017 0.288887
v 0.946582 -0.146730 0.287143
v 0.938553 -0.195090 0.284707
v 0.928262 -0.242980 0.281585
v 0.915735 -0.290285 0.277785
v 0.901001 -0.336890 0.273316
v 0.884097 -0.382683 0.268188
v 0.865064 -0.427555 0.262414
v 0.843946 -0.471397 0.256008
v 0.820795 -0.514103 0.248985
v 0.795667 -0.555570 0.241363
v 0.768622 -0.595699 0.233159
v 0.739725 -0.634393 0.224393
v 0.709046 -0.671559 0.215087
v 0.676659 -0.707107 0.205262
v 0.642642 -0.740951 0.194943
v 0.607076 -0.773010 0.184155
v 0.570049 -0.803208 0.172922
v 0.531648 -0.831470 0.161274
v 0.491965 -0.857729 0.149236
v 0.451098 -0.881921 0.136839
v 0.409145 -0.903989 0.124113
v 0.366205 -0.923880 0.111087
v 0.322383 -0.941544 0.097794
v 0.277785 -0.956940 0.084265
v 0.232517 -0.970031 0.070533
v 0.186690 -0.980785 0.056632
v 0.140412 -0.989177 0.042594
v 0.093797 -0.995185 0.028453
v 0.046955 -0.998795 0.014244
v 0.045333 0.998795 0.018777
v 0.090556 0.995185 0.037510
v 0.135561 0.989177 0.056151
v 0.180240 0.980785 0.074658
v 0.224484 0.970031 0.092984
v 0.268188 0.956940 0.111087
v 0.311246 0.941544 0.128922
v 0.353553 0.923880 0.146447
v 0.395009 0.903989 0.163618
v 0.435514 0.881921 0.180396
v 0.474969 0.857729 0.196739
v 0.513280 0.831470 0.212608
v 0.550354 0.803208 0.227964
v 0.586103 0.773010 0.242772
v 0.620440 0.740951 0.256994
v 0.653281 0.707107 0.270598
v 0.684549 0.671559 0.283550
v 0.714169 0.634393 0.295818
v 0.742067 0.595699 0.307374
v 0.768178 0.555570 0.318190
v 0.792438 0.514103 0.328239
v 0.814789 0.471397 0.337497
v 0.835177 0.427555 0.345942
v 0.853553 0.382683 0.353553
v 0.869873 0.336890 0.360313
v 0.884098 0.290285 0.366205
v 0.896192 0.242980 0.371215
v 0.906127 0.195090 0.375330
v 0.913880 0.146730 0.378541
v 0.919431 0.098017 0.380841
v 0.922767 0.049068 0.382222
v 0.923879 0.000000 0.382683
v 0.922767 -0.049068 0.382222
v 0.919431 -0.098017 0.380841
v 0.913880 -0.146730 0.378541
v 0.906127 -0.195090 0.375330
v 0.896192 -0.242980 0.371215
v 0.884098 -0.290285 0.366205
v 0.869873 -0.336890 0.360313
v 0.853553 -0.382683 0.353553
v 0.835177 -0.427555 0.345942
v 0.814789 -0.471397 0.337497
v 0.792438 -0.514103 0.328239
v 0.768178 -0.555570 0.318190
v 0.742067 -0.595699 0.307374
v 0.714169 -0.634393 0.295818
v 0.684549 -0.671559 0.283550
v 0.653281 -0.707107 0.270598
v 0.620440 -0.740951 0.256994
v 0.586103 -0.773010 0.242772
v 0.550354 -0.803208 0.227964
v 0.513280 -0.831470 0.212608
v 0.474969 -0.857729 0.196739
v 0.435514 -0.881921 0.180396
v 0.395009 -0.903989 0.163618
v 0.353553 -0.923880 0.146447
v 0.311246 -0.941544 0.128922
v 0.268188 -0.956940 0.111087
v 0.224484 -0.970031 0.092984
v 0.180240 -0.980785 0.074658
v 0.135561 -0.989177 0.056151
v 0.090556 -0.995185 0.037510
v 0.045333 -0.998795 0.018777
v 0.043274 0.998795 0.023130
v 0.086443 0.995185 0.046205
v 0.129405 0.989177 0.069168
v 0.172054 0.980785 0.091965
v 0.214289 0.970031 0.114540
v 0.256008 0.956940 0.136839
v 0.297110 0.941544 0.158809
v 0.337497 0.923880 0.180396
v 0.377070 0.903989 0.201548
v 0.415735 0.881921 0.222215
v 0.453398 0.857729 0.242346
v 0.489969 0.831470 0.261894
v 0.525360 0.803208 0.280811
v 0.559485 0.773010 0.299051
v 0.592262 0.740951 0.316571
v 0.623612 0.707107 0.333328
v 0.653460 0.671559 0.349282
v 0.681734 0.634393 0.364395
v 0.708366 0.595699 0.378629
v 0.733291 0.555570 0.391952
v 0.756449 0.514103 0.404330
v 0.777785 0.471397 0.415735
v 0.797247 0.427555 0.426138
v 0.814789 0.382683 0.435514
v 0.830368 0.336890 0.443841
v 0.843946 0.290285 0.451099
v 0.855491 0.242980 0.457269
v 0.864975 0.195090 0.462339
v 0.872375 0.146730 0.466294
v 0.877674 0.098017 0.469127
v 0.880859 0.049068 0.470829
v 0.881921 0.000000 0.471397
v 0.880859 -0.049068 0.470829
v 0.877674 -0.098017 0.469127
v 0.872375 -0.146730 0.466294
v 0.864975 -0.195090 0.462339
v 0.855491 -0.242980 0.457269
v 0.843946 -0.290285 0.451099
v 0.830368 -0.336890 0.443841
v 0.814789 -0.382683 0.435514
v 0.797247 -0.427555 0.426138
v 0.777785 -0.471397 0.415735
v 0.756449 -0.514103 0.404330
v 0.733291 -0.555570 0.391952
v 0.708366 -0.595699 0.378629
v 0.681734 -0.634393 0.364395
v 0.653460 -0.671559 0.349282
v 0.623612 -0.707107 0.333328
v 0.592262 -0.740951 0.316571
v 0.559485 -0.773010 0.299051
v 0.525360 -0.803208 0.280811
v 0.489969 -0.831470 0.261894
v 0.453398 -0.857729 0.242346
v 0.415735 -0.881921 0.222215
v 0.377070 -0.903989 0.201548
v 0.337497 -0.923880 0.180396
v 0.297110 -0.941544 0.158809
v 0.256008 -0.956940 0.136839
v 0.214289 -0.970031 0.114540
v 0.172054 -0.980785 0.091965
v 0.129405 -0.989177 0.069168
v 0.086443 -0.995185 0.046205
v 0.043274 -0.998795 0.023130
v 0.040798 0.998795 0.027261
v 0.081498 0.995185 0.054455
v 0.122002 0.989177 0.081519
v 0.162212 0.980785 0.108386
v 0.202031 0.970031 0.134993
v 0.241363 0.956940 0.161274
v 0.280114 0.941544 0.187166
v 0.318190 0.923880 0.212607
v 0.355499 0.903989 0.237537
v 0.391952 0.881921 0.261894
v 0.427461 0.857729 0.285620
v 0.461940 0.831470 0.308658
v 0.495306 0.803208 0.330953
v 0.527479 0.773010 0.352450
v 0.558381 0.740951 0.373098
v 0.587938 0.707107 0.392848
v 0.616078 0.671559 0.411650
v 0.642735 0.634393 0.429462
v 0.667842 0.595699 0.446238
v 0.691342 0.555570 0.461940
v 0.713175 0.514103 0.476528
v 0.733290 0.471397 0.489969
v 0.751640 0.427555 0.502230
v 0.768178 0.382683 0.513280
v 0.782865 0.336890 0.523094
v 0.795667 0.290285 0.531648
v 0.806551 0.242980 0.538920
v 0.815493 0.195090 0.544895
v 0.822470 0.146730 0.549557
v 0.827466 0.098017 0.552895
v 0.830468 0.049068 0.554901
v 0.831469 0.000000 0.555570
v 0.830468 -0.049068 0.554901
v 0.827466 -0.098017 0.552895
v 0.822470 -0.146730 0.549557
v 0.815493 -0.195090 0.544895
v 0.806551 -0.242980 0.538920
v 0.795667 -0.290285 0.531648
v 0.782865 -0.336890 0.523094
v 0.768178 -0.382683 0.513280
v 0.751640 -0.427555 0.502230
v 0.733290 -0.471397 0.489969
v 0.713175 -0.514103 0.476528
v 0.691342 -0.555570 0.461940
v 0.667842 -0.595699 0.446238
v 0.642735 -0.634393 0.429462
v 0.616078 -0.671559 0.411650
v 0.587938 -0.707107 0.392848
v 0.558381 -0.740951 0.373098
v 0.527479 -0.773010 0.352450
v 0.495306 -0.803208 0.330953
v 0.461940 -0.831470 0.308658
v 0.427461 -0.857729 0.285620
v 0.391952 -0.881921 0.261894
v 0.355499 -0.903989 0.237537
v 0.318190 -0.923880 0.212607
v 0.280114 -0.941544 0.187166
v 0.241363 -0.956940 0.161274
v 0.202031 -0.970031 0.134993
v 0.162212 -0.980785 0.108386
v 0.122002 -0.989177 0.081519
v 0.081498 -0.995185 0.054455
v 0.040798 -0.998795 0.027261
v 0.037930 0.998795 0.031128
v 0.075768 0.995185 0.062181
v 0.113424 0.989177 0.093085
v 0.150807 0.980785 0.123764
v 0.187826 0.970031 0.154145
v 0.224393 0.956940 0.184155
v 0.260419 0.941544 0.213721
v 0.295818 0.923880 0.242772
v 0.330505 0.903989 0.271238
v 0.364394 0.881921 0.299051
v 0.397407 0.857729 0.326143
v 0.429462 0.831470 0.352450
v 0.460482 0.803208 0.377908
v 0.490393 0.773010 0.402455
v 0.519122 0.740951 0.426032
v 0.546601 0.707107 0.448584
v 0.572763 0.671559 0.470054
v 0.597545 0.634393 0.490393
v 0.620888 0.595699 0.509549
v 0.642735 0.555570 0.527479
v 0.663033 0.514103 0.544137
v 0.681734 0.471397 0.559485
v 0.698793 0.427555 0.573485
v 0.714168 0.382683 0.586103
v 0.727823 0.336890 0.597309
v 0.739725 0.290285 0.607076
v 0.749844 0.242980 0.615381
v 0.758157 0.195090 0.622204
v 0.764643 0.146730 0.627527
v 0.769288 0.098017 0.631338
v 0.772079 0.049068 0.633629
v 0.773010 0.000000 0.634393
v 0.772079 -0.049068 0.633629
v 0.769288 -0.098017 0.631338
v 0.764643 -0.146730 0.627527
v 0.758157 -0.195090 0.622204
v 0.749844 -0.242980 0.615381
v 0.739725 -0.290285 0.607076
v 0.727823 -0.336890 0.597309
v 0.714168 -0.382683 0.586103
v 0.698793 -0.427555 0.573485
v 0.681734 -0.471397 0.559485
v 0.663033 -0.514103 0.544137
v 0.642735 -0.555570 0.527479
v 0.620888 -0.595699 0.509549
v 0.597545 -0.634393 0.490393
v 0.572763 -0.671559 0.470054
v 0.546601 -0.707107 0.448584
v 0.519122 -0.740951 0.426032
v 0.490393 -0.773010 0.402455
v 0.460482 -0.803208 0.377908
v 0.429462 -0.831470 0.352450
v 0.397407 -0.857729 0.326143
v 0.364394 -0.881921 0.299051
v 0.330505 -0.903989 0.271238
v 0.295818 -0.923880 0.242772
v 0.260419 -0.941544 0.213721
v 0.224393 -0.956940 0.184155
v 0.187826 -0.970031 0.154145
v 0.150807 -0.980785 0.123764
v 0.113424 -0.989177 0.093085
v 0.075768 -0.995185 0.062181
v 0.037930 -0.998795 0.031128
v 0.034696 0.998795 0.034696
v 0.069309 0.995185 0.069309
v 0.103754 0.989177 0.103754
v 0.137950 0.980785 0.137950
v 0.171813 0.970031 0.171813
v 0.205262 0.956940 0.205262
v 0.238217 0.941544 0.238217
v 0.270598 0.923880 0.270598
v 0.302327 0.903989 0.302327
v 0.333328 0.881921 0.333328
v 0.363525 0.857729 0.363525
v 0.392848 0.831470 0.392848
v 0.421223 0.803208 0.421223
v 0.448584 0.773010 0.448584
v 0.474864 0.740951 0.474864
v 0.500000 0.707107 0.500000
v 0.523931 0.671559 0.523931
v 0.546601 0.634393 0.546601
v 0.567953 0.595699 0.567953
v 0.587938 0.555570 0.587938
v 0.606506 0.514103 0.606506
v 0.623612 0.471397 0.623612
v 0.639217 0.427555 0.639217
v 0.653281 0.382683 0.653281
v 0.665772 0.336890 0.665772
v 0.676659 0.290285 0.676659
v 0.685915 0.242980 0.685915
v 0.693520 0.195090 0.693520
v 0.699453 0.146730 0.699453
v 0.703702 0.098017 0.703702
v 0.706255 0.049068 0.706255
v 0.707107 0.000000 0.707107
v 0.706255 -0.049068 0.706255
v 0.703702 -0.098017 0.703702
v 0.699453 -0.146730 0.699453
v 0.693520 -0.195090 0.693520
v 0.685915 -0.242980 0.685915
v 0.676659 -0.290285 0.676659
v 0.665772 -0.336890 0.665772
v 0.653281 -0.382683 0.653281
v 0.639217 -0.427555 0.639217
v 0.623612 -0.471397 0.623612
v 0.606506 -0.514103 0.606506
v 0.587938 -0.555570 0.587938
v 0.567953 -0.595699 0.567953
v 0.546601 -0.634393 0.546601
v 0.523931 -0.671559 0.523931
v 0.500000 -0.707107 0.500000
v 0.474864 -0.740951 0.474864
v 0.448584 -0.773010 0.448584
v 0.421223 -0.803208 0.421223
v 0.392848 -0.831470 0.392848
v 0.363525 -0.857729 0.363525
v 0.333328 -0.881921 0.333328
v 0.302327 -0.903989 0.302327
v 0.270598 -0.923880 0.270598
v 0.238217 -0.941544 0.238217
v 0.205262 -0.956940 0.205262
v 0.171813 -0.970031 0.171813
v 0.137950 -0.980785 0.137950
v 0.103754 -0.989177 0.103754
v 0.069309 -0.995185 0.069309
v 0.034696 -0.998795 0.034696
v 0.031128 0.998795 0.037930
v 0.062181 0.995185 0.075768
v 0.093085 0.989177 0.113424
v 0.123764 0.980785 0.150807
v 0.154145 0.970031 0.187826
v 0.184155 0.956940 0.224393
v 0.213721 0.941544 0.260419
v 0.242772 0.923880 0.295818
v 0.271238 0.903989 0.330505
v 0.299051 0.881921 0.364395
v 0.326143 0.857729 0.397407
v 0.352450 0.831470 0.429462
v 0.377907 0.803208 0.460482
v 0.402455 0.773010 0.490393
v 0.426032 0.740951 0.519122
v 0.448584 0.707107 0.546601
v 0.470054 0.671559 0.572763
v 0.490393 0.634393 0.597545
v 0.509549 0.595699 0.620888
v 0.527479 0.555570 0.642735
v 0.544137 0.514103 0.663033
v 0.559485 0.471397 0.681734
v 0.573485 0.427555 0.698793
v 0.586103 0.382683 0.714168
v 0.597309 0.336890 0.727823
v 0.607076 0.290285 0.739725
v 0.615381 0.242980 0.749844
v 0.622203 0.195090 0.758157
v 0.627527 0.146730 0.764643
v 0.631338 0.098017 0.769288
v 0.633629 0.049068 0.772079
v 0.634393 0.000000 0.773010
v 0.633629 -0.049068 0.772079
v 0.631338 -0.098017 0.769288
v 0.627527 -0.146730 0.764643
v 0.622203 -0.195090 0.758157
v 0.615381 -0.242980 0.749844
v 0.607076 -0.290285 0.739725
v 0.597309 -0.336890 0.727823
v 0.586103 -0.382683 0.714168
v 0.573485 -0.427555 0.698793
v 0.559485 -0.471397 0.681734
v 0.544137 -0.514103 0.663033
v 0.527479 -0.555570 0.642735
v 0.509549 -0.595699 0.620888
v 0.490393 -0.634393 0.597545
v 0.470054 -0.671559 0.572763
v 0.448584 -0.707107 0.546601
v 0.426032 -0.740951 0.519122
v 0.402455 -0.773010 0.490393
v 0.377907 -0.803208 0.460482
v 0.352450 -0.831470 0.429462
v 0.326143 -0.857729 0.397407
v 0.299051 -0.881921 0.364395
v 0.271238 -0.903989 0.330505
v 0.242772 -0.923880 0.295818
v 0.213721 -0.941544 0.260419
v 0.184155 -0.956940 0.224393
v 0.154145 -0.970031 0.187826
v 0.123764 -0.980785 0.150807
v 0.093085 -0.989177 0.113424
v 0.062181 -0.995185 0.075768
v 0.031128 -0.998795 0.037930
v 0.027261 0.998795 0.040798
v 0.054455 0.995185 0.081498
v 0.081519 0.989177 0.122002
v 0.108386 0.980785 0.162212
v 0.134992 0.970031 0.202031
v 0.161274 0.956940 0.241363
v 0.187166 0.941544 0.280114
v 0.212607 0.923880 0.318190
v 0.237537 0.903989 0.355499
v 0.261894 0.881921 0.391952
v 0.285620 0.857729 0.427461
v 0.308658 0.831470 0.461940
v 0.330953 0.803208 0.495306
v 0.352450 0.773010 0.527479
v 0.373098 0.740951 0.558381
v 0.392847 0.707107 0.587938
v 0.411650 0.671559 0.616078
v 0.429462 0.634393 0.642735
v 0.446238 0.595699 0.667843
v 0.461940 0.555570 0.691342
v 0.476528 0.514103 0.713175
v 0.489969 0.471397 0.733291
v 0.502230 0.427555 0.751640
v 0.513280 0.382683 0.768178
v 0.523094 0.336890 0.782865
v 0.531647 0.290285 0.795667
v 0.538920 0.242980 0.806551
v 0.544895 0.195090 0.815493
v 0.549557 0.146730 0.822470
v 0.552895 0.098017 0.827466
v 0.554901 0.049068 0.830468
v 0.555570 0.000000 0.831470
v 0.554901 -0.049068 0.830468
v 0.552895 -0.098017 0.827466
v 0.549557 -0.146730 0.822470
v 0.544895 -0.195090 0.815493
v 0.538920 -0.242980 0.806551
v 0.531647 -0.290285 0.795667
v 0.523094 -0.336890 0.782865
v 0.513280 -0.382683 0.768178
v 0.502230 -0.427555 0.751640
v 0.489969 -0.471397 0.733291
v 0.476528 -0.514103 0.713175
v 0.461940 -0.555570 0.691342
v 0.446238 -0.595699 0.667843
v 0.429462 -0.634393 0.642735
v 0.411650 -0.671559 0.616078
v 0.392847 -0.707107 0.587938
v 0.373098 -0.740951 0.558381
v 0.352450 -0.773010 0.527479
v 0.330953 -0.803208 0.495306
v 0.308658 -0.831470 0.461940
v 0.285620 -0.857729 0.427461
v 0.261894 -0.881921 0.391952
v 0.237537 -0.903989 0.355499
v 0.212607 -0.923880 0.318190
v 0.187166 -0.941544 0.280114
v 0.161274 -0.956940 0.241363
v 0.134992 -0.970031 0.202031
v 0.108386 -0.980785 0.162212
v 0.081519 -0.989177 0.122002
v 0.054455 -0.995185 0.081498
v 0.027261 -0.998795 0.040798
v 0.023130 0.998795 0.043274
v 0.046205 0.995185 0.086443
v 0.069168 0.989177 0.129405
v 0.091965 0.980785 0.172054
v 0.114540 0.970031 0.214289
v 0.136839 0.956940 0.256008
v 0.158809 0.941544 0.297110
v 0.180396 0.923880 0.337497
v 0.201548 0.903989 0.377070
v 0.222215 0.881921 0.415735
v 0.242346 0.857729 0.453398
v 0.261894 0.831470 0.489969
v 0.280811 0.803208 0.525360
v 0.299051 0.773010 0.559485
v 0.316571 0.740951 0.592262
v 0.333328 0.707107 0.623612
v 0.349282 0.671559 0.653460
v 0.364395 0.634393 0.681734
v 0.378629 0.595699 0.708366
v 0.391952 0.555570 0.733291
v 0.404330 0.514103 0.756449
v 0.415735 0.471397 0.777785
v 0.426138 0.427555 0.797247
v 0.435514 0.382683 0.814789
v 0.443841 0.336890 0.830367
v 0.451098 0.290285 0.843946
v 0.457269 0.242980 0.855491
v 0.462339 0.195090 0.864975
v 0.466294 0.146730 0.872375
v 0.469127 0.098017 0.877674
v 0.470829 0.049068 0.880859
v 0.471397 0.000000 0.881921
v 0.470829 -0.049068 0.880859
v 0.469127 -0.098017 0.877674
v 0.466294 -0.146730 0.872375
v 0.462339 -0.195090 0.864975
v 0.457269 -0.242980 0.855491
v 0.451098 -0.290285 0.843946
v 0.443841 -0.336890 0.830367
v 0.435514 -0.382683 0.814789
v 0.426138 -0.427555 0.797247
v 0.415735 -0.471397 0.777785
v 0.404330 -0.514103 0.756449
v 0.391952 -0.555570 0.733291
v 0.378629 -0.595699 0.708366
v 0.364395 -0.634393 0.681734
v 0.349282 -0.671559 0.653460
v 0.333328 -0.707107 0.623612
v 0.316571 -0.740951 0.592262
v 0.299051 -0.773010 0.559485
v 0.280811 -0.803208 0.525360
v 0.261894 -0.831470 0.489969
v 0.242346 -0.857729 0.453398
v 0.222215 -0.881921 0.415735
v 0.201548 -0.903989 0.377070
v 0.180396 -0.923880 0.337497
v 0.158809 -0.941544 0.297110
v 0.136839 -0.956940 0.256008
v 0.114540 -0.970031 0.214289
v 0.091965 -0.980785 0.172054
v 0.069168 -0.989177 0.129405
v 0.046205 -0.995185 0.086443
v 0.023130 -0.998795 0.043274
v 0.018777 0.998795 0.045333
v 0.037510 0.995185 0.090556
v 0.056151 0.989177 0.135561
v 0.074658 0.980785 0.180240
v 0.092984 0.970031 0.224484
v 0.111087 0.956940 0.268188
v 0.128922 0.941544 0.311246
v 0.146447 0.923880 0.353553
v 0.163618 0.903989 0.395009
v 0.180396 0.881921 0.435514
v 0.196738 0.857729 0.474969
v 0.212608 0.831470 0.513280
v 0.227964 0.803208 0.550354
v 0.242772 0.773010 0.586103
v 0.256994 0.740951 0.620439
v 0.270598 0.707107 0.653281
v 0.283550 0.671559 0.684549
v 0.295818 0.634393 0.714168
v 0.307374 0.595699 0.742067
v 0.318190 0.555570 0.768178
v 0.328238 0.514103 0.792438
v 0.337497 0.471397 0.814789
v 0.345942 0.427555 0.835177
v 0.353553 0.382683 0.853553
v 0.360313 0.336890 0.869873
v 0.366205 0.290285 0.884097
v 0.371215 0.242980 0.896192
v 0.375330 0.195090 0.906127
v 0.378541 0.146730 0.913879
v 0.380841 0.098017 0.919431
v 0.382222 0.049068 0.922767
v 0.382683 0.000000 0.923879
v 0.382222 -0.049068 0.922767
v 0.380841 -0.098017 0.919431
v 0.378541 -0.146730 0.913879
v 0.375330 -0.195090 0.906127
v 0.371215 -0.242980 0.896192
v 0.366205 -0.290285 0.884097
v 0.360313 -0.336890 0.869873
v 0.353553 -0.382683 0.853553
v 0.345942 -0.427555 0.835177
v 0.337497 -0.471397 0.814789
v 0.328238 -0.514103 0.792438
v 0.318190 -0.555570 0.768178
v 0.307374 -0.595699 0.742067
v 0.295818 -0.634393 0.714168
v 0.283550 -0.671559 0.684549
v 0.270598 -0.707107 0.653281
v 0.256994 -0.740951 0.620439
v 0.242772 -0.773010 0.586103
v 0.227964 -0.803208 0.550354
v 0.212608 -0.831470 0.513280
v 0.196738 -0.857729 0.474969
v 0.180396 -0.881921 0.435514
v 0.163618 -0.903989 0.395009
v 0.146447 -0.923880 0.353553
v 0.128922 -0.941544 0.311246
v 0.111087 -0.956940 0.268188
v 0.092984 -0.970031 0.224484
v 0.074658 -0.980785 0.180240
v 0.056151 -0.989177 0.135561
v 0.037510 -0.995185 0.090556
v 0.018777 -0.998795 0.045333
v 0.014244 0.998795 0.046955
v 0.028453 0.995185 0.093797
v 0.042594 0.989177 0.140412
v 0.056632 0.980785 0.186690
v 0.070533 0.970031 0.232517
v 0.084265 0.956940 0.277785
v 0.097794 0.941544 0.322383
v 0.111087 0.923880 0.366205
v 0.124113 0.903989 0.409145
v 0.136839 0.881921 0.451098
v 0.149236 0.857729 0.491965
v 0.161274 0.831470 0.531648
v 0.172922 0.803208 0.570049
v 0.184155 0.773010 0.607076
v 0.194943 0.740951 0.642642
v 0.205262 0.707107 0.676659
v 0.215087 0.671559 0.709046
v 0.224393 0.634393 0.739725
v 0.233159 0.595699 0.768622
v 0.241363 0.555570 0.795667
v 0.248985 0.514103 0.820795
v 0.256008 0.471397 0.843946
v 0.262414 0.427555 0.865064
v 0.268188 0.382683 0.884097
v 0.273316 0.336890 0.901001
v 0.277785 0.290285 0.915735
v 0.281585 0.242980 0.928262
v 0.284707 0.195090 0.938553
v 0.287143 0.146730 0.946582
v 0.288887 0.098017 0.952332
v 0.289935 0.049068 0.955787
v 0.290284 0.000000 0.956940
v 0.289935 -0.049068 0.955787
v 0.288887 -0.098017 0.952332
v 0.287143 -0.146730 0.946582
v 0.284707 -0.195090 0.938553
v 0.281585 -0.242980 0.928262
v 0.277785 -0.290285 0.915735
v 0.273316 -0.336890 0.901001
v 0.268188 -0.382683 0.884097
v 0.262414 -0.427555 0.865064
v 0.256008 -0.471397 0.843946
v 0.248985 -0.514103 0.820795
v 0.241363 -0.555570 0.795667
v 0.233159 -0.595699 0.768622
v 0.224393 -0.634393 0.739725
v 0.215087 -0.671559 0.709046
v 0.205262 -0.707107 0.676659
v 0.194943 -0.740951 0.642642
v 0.184155 -0.773010 0.607076
v 0.172922 -0.803208 0.570049
v 0.161274 -0.831470 0.531648
v 0.149236 -0.857729 0.491965
v 0.136839 -0.881921 0.451098
v 0.124113 -0.903989 0.409145
v 0.111087 -0.923880 0.366205
v 0.097794 -0.941544 0.322383
v 0.084265 -0.956940 0.277785
v 0.070533 -0.970031 0.232517
v 0.056632 -0.980785 0.186690
v 0.042594 -0.989177 0.140412
v 0.028453 -0.995185 0.093797
v 0.014244 -0.998795 0.046955
v 0.009573 0.998795 0.048125
v 0.019122 0.995185 0.096134
v 0.028626 0.989177 0.143911
v 0.038060 0.980785 0.191342
v 0.047403 0.970031 0.238311
v 0.056632 0.956940 0.284707
v 0.065724 0.941544 0.330417
v 0.074658 0.923880 0.375330
v 0.083412 0.903989 0.419340
v 0.091965 0.881921 0.462339
v 0.100296 0.857729 0.504224
v 0.108386 0.831470 0.544895
v 0.116215 0.803208 0.584253
v 0.123764 0.773010 0.622204
v 0.131015 0.740951 0.658655
v 0.137950 0.707107 0.693520
v 0.144552 0.671559 0.726714
v 0.150807 0.634393 0.758157
v 0.156698 0.595699 0.787774
v 0.162212 0.555570 0.815493
v 0.167334 0.514103 0.841247
v 0.172054 0.471397 0.864975
v 0.176360 0.427555 0.886619
v 0.180240 0.382683 0.906127
v 0.183686 0.336890 0.923452
v 0.186690 0.290285 0.938553
v 0.189243 0.242980 0.951392
v 0.191342 0.195090 0.961940
v 0.192979 0.146730 0.970169
v 0.194151 0.098017 0.976062
v 0.194855 0.049068 0.979604
v 0.195090 0.000000 0.980785
v 0.194855 -0.049068 0.979604
v 0.194151 -0.098017 0.976062
v 0.192979 -0.146730 0.970169
v 0.191342 -0.195090 0.961940
v 0.189243 -0.242980 0.951392
v 0.186690 -0.290285 0.938553
v 0.183686 -0.336890 0.923452
v 0.180240 -0.382683 0.906127
v 0.176360 -0.427555 0.886619
v 0.172054 -0.471397 0.864975
v 0.167334 -0.514103 0.841247
v 0.162212 -0.555570 0.815493
v 0.156698 -0.595699 0.787774
v 0.150807 -0.634393 0.758157
v 0.144552 -0.671559 0.726714
v 0.137950 -0.707107 0.693520
v 0.131015 -0.740951 0.658655
v 0.123764 -0.773010 0.622204
v 0.116215 -0.803208 0.584253
v 0.108386 -0.831470 0.544895
v 0.100296 -0.857729 0.504224
v 0.091965 -0.881921 0.462339
v 0.083412 -0.903989 0.419340
v 0.074658 -0.923880 0.375330
v 0.065724 -0.941544 0.330417
v 0.056632 -0.956940 0.284707
v 0.047403 -0.970031 0.238311
v 0.038060 -0.980785 0.191342
v 0.028626 -0.989177 0.143911
v 0.019122 -0.995185 0.096134
v 0.009573 -0.998795 0.048125
v 0.004809 0.998795 0.048831
v 0.009607 0.995185 0.097545
v 0.014382 0.989177 0.146024
v 0.019122 0.980785 0.194151
v 0.023816 0.970031 0.241810
v 0.028453 0.956940 0.288887
v 0.033021 0.941544 0.335268
v 0.037510 0.923880 0.380841
v 0.041908 0.903989 0.425496
v 0.046205 0.881921 0.469127
v 0.050391 0.857729 0.511627
v 0.054455 0.831470 0.552895
v 0.058389 0.803208 0.592831
v 0.062181 0.773010 0.631338
v 0.065824 0.740951 0.668325
v 0.069308 0.707107 0.703702
v 0.072626 0.671559 0.737383
v 0.075768 0.634393 0.769288
v 0.078728 0.595699 0.799340
v 0.081498 0.555570 0.827466
v 0.084072 0.514103 0.853598
v 0.086443 0.471397 0.877674
v 0.088606 0.427555 0.899636
v 0.090556 0.382683 0.919430
v 0.092288 0.336890 0.937010
v 0.093796 0.290285 0.952332
v 0.095080 0.242980 0.965360
v 0.096134 0.195090 0.976062
v 0.096956 0.146730 0.984413
v 0.097545 0.098017 0.990392
v 0.097899 0.049068 0.993986
v 0.098017 0.000000 0.995185
v 0.097899 -0.049068 0.993986
v 0.097545 -0.098017 0.990392
v 0.096956 -0.146730 0.984413
v 0.096134 -0.195090 0.976062
v 0.095080 -0.242980 0.965360
v 0.093796 -0.290285 0.952332
v 0.092288 -0.336890 0.937010
v 0.090556 -0.382683 0.919430
v 0.088606 -0.427555 0.899636
v 0.086443 -0.471397 0.877674
v 0.084072 -0.514103 0.853598
v 0.081498 -0.555570 0.827466
v 0.078728 -0.595699 0.799340
v 0.075768 -0.634393 0.769288
v 0.072626 -0.671559 0.737383
v 0.069308 -0.707107 0.703702
v 0.065824 -0.740951 0.668325
v 0.062181 -0.773010 0.631338
v 0.058389 -0.803208 0.592831
v 0.054455 -0.831470 0.552895
v 0.050391 -0.857729 0.511627
v 0.046205 -0.881921 0.469127
v 0.041908 -0.903989 0.425496
v 0.037510 -0.923880 0.380841
v 0.033021 -0.941544 0.335268
v 0.028453 -0.956940 0.288887
v 0.023816 -0.970031 0.241810
v 0.019122 -0.980785 0.194151
v 0.014382 -0.989177 0.146024
v 0.009607 -0.995185 0.097545
v 0.004809 -0.998795 0.048831
v -0.000000 0.998795 0.049068
v -0.000000 0.995185 0.098017
v 0.000000 0.989177 0.146730
v 0.000000 0.980785 0.195090
v -0.000000 0.970031 0.242980
v -0.000000 0.956940 0.290285
v -0.000000 0.941544 0.336890
v -0.000000 0.923880 0.382683
v 0.000000 0.903989 0.427555
v -0.000000 0.881921 0.471397
v -0.000000 0.857729 0.514102
v 0.000000 0.831470 0.555571
v -0.000000 0.803208 0.595699
v 0.000000 0.773010 0.634393
v 0.000000 0.740951 0.671559
v -0.000000 0.707107 0.707107
v -0.000000 0.671559 0.740951
v 0.000000 0.634393 0.773010
v -0.000000 0.595699 0.803207
v 0.000000 0.555570 0.831470
v -0.000000 0.514103 0.857728
v -0.000000 0.471397 0.881921
v -0.000000 0.427555 0.903989
v -0.000000 0.382683 0.923879
v 0.000000 0.336890 0.941544
v -0.000000 0.290285 0.956940
v -0.000000 0.242980 0.970031
v -0.000000 0.195090 0.980785
v 0.000000 0.146730 0.989176
v -0.000000 0.098017 0.995184
v -0.000000 0.049068 0.998795
v -0.000000 0.000000 1.000000
v -0.000000 -0.049068 0.998795
v -0.000000 -0.098017 0.995184
v 0.000000 -0.146730 0.989176
v -0.000000 -0.195090 0.980785
v -0.000000 -0.242980 0.970031
v -0.000000 -0.290285 0.956940
v 0.000000 -0.336890 0.941544
v -0.000000 -0.382683 0.923879
v -0.000000 -0.427555 0.903989
v -0.000000 -0.471397 0.881921
v -0.000000 -0.514103 0.857728
v 0.000000 -0.555570 0.831470
v -0.000000 -0.595699 0.803207
v 0.000000 -0.634393 0.773010
v -0.000000 -0.671559 0.740951
v -0.000000 -0.707107 0.707107
v 0.000000 -0.740951 0.671559
v 0.000000 -0.773010 0.634393
v -0.000000 -0.803208 0.595699
v 0.000000 -0.831470 0.555571
v -0.000000 -0.857729 0.514102
v -0.000000 -0.881921 0.471397
v 0.000000 -0.903989 0.427555
v -0.000000 -0.923880 0.382683
v -0.000000 -0.941544 0.336890
v -0.000000 -0.956940 0.290285
v -0.000000 -0.970031 0.242980
v 0.000000 -0.980785 0.195090
v 0.000000 -0.989177 0.146730
v -0.000000 -0.995185 0.098017
v -0.000000 -0.998795 0.049068
v 0.000000 1.000000 0.000000
v -0.004809 0.998795 0.048831
v -0.009607 0.995185 0.097545
v -0.014382 0.989177 0.146024
v -0.019122 0.980785 0.194151
v -0.023816 0.970031 0.241810
v -0.028453 0.956940 0.288887
v -0.033021 0.941544 0.335268
v -0.037510 0.923880 0.380840
v -0.041908 0.903989 0.425496
v -0.046205 0.881921 0.469127
v -0.050391 0.857729 0.511627
v -0.054455 0.831470 0.552895
v -0.058389 0.803208 0.592831
v -0.062181 0.773010 0.631338
v -0.065824 0.740951 0.668325
v -0.069309 0.707107 0.703702
v -0.072626 0.671559 0.737383
v -0.075768 0.634393 0.769288
v -0.078728 0.595699 0.799340
v -0.081498 0.555570 0.827466
v -0.084072 0.514103 0.853598
v -0.086443 0.471397 0.877674
v -0.088606 0.427555 0.899636
v -0.090556 0.382683 0.919430
v -0.092287 0.336890 0.937010
v -0.093797 0.290285 0.952332
v -0.095080 0.242980 0.965360
v -0.096134 0.195090 0.976062
v -0.096956 0.146730 0.984413
v -0.097545 0.098017 0.990392
v -0.097899 0.049068 0.993986
v -0.098017 0.000000 0.995184
v -0.097899 -0.049068 0.993986
v -0.097545 -0.098017 0.990392
v -0.096956 -0.146730 0.984413
v -0.096134 -0.195090 0.976062
v -0.095080 -0.242980 0.965360
v -0.093797 -0.290285 0.952332
v -0.092287 -0.336890 0.937010
v -0.090556 -0.382683 0.919430
v -0.088606 -0.427555 0.899636
v -0.086443 -0.471397 0.877674
v -0.084072 -0.514103 0.853598
v -0.081498 -0.555570 0.827466
v -0.078728 -0.595699 0.799340
v -0.075768 -0.634393 0.769288
v -0.072626 -0.671559 0.737383
v -0.069309 -0.707107 0.703702
v -0.065824 -0.740951 0.668325
v -0.062181 -0.773010 0.631338
v -0.058389 -0.803208 0.592831
v -0.054455 -0.831470 0.552895
v -0.050391 -0.857729 0.511627
v -0.046205 -0.881921 0.469127
v -0.041908 -0.903989 0.425496
v -0.037510 -0.923880 0.380840
v -0.033021 -0.941544 0.335268
v -0.028453 -0.956940 0.288887
v -0.023816 -0.970031 0.241810
v -0.019122 -0.980785 0.194151
v -0.014382 -0.989177 0.146024
v -0.009607 -0.995185 0.097545
v -0.004809 -0.998795 0.048831
v -0.009573 0.998795 0.048125
v -0.019122 0.995185 0.096134
v -0.028626 0.989177 0.143911
v -0.038060 0.980785 0.191342
v -0.047403 0.970031 0.238311
v -0.056632 0.956940 0.284707
v -0.065724 0.941544 0.330417
v -0.074658 0.923880 0.375330
v -0.083412 0.903989 0.419340
v -0.091965 0.881921 0.462339
v -0.100296 0.857729 0.504224
v -0.108386 0.831470 0.544895
v -0.116215 0.803208 0.584253
v -0.123764 0.773010 0.622204
v -0.131015 0.740951 0.658655
v -0.137950 0.707107 0.693520
v -0.144552 0.671559 0.726714
v -0.150807 0.634393 0.758157
v -0.156698 0.595699 0.787774
v -0.162212 0.555570 0.815493
v -0.167335 0.514103 0.841247
v -0.172054 0.471397 0.864975
v -0.176360 0.427555 0.886619
v -0.180240 0.382683 0.906127
v -0.183686 0.336890 0.923452
v -0.186690 0.290285 0.938553
v -0.189244 0.242980 0.951392
v -0.191342 0.195090 0.961940
v -0.192979 0.146730 0.970169
v -0.194151 0.098017 0.976062
v -0.194855 0.049068 0.979604
v -0.195090 0.000000 0.980785
v -0.194855 -0.049068 0.979604
v -0.194151 -0.098017 0.976062
v -0.192979 -0.146730 0.970169
v -0.191342 -0.195090 0.961940
v -0.189244 -0.242980 0.951392
v -0.186690 -0.290285 0.938553
v -0.183686 -0.336890 0.923452
v -0.180240 -0.382683 0.906127
v -0.176360 -0.427555 0.886619
v -0.172054 -0.471397 0.864975
v -0.167335 -0.514103 0.841247
v -0.162212 -0.555570 0.815493
v -0.156698 -0.595699 0.787774
v -0.150807 -0.634393 0.758157
v -0.144552 -0.671559 0.726714
v -0.137950 -0.707107 0.693520
v -0.131015 -0.740951 0.658655
v -0.123764 -0.773010 0.622204
v -0.116215 -0.803208 0.584253
v -0.108386 -0.831470 0.544895
v -0.100296 -0.857729 0.504224
v -0.091965 -0.881921 0.462339
v -0.083412 -0.903989 0.419340
v -0.074658 -0.923880 0.375330
v -0.065724 -0.941544 0.330417
v -0.056632 -0.956940 0.284707
v -0.047403 -0.970031 0.238311
v -0.038060 -0.980785 0.191342
v -0.028626 -0.989177 0.143911
v -0.019122 -0.995185 0.096134
v -0.009573 -0.998795 0.048125
v -0.014244 0.998795 0.046955
v -0.028453 0.995185 0.093797
v -0.042594 0.989177 0.140412
v -0.056632 0.980785 0.186690
v -0.070533 0.970031 0.232517
v -0.084265 0.956940 0.277785
v -0.097794 0.941544 0.322383
v -0.111087 0.923880 0.366205
v -0.124113 0.903989 0.409145
v -0.136839 0.881921 0.451098
v -0.149236 0.857729 0.491965
v -0.161274 0.831470 0.531648
v -0.172922 0.803208 0.570048
v -0.184155 0.773010 0.607076
v -0.194943 0.740951 0.642642
v -0.205262 0.707107 0.676659
v -0.215087 0.671559 0.709046
v -0.224393 0.634393 0.739725
v -0.233159 0.595699 0.768621
v -0.241363 0.555570 0.795667
v -0.248985 0.514103 0.820795
v -0.256008 0.471397 0.843946
v -0.262414 0.427555 0.865064
v -0.268188 0.382683 0.884097
v -0.273316 0.336890 0.901001
v -0.277785 0.290285 0.915735
v -0.281585 0.242980 0.928261
v -0.284707 0.195090 0.938553
v -0.287143 0.146730 0.946582
v -0.288887 0.098017 0.952332
v -0.289935 0.049068 0.955787
v -0.290285 0.000000 0.956940
v -0.289935 -0.049068 0.955787
v -0.288887 -0.098017 0.952332
v -0.287143 -0.146730 0.946582
v -0.284707 -0.195090 0.938553
v -0.281585 -0.242980 0.928261
v -0.277785 -0.290285 0.915735
v -0.273316 -0.336890 0.901001
v -0.268188 -0.382683 0.884097
v -0.262414 -0.427555 0.865064
v -0.256008 -0.471397 0.843946
v -0.248985 -0.514103 0.820795
v -0.241363 -0.555570 0.795667
v -0.233159 -0.595699 0.768621
v -0.224393 -0.634393 0.739725
v -0.215087 -0.671559 0.709046
v -0.205262 -0.707107 0.676659
v -0.194943 -0.740951 0.642642
v -0.184155 -0.773010 0.607076
v -0.172922 -0.803208 0.570048
v -0.161274 -0.831470 0.531648
v -0.149236 -0.857729 0.491965
v -0.136839 -0.881921 0.451098
v -0.124113 -0.903989 0.409145
v -0.111087 -0.923880 0.366205
v -0.097794 -0.941544 0.322383
v -0.084265 -0.956940 0.277785
v -0.070533 -0.970031 0.232517
v -0.056632 -0.980785 0.186690
v -0.042594 -0.989177 0.140412
v -0.028453 -0.995185 0.093797
v -0.014244 -0.998795 0.046955
v -0.018777 0.998795 0.045333
v -0.037510 0.995185 0.090556
v -0.056151 0.989177 0.135561
v -0.074658 0.980785 0.180240
v -0.092984 0.970031 0.224484
v -0.111087 0.956940 0.268188
v -0.128922 0.941544 0.311246
v -0.146447 0.923880 0.353553
v -0.163618 0.903989 0.395010
v -0.180396 0.881921 0.435514
v -0.196739 0.857729 0.474969
v -0.212608 0.831470 0.513280
v -0.227964 0.803208 0.550354
v -0.242772 0.773010 0.586103
v -0.256994 0.740951 0.620439
v -0.270598 0.707107 0.653281
v -0.283550 0.671559 0.684549
v -0.295818 0.634393 0.714168
v -0.307374 0.595699 0.742067
v -0.318190 0.555570 0.768178
v -0.328238 0.514103 0.792438
v -0.337497 0.471397 0.814789
v -0.345942 0.427555 0.835177
v -0.353553 0.382683 0.853553
v -0.360313 0.336890 0.869873
v -0.366205 0.290285 0.884097
v -0.371215 0.242980 0.896191
v -0.375330 0.195090 0.906127
v -0.378541 0.146730 0.913879
v -0.380841 0.098017 0.919430
v -0.382222 0.049068 0.922766
v -0.382684 0.000000 0.923879
v -0.382222 -0.049068 0.922766
v -0.380841 -0.098017 0.919430
v -0.378541 -0.146730 0.913879
v -0.375330 -0.195090 0.906127
v -0.371215 -0.242980 0.896191
v -0.366205 -0.290285 0.884097
v -0.360313 -0.336890 0.869873
v -0.353553 -0.382683 0.853553
v -0.345942 -0.427555 0.835177
v -0.337497 -0.471397 0.814789
v -0.328238 -0.514103 0.792438
v -0.318190 -0.555570 0.768178
v -0.307374 -0.595699 0.742067
v -0.295818 -0.634393 0.714168
v -0.283550 -0.671559 0.684549
v -0.270598 -0.707107 0.653281
v -0.256994 -0.740951 0.620439
v -0.242772 -0.773010 0.586103
v -0.227964 -0.803208 0.550354
v -0.212608 -0.831470 0.513280
v -0.196739 -0.857729 0.474969
v -0.180396 -0.881921 0.435514
v -0.163618 -0.903989 0.395010
v -0.146447 -0.923880 0.353553
v -0.128922 -0.941544 0.311246
v -0.111087 -0.956940 0.268188
v -0.092984 -0.970031 0.224484
v -0.074658 -0.980785 0.180240
v -0.056151 -0.989177 0.135561
v -0.037510 -0.995185 0.090556
v -0.018777 -0.998795 0.045333
v -0.023130 0.998795 0.043274
v -0.046205 0.995185 0.086443
v -0.069168 0.989177 0.129405
v -0.091965 0.980785 0.172054
v -0.114540 0.970031 0.214289
v -0.136839 0.956940 0.256008
v -0.158809 0.941544 0.297110
v -0.180396 0.923880 0.337496
v -0.201548 0.903989 0.377070
v -0.222215 0.881921 0.415735
v -0.242346 0.857729 0.453398
v -0.261894 0.831470 0.489970
v -0.280811 0.803208 0.525360
v -0.299051 0.773010 0.559485
v -0.316571 0.740951 0.592262
v -0.333328 0.707107 0.623612
v -0.349282 0.671559 0.653460
v -0.364394 0.634393 0.681734
v -0.378629 0.595699 0.708365
v -0.391952 0.555570 0.733291
v -0.404330 0.514103 0.756449
v -0.415735 0.471397 0.777785
v -0.426138 0.427555 0.797247
v -0.435514 0.382683 0.814789
v -0.443841 0.336890 0.830368
v -0.451099 0.290285 0.843946
v -0.457269 0.242980 0.855491
v -0.462339 0.195090 0.864975
v -0.466294 0.146730 0.872375
v -0.469127 0.098017 0.877674
v -0.470829 0.049068 0.880859
v -0.471397 0.000000 0.881921
v -0.470829 -0.049068 0.880859
v -0.469127 -0.098017 0.877674
v -0.466294 -0.146730 0.872375
v -0.462339 -0.195090 0.864975
v -0.457269 -0.242980 0.855491
v -0.451099 -0.290285 0.843946
v -0.443841 -0.336890 0.830368
v -0.435514 -0.382683 0.814789
v -0.426138 -0.427555 0.797247
v -0.415735 -0.471397 0.777785
v -0.404330 -0.514103 0.756449
v -0.391952 -0.555570 0.733291
v -0.378629 -0.595699 0.708365
v -0.364394 -0.634393 0.681734
v -0.349282 -0.671559 0.653460
v -0.333328 -0.707107 0.623612
v -0.316571 -0.740951 0.592262
v -0.299051 -0.773010 0.559485
v -0.280811 -0.803208 0.525360
v -0.261894 -0.831470 0.489970
v -0.242346 -0.857729 0.453398
v -0.222215 -0.881921 0.415735
v -0.201548 -0.903989 0.377070
v -0.180396 -0.923880 0.337496
v -0.158809 -0.941544 0.297110
v -0.136839 -0.956940 0.256008
v -0.114540 -0.970031 0.214289
v -0.091965 -0.980785 0.172054
v -0.069168 -0.989177 0.129405
v -0.046205 -0.995185 0.086443
v -0.023130 -0.998795 0.043274
v -0.027261 0.998795 0.040798
v -0.054455 0.995185 0.081498
v -0.081519 0.989177 0.122002
v -0.108386 0.980785 0.162212
v -0.134993 0.970031 0.202031
v -0.161274 0.956940 0.241363
v -0.187166 0.941544 0.280114
v -0.212607 0.923880 0.318189
v -0.237537 0.903989 0.355499
v -0.261894 0.881921 0.391952
v -0.285620 0.857729 0.427460
v -0.308658 0.831470 0.461940
v -0.330953 0.803208 0.495306
v -0.352450 0.773010 0.527479
v -0.373098 0.740951 0.558381
v -0.392848 0.707107 0.587938
v -0.411650 0.671559 0.616078
v -0.429461 0.634393 0.642735
v -0.446238 0.595699 0.667842
v -0.461940 0.555570 0.691342
v -0.476528 0.514103 0.713175
v -0.489969 0.471397 0.733290
v -0.502230 0.427555 0.751640
v -0.513280 0.382683 0.768177
v -0.523094 0.336890 0.782865
v -0.531648 0.290285 0.795667
v -0.538920 0.242980 0.806551
v -0.544895 0.195090 0.815493
v -0.549557 0.146730 0.822469
v -0.552895 0.098017 0.827466
v -0.554901 0.049068 0.830468
v -0.555570 0.000000 0.831469
v -0.554901 -0.049068 0.830468
v -0.552895 -0.098017 0.827466
v -0.549557 -0.146730 0.822469
v -0.544895 -0.195090 0.815493
v -0.538920 -0.242980 0.806551
v -0.531648 -0.290285 0.795667
v -0.523094 -0.336890 0.782865
v -0.513280 -0.382683 0.768177
v -0.502230 -0.427555 0.751640
v -0.489969 -0.471397 0.733290
v -0.476528 -0.514103 0.713175
v -0.461940 -0.555570 0.691342
v -0.446238 -0.595699 0.667842
v -0.429461 -0.634393 0.642735
v -0.411650 -0.671559 0.616078
v -0.392848 -0.707107 0.587938
v -0.373098 -0.740951 0.558381
v -0.352450 -0.773010 0.527479
v -0.330953 -0.803208 0.495306
v -0.308658 -0.831470 0.461940
v -0.285620 -0.857729 0.427460
v -0.261894 -0.881921 0.391952
v -0.237537 -0.903989 0.355499
v -0.212607 -0.923880 0.318189
v -0.187166 -0.941544 0.280114
v -0.161274 -0.956940 0.241363
v -0.134993 -0.970031 0.202031
v -0.108386 -0.980785 0.162212
v -0.081519 -0.989177 0.122002
v -0.054455 -0.995185 0.081498
v -0.027261 -0.998795 0.040798
v -0.031128 0.998795 0.037930
v -0.062181 0.995185 0.075768
v -0.093085 0.989177 0.113424
v -0.123764 0.980785 0.150807
v -0.154145 0.970031 0.187826
v -0.184155 0.956940 0.224393
v -0.213721 0.941544 0.260419
v -0.242772 0.923880 0.295818
v -0.271238 0.903989 0.330505
v -0.299051 0.881921 0.364394
v -0.326143 0.857729 0.397406
v -0.352450 0.831470 0.429462
v -0.377908 0.803208 0.460482
v -0.402455 0.773010 0.490393
v -0.426032 0.740951 0.519122
v -0.448584 0.707107 0.546601
v -0.470054 0.671559 0.572763
v -0.490392 0.634393 0.597545
v -0.509549 0.595699 0.620888
v -0.527479 0.555570 0.642735
v -0.544137 0.514103 0.663033
v -0.559485 0.471397 0.681734
v -0.573485 0.427555 0.698793
v -0.586103 0.382683 0.714168
v -0.597309 0.336890 0.727823
v -0.607077 0.290285 0.739725
v -0.615381 0.242980 0.749844
v -0.622204 0.195090 0.758157
v -0.627526 0.146730 0.764643
v -0.631338 0.098017 0.769288
v -0.633629 0.049068 0.772079
v -0.634393 0.000000 0.773010
v -0.633629 -0.049068 0.772079
v -0.631338 -0.098017 0.769288
v -0.627526 -0.146730 0.764643
v -0.622204 -0.195090 0.758157
v -0.615381 -0.242980 0.749844
v -0.607077 -0.290285 0.739725
v -0.597309 -0.336890 0.727823
v -0.586103 -0.382683 0.714168
v -0.573485 -0.427555 0.698793
v -0.559485 -0.471397 0.681734
v -0.544137 -0.514103 0.663033
v -0.527479 -0.555570 0.642735
v -0.509549 -0.595699 0.620888
v -0.490392 -0.634393 0.597545
v -0.470054 -0.671559 0.572763
v -0.448584 -0.707107 0.546601
v -0.426032 -0.740951 0.519122
v -0.402455 -0.773010 0.490393
v -0.377908 -0.803208 0.460482
v -0.352450 -0.831470 0.429462
v -0.326143 -0.857729 0.397406
v -0.299051 -0.881921 0.364394
v -0.271238 -0.903989 0.330505
v -0.242772 -0.923880 0.295818
v -0.213721 -0.941544 0.260419
v -0.184155 -0.956940 0.224393
v -0.154145 -0.970031 0.187826
v -0.123764 -0.980785 0.150807
v -0.093085 -0.989177 0.113424
v -0.062181 -0.995185 0.075768
v -0.031128 -0.998795 0.037930
v -0.034696 0.998795 0.034696
v -0.069309 0.995185 0.069309
v -0.103754 0.989177 0.103754
v -0.137950 0.980785 0.137950
v -0.171813 0.970031 0.171813
v -0.205262 0.956940 0.205262
v -0.238217 0.941544 0.238217
v -0.270598 0.923880 0.270598
v -0.302327 0.903989 0.302327
v -0.333328 0.881921 0.333328
v -0.363525 0.857729 0.363525
v -0.392848 0.831470 0.392848
v -0.421223 0.803208 0.421223
v -0.448584 0.773010 0.448584
v -0.474864 0.740951 0.474864
v -0.500000 0.707107 0.500000
v -0.523931 0.671559 0.523931
v -0.546601 0.634393 0.546601
v -0.567953 0.595699 0.567953
v -0.587938 0.555570 0.587938
v -0.606506 0.514103 0.606506
v -0.623612 0.471397 0.623612
v -0.639217 0.427555 0.639217
v -0.653281 0.382683 0.653281
v -0.665772 0.336890 0.665772
v -0.676659 0.290285 0.676659
v -0.685915 0.242980 0.685915
v -0.693520 0.195090 0.693520
v -0.699453 0.146730 0.699453
v -0.703702 0.098017 0.703702
v -0.706255 0.049068 0.706255
v -0.707107 0.000000 0.707106
v -0.706255 -0.049068 0.706255
v -0.703702 -0.098017 0.703702
v -0.699453 -0.146730 0.699453
v -0.693520 -0.195090 0.693520
v -0.685915 -0.242980 0.685915
v -0.676659 -0.290285 0.676659
v -0.665772 -0.336890 0.665772
v -0.653281 -0.382683 0.653281
v -0.639217 -0.427555 0.639217
v -0.623612 -0.471397 0.623612
v -0.606506 -0.514103 0.606506
v -0.587938 -0.555570 0.587938
v -0.567953 -0.595699 0.567953
v -0.546601 -0.634393 0.546601
v -0.523931 -0.671559 0.523931
v -0.500000 -0.707107 0.500000
v -0.474864 -0.740951 0.474864
v -0.448584 -0.773010 0.448584
v -0.421223 -0.803208 0.421223
v -0.392848 -0.831470 0.392848
v -0.363525 -0.857729 0.363525
v -0.333328 -0.881921 0.333328
v -0.302327 -0.903989 0.302327
v -0.270598 -0.923880 0.270598
v -0.238217 -0.941544 0.238217
v -0.205262 -0.956940 0.205262
v -0.171813 -0.970031 0.171813
v -0.137950 -0.980785 0.137950
v -0.103754 -0.989177 0.103754
v -0.069309 -0.995185 0.069309
v -0.034696 -0.998795 0.034696
v -0.037930 0.998795 0.031128
v -0.075768 0.995185 0.062181
v -0.113424 0.989177 0.093085
v -0.150807 0.980785 0.123764
v -0.187826 0.970031 0.154145
v -0.224393 0.956940 0.184155
v -0.260419 0.941544 0.213721
v -0.295818 0.923880 0.242772
v -0.330505 0.903989 0.271238
v -0.364394 0.881921 0.299051
v -0.397407 0.857729 0.326143
v -0.429462 0.831470 0.352450
v -0.460482 0.803208 0.377907
v -0.490393 0.773010 0.402455
v -0.519122 0.740951 0.426032
v -0.546601 0.707107 0.448584
v -0.572763 0.671559 0.470054
v -0.597545 0.634393 0.490393
v -0.620888 0.595699 0.509549
v -0.642735 0.555570 0.527479
v -0.663033 0.514103 0.544137
v -0.681734 0.471397 0.559485
v -0.698793 0.427555 0.573485
v -0.714168 0.382683 0.586103
v -0.727823 0.336890 0.597309
v -0.739725 0.290285 0.607076
v -0.749844 0.242980 0.615381
v -0.758157 0.195090 0.622203
v -0.764643 0.146730 0.627526
v -0.769288 0.098017 0.631338
v -0.772079 0.049068 0.633629
v -0.773010 0.000000 0.634393
v -0.772079 -0.049068 0.633629
v -0.769288 -0.098017 0.631338
v -0.764643 -0.146730 0.627526
v -0.758157 -0.195090 0.622203
v -0.749844 -0.242980 0.615381
v -0.739725 -0.290285 0.607076
v -0.727823 -0.336890 0.597309
v -0.714168 -0.382683 0.586103
v -0.698793 -0.427555 0.573485
v -0.681734 -0.471397 0.559485
v -0.663033 -0.514103 0.544137
v -0.642735 -0.555570 0.527479
v -0.620888 -0.595699 0.509549
v -0.597545 -0.634393 0.490393
v -0.572763 -0.671559 0.470054
v -0.546601 -0.707107 0.448584
v -0.519122 -0.740951 0.426032
v -0.490393 -0.773010 0.402455
v -0.460482 -0.803208 0.377907
v -0.429462 -0.831470 0.352450
v -0.397407 -0.857729 0.326143
v -0.364394 -0.881921 0.299051
v -0.330505 -0.903989 0.271238
v -0.295818 -0.923880 0.242772
v -0.260419 -0.941544 0.213721
v -0.224393 -0.956940 0.184155
v -0.187826 -0.970031 0.154145
v -0.150807 -0.980785 0.123764
v -0.113424 -0.989177 0.093085
v -0.075768 -0.995185 0.062181
v -0.037930 -0.998795 0.031128
v -0.040798 0.998795 0.027261
v -0.081498 0.995185 0.054455
v -0.122002 0.989177 0.081519
v -0.162212 0.980785 0.108386
v -0.202031 0.970031 0.134992
v -0.241363 0.956940 0.161274
v -0.280114 0.941544 0.187166
v -0.318189 0.923880 0.212607
v -0.355499 0.903989 0.237537
v -0.391952 0.881921 0.261894
v -0.427460 0.857729 0.285620
v -0.461940 0.831470 0.308659
v -0.495306 0.803208 0.330953
v -0.527479 0.773010 0.352450
v -0.558381 0.740951 0.373098
v -0.587938 0.707107 0.392847
v -0.616078 0.671559 0.411650
v -0.642734 0.634393 0.429462
v -0.667842 0.595699 0.446238
v -0.691342 0.555570 0.461940
v -0.713175 0.514103 0.476528
v -0.733290 0.471397 0.489969
v -0.751640 0.427555 0.502230
v -0.768177 0.382683 0.513280
v -0.782865 0.336890 0.523094
v -0.795667 0.290285 0.531647
v -0.806551 0.242980 0.538920
v -0.815493 0.195090 0.544895
v -0.822470 0.146730 0.549556
v -0.827466 0.098017 0.552895
v -0.830468 0.049068 0.554901
v -0.831470 0.000000 0.555570
v -0.830468 -0.049068 0.554901
v -0.827466 -0.098017 0.552895
v -0.822470 -0.146730 0.549556
v -0.815493 -0.195090 0.544895
v -0.806551 -0.242980 0.538920
v -0.795667 -0.290285 0.531647
v -0.782865 -0.336890 0.523094
v -0.768177 -0.382683 0.513280
v -0.751640 -0.427555 0.502230
v -0.733290 -0.471397 0.489969
v -0.713175 -0.514103 0.476528
v -0.691342 -0.555570 0.461940
v -0.667842 -0.595699 0.446238
v -0.642734 -0.634393 0.429462
v -0.616078 -0.671559 0.411650
v -0.587938 -0.707107 0.392847
v -0.558381 -0.740951 0.373098
v -0.527479 -0.773010 0.352450
v -0.495306 -0.803208 0.330953
v -0.461940 -0.831470 0.308659
v -0.427460 -0.857729 0.285620
v -0.391952 -0.881921 0.261894
v -0.355499 -0.903989 0.237537
v -0.318189 -0.923880 0.212607
v -0.280114 -0.941544 0.187166
v -0.241363 -0.956940 0.161274
v -0.202031 -0.970031 0.134992
v -0.162212 -0.980785 0.108386
v -0.122002 -0.989177 0.081519
v -0.081498 -0.995185 0.054455
v -0.040798 -0.998795 0.027261
v -0.043274 0.998795 0.023130
v -0.086443 0.995185 0.046205
v -0.129405 0.989177 0.069168
v -0.172054 0.980785 0.091965
v -0.214289 0.970031 0.114540
v -0.256008 0.956940 0.136839
v -0.297110 0.941544 0.158809
v -0.337496 0.923880 0.180396
v -0.377070 0.903989 0.201548
v -0.415735 0.881921 0.222215
v -0.453398 0.857729 0.242346
v -0.489969 0.831470 0.261894
v -0.525360 0.803208 0.280810
v -0.559485 0.773010 0.299051
v -0.592262 0.740951 0.316571
v -0.623612 0.707107 0.333328
v -0.653460 0.671559 0.349282
v -0.681734 0.634393 0.364395
v -0.708365 0.595699 0.378629
v -0.733291 0.555570 0.391952
v -0.756449 0.514103 0.404330
v -0.777785 0.471397 0.415735
v -0.797247 0.427555 0.426138
v -0.814789 0.382683 0.435513
v -0.830367 0.336890 0.443841
v -0.843946 0.290285 0.451098
v -0.855491 0.242980 0.457269
v -0.864975 0.195090 0.462339
v -0.872375 0.146730 0.466294
v -0.877674 0.098017 0.469127
v -0.880859 0.049068 0.470829
v -0.881921 0.000000 0.471396
v -0.880859 -0.049068 0.470829
v -0.877674 -0.098017 0.469127
v -0.872375 -0.146730 0.466294
v -0.864975 -0.195090 0.462339
v -0.855491 -0.242980 0.457269
v -0.843946 -0.290285 0.451098
v -0.830367 -0.336890 0.443841
v -0.814789 -0.382683 0.435513
v -0.797247 -0.427555 0.426138
v -0.777785 -0.471397 0.415735
v -0.756449 -0.514103 0.404330
v -0.733291 -0.555570 0.391952
v -0.708365 -0.595699 0.378629
v -0.681734 -0.634393 0.364395
v -0.653460 -0.671559 0.349282
v -0.623612 -0.707107 0.333328
v -0.592262 -0.740951 0.316571
v -0.559485 -0.773010 0.299051
v -0.525360 -0.803208 0.280810
v -0.489969 -0.831470 0.261894
v -0.453398 -0.857729 0.242346
v -0.415735 -0.881921 0.222215
v -0.377070 -0.903989 0.201548
v -0.337496 -0.923880 0.180396
v -0.297110 -0.941544 0.158809
v -0.256008 -0.956940 0.136839
v -0.214289 -0.970031 0.114540
v -0.172054 -0.980785 0.091965
v -0.129405 -0.989177 0.069168
v -0.086443 -0.995185 0.046205
v -0.043274 -0.998795 0.023130
v 0.000000 -1.000000 0.000000
v -0.045333 0.998795 0.018777
v -0.090556 0.995185 0.037509
v -0.135561 0.989177 0.056151
v -0.180240 0.980785 0.074658
v -0.224484 0.970031 0.092984
v -0.268188 0.956940 0.111087
v -0.311246 0.941544 0.128922
v -0.353553 0.923880 0.146446
v -0.395010 0.903989 0.163618
v -0.435514 0.881921 0.180396
v -0.474969 0.857729 0.196738
v -0.513280 0.831470 0.212608
v -0.550354 0.803208 0.227964
v -0.586103 0.773010 0.242772
v -0.620439 0.740951 0.256994
v -0.653281 0.707107 0.270598
v -0.684549 0.671559 0.283550
v -0.714168 0.634393 0.295818
v -0.742067 0.595699 0.307374
v -0.768178 0.555570 0.318190
v -0.792438 0.514103 0.328238
v -0.814789 0.471397 0.337496
v -0.835177 0.427555 0.345942
v -0.853553 0.382683 0.353553
v -0.869873 0.336890 0.360313
v -0.884098 0.290285 0.366205
v -0.896191 0.242980 0.371214
v -0.906127 0.195090 0.375330
v -0.913879 0.146730 0.378541
v -0.919431 0.098017 0.380840
v -0.922766 0.049068 0.382222
v -0.923879 0.000000 0.382683
v -0.922766 -0.049068 0.382222
v -0.919431 -0.098017 0.380840
v -0.913879 -0.146730 0.378541
v -0.906127 -0.195090 0.375330
v -0.896191 -0.242980 0.371214
v -0.884098 -0.290285 0.366205
v -0.869873 -0.336890 0.360313
v -0.853553 -0.382683 0.353553
v -0.835177 -0.427555 0.345942
v -0.814789 -0.471397 0.337496
v -0.792438 -0.514103 0.328238
v -0.768178 -0.555570 0.318190
v -0.742067 -0.595699 0.307374
v -0.714168 -0.634393 0.295818
v -0.684549 -0.671559 0.283550
v -0.653281 -0.707107 0.270598
v -0.620439 -0.740951 0.256994
v -0.586103 -0.773010 0.242772
v -0.550354 -0.803208 0.227964
v -0.513280 -0.831470 0.212608
v -0.474969 -0.857729 0.196738
v -0.435514 -0.881921 0.180396
v -0.395010 -0.903989 0.163618
v -0.353553 -0.923880 0.146446
v -0.311246 -0.941544 0.128922
v -0.268188 -0.956940 0.111087
v -0.224484 -0.970031 0.092984
v -0.180240 -0.980785 0.074658
v -0.135561 -0.989177 0.056151
v -0.090556 -0.995185 0.037509
v -0.045333 -0.998795 0.018777
v -0.046955 0.998795 0.014244
v -0.093796 0.995185 0.028453
v -0.140412 0.989177 0.042594
v -0.186690 0.980785 0.056632
v -0.232517 0.970031 0.070533
v -0.277785 0.956940 0.084265
v -0.322383 0.941544 0.097794
v -0.366205 0.923880 0.111087
v -0.409145 0.903989 0.124113
v -0.451098 0.881921 0.136839
v -0.491965 0.857729 0.149236
v -0.531648 0.831470 0.161274
v -0.570048 0.803208 0.172922
v -0.607076 0.773010 0.184155
v -0.642642 0.740951 0.194943
v -0.676659 0.707107 0.205262
v -0.709046 0.671559 0.215087
v -0.739725 0.634393 0.224393
v -0.768621 0.595699 0.233159
v -0.795667 0.555570 0.241363
v -0.820795 0.514103 0.248985
v -0.843946 0.471397 0.256008
v -0.865064 0.427555 0.262414
v -0.884097 0.382683 0.268188
v -0.901001 0.336890 0.273316
v -0.915735 0.290285 0.277785
v -0.928261 0.242980 0.281585
v -0.938553 0.195090 0.284707
v -0.946582 0.146730 0.287142
v -0.952332 0.098017 0.288887
v -0.955787 0.049068 0.289935
v -0.956940 0.000000 0.290284
v -0.955787 -0.049068 0.289935
v -0.952332 -0.098017 0.288887
v -0.946582 -0.146730 0.287142
v -0.938553 -0.195090 0.284707
v -0.928261 -0.242980 0.281585
v -0.915735 -0.290285 0.277785
v -0.901001 -0.336890 0.273316
v -0.884097 -0.382683 0.268188
v -0.865064 -0.427555 0.262414
v -0.843946 -0.471397 0.256008
v -0.820795 -0.514103 0.248985
v -0.795667 -0.555570 0.241363
v -0.768621 -0.595699 0.233159
v -0.739725 -0.634393 0.224393
v -0.709046 -0.671559 0.215087
v -0.676659 -0.707107 0.205262
v -0.642642 -0.740951 0.194943
v -0.607076 -0.773010 0.184155
v -0.570048 -0.803208 0.172922
v -0.531648 -0.831470 0.161274
v -0.491965 -0.857729 0.149236
v -0.451098 -0.881921 0.136839
v -0.409145 -0.903989 0.124113
v -0.366205 -0.923880 0.111087
v -0.322383 -0.941544 0.097794
v -0.277785 -0.956940 0.084265
v -0.232517 -0.970031 0.070533
v -0.186690 -0.980785 0.056632
v -0.140412 -0.989177 0.042594
v -0.093796 -0.995185 0.028453
v -0.046955 -0.998795 0.014244
v -0.048125 0.998795 0.009573
v -0.096134 0.995185 0.019122
v -0.143911 0.989177 0.028626
v -0.191342 0.980785 0.038060
v -0.238311 0.970031 0.047403
v -0.284707 0.956940 0.056632
v -0.330417 0.941544 0.065724
v -0.375330 0.923880 0.074658
v -0.419340 0.903989 0.083412
v -0.462339 0.881921 0.091965
v -0.504224 0.857729 0.100296
v -0.544895 0.831470 0.108386
v -0.584253 0.803208 0.116215
v -0.622204 0.773010 0.123764
v -0.658655 0.740951 0.131015
v -0.693520 0.707107 0.137949
v -0.726714 0.671559 0.144552
v -0.758157 0.634393 0.150807
v -0.787774 0.595699 0.156698
v -0.815493 0.555570 0.162212
v -0.841247 0.514103 0.167334
v -0.864975 0.471397 0.172054
v -0.886619 0.427555 0.176360
v -0.906127 0.382683 0.180240
v -0.923452 0.336890 0.183686
v -0.938553 0.290285 0.186690
v -0.951392 0.242980 0.189243
v -0.961940 0.195090 0.191342
v -0.970169 0.146730 0.192978
v -0.976062 0.098017 0.194151
v -0.979603 0.049068 0.194855
v -0.980785 0.000000 0.195090
v -0.979603 -0.049068 0.194855
v -0.976062 -0.098017 0.194151
v -0.970169 -0.146730 0.192978
v -0.961940 -0.195090 0.191342
v -0.951392 -0.242980 0.189243
v -0.938553 -0.290285 0.186690
v -0.923452 -0.336890 0.183686
v -0.906127 -0.382683 0.180240
v -0.886619 -0.427555 0.176360
v -0.864975 -0.471397 0.172054
v -0.841247 -0.514103 0.167334
v -0.815493 -0.555570 0.162212
v -0.787774 -0.595699 0.156698
v -0.758157 -0.634393 0.150807
v -0.726714 -0.671559 0.144552
v -0.693520 -0.707107 0.137949
v -0.658655 -0.740951 0.131015
v -0.622204 -0.773010 0.123764
v -0.584253 -0.803208 0.116215
v -0.544895 -0.831470 0.108386
v -0.504224 -0.857729 0.100296
v -0.462339 -0.881921 0.091965
v -0.419340 -0.903989 0.083412
v -0.375330 -0.923880 0.074658
v -0.330417 -0.941544 0.065724
v -0.284707 -0.956940 0.056632
v -0.238311 -0.970031 0.047403
v -0.191342 -0.980785 0.038060
v -0.143911 -0.989177 0.028626
v -0.096134 -0.995185 0.019122
v -0.048125 -0.998795 0.009573
v -0.048831 0.998795 0.004809
v -0.097545 0.995185 0.009607
v -0.146024 0.989177 0.014382
v -0.194151 0.980785 0.019122
v -0.241810 0.970031 0.023816
v -0.288887 0.956940 0.028453
v -0.335268 0.941544 0.033021
v -0.380840 0.923880 0.037509
v -0.425496 0.903989 0.041908
v -0.469127 0.881921 0.046205
v -0.511627 0.857729 0.050391
v -0.552895 0.831470 0.054455
v -0.592831 0.803208 0.058389
v -0.631338 0.773010 0.062181
v -0.668325 0.740951 0.065824
v -0.703702 0.707107 0.069308
v -0.737383 0.671559 0.072626
v -0.769288 0.634393 0.075768
v -0.799339 0.595699 0.078728
v -0.827466 0.555570 0.081498
v -0.853598 0.514103 0.084072
v -0.877674 0.471397 0.086443
v -0.899636 0.427555 0.088606
v -0.919430 0.382683 0.090556
v -0.937010 0.336890 0.092288
v -0.952332 0.290285 0.093796
v -0.965359 0.242980 0.095079
v -0.976062 0.195090 0.096134
v -0.984412 0.146730 0.096956
v -0.990392 0.098017 0.097545
v -0.993986 0.049068 0.097899
v -0.995184 0.000000 0.098017
v -0.993986 -0.049068 0.097899
v -0.990392 -0.098017 0.097545
v -0.984412 -0.146730 0.096956
v -0.976062 -0.195090 0.096134
v -0.965359 -0.242980 0.095079
v -0.952332 -0.290285 0.093796
v -0.937010 -0.336890 0.092288
v -0.919430 -0.382683 0.090556
v -0.899636 -0.427555 0.088606
v -0.877674 -0.471397 0.086443
v -0.853598 -0.514103 0.084072
v -0.827466 -0.555570 0.081498
v -0.799339 -0.595699 0.078728
v -0.769288 -0.634393 0.075768
v -0.737383 -0.671559 0.072626
v -0.703702 -0.707107 0.069308
v -0.668325 -0.740951 0.065824
v -0.631338 -0.773010 0.062181
v -0.592831 -0.803208 0.058389
v -0.552895 -0.831470 0.054455
v -0.511627 -0.857729 0.050391
v -0.469127 -0.881921 0.046205
v -0.425496 -0.903989 0.041908
v -0.380840 -0.923880 0.037509
v -0.335268 -0.941544 0.033021
v -0.288887 -0.956940 0.028453
v -0.241810 -0.970031 0.023816
v -0.194151 -0.980785 0.019122
v -0.146024 -0.989177 0.014382
v -0.097545 -0.995185 0.009607
v -0.048831 -0.998795 0.004809
v -0.049068 0.998795 -0.000000
v -0.098017 0.995185 -0.000000
v -0.146730 0.989177 0.000000
v -0.195090 0.980785 0.000000
v -0.242980 0.970031 -0.000000
v -0.290285 0.956940 -0.000000
v -0.336890 0.941544 -0.000000
v -0.382683 0.923880 -0.000000
v -0.427555 0.903989 -0.000000
v -0.471396 0.881921 -0.000000
v -0.514102 0.857729 -0.000000
v -0.555571 0.831470 0.000000
v -0.595699 0.803208 -0.000000
v -0.634393 0.773010 0.000000
v -0.671559 0.740951 -0.000000
v -0.707107 0.707107 -0.000000
v -0.740951 0.671559 -0.000000
v -0.773010 0.634393 0.000000
v -0.803207 0.595699 -0.000000
v -0.831470 0.555570 0.000000
v -0.857728 0.514103 -0.000000
v -0.881921 0.471397 -0.000000
v -0.903989 0.427555 -0.000000
v -0.923879 0.382683 -0.000000
v -0.941544 0.336890 0.000000
v -0.956940 0.290285 -0.000000
v -0.970030 0.242980 -0.000000
v -0.980785 0.195090 -0.000000
v -0.989175 0.146730 -0.000000
v -0.995184 0.098017 -0.000000
v -0.998795 0.049068 -0.000000
v -1.000000 0.000000 -0.000000
v -0.998795 -0.049068 -0.000000
v -0.995184 -0.098017 -0.000000
v -0.989175 -0.146730 -0.000000
v -0.980785 -0.195090 -0.000000
v -0.970030 -0.242980 -0.000000
v -0.956940 -0.290285 -0.000000
v -0.941544 -0.336890 0.000000
v -0.923879 -0.382683 -0.000000
v -0.903989 -0.427555 -0.000000
v -0.881921 -0.471397 -0.000000
v -0.857728 -0.514103 -0.000000
v -0.831470 -0.555570 0.000000
v -0.803207 -0.595699 -0.000000
v -0.773010 -0.634393 0.000000
v -0.740951 -0.671559 -0.000000
v -0.707107 -0.707107 -0.000000
v -0.671559 -0.740951 -0.000000
v -0.634393 -0.773010 0.000000
v -0.595699 -0.803208 -0.000000
v -0.555571 -0.831470 0.000000
v -0.514102 -0.857729 -0.000000
v -0.471396 -0.881921 -0.000000
v -0.427555 -0.903989 -0.000000
v -0.382683 -0.923880 -0.000000
v -0.336890 -0.941544 -0.000000
v -0.290285 -0.956940 -0.000000
v -0.242980 -0.970031 -0.000000
v -0.195090 -0.980785 0.000000
v -0.146730 -0.989177 0.000000
v -0.098017 -0.995185 -0.000000
v -0.049068 -0.998795 -0.000000
v -0.048831 0.998795 -0.004809
v -0.097545 0.995185 -0.009607
v -0.146024 0.989177 -0.014382
v -0.194151 0.980785 -0.019122
v -0.241810 0.970031 -0.023816
v -0.288887 0.956940 -0.028453
v -0.335268 0.941544 -0.033021
v -0.380840 0.923880 -0.037510
v -0.425496 0.903989 -0.041908
v -0.469127 0.881921 -0.046205
v -0.511627 0.857729 -0.050391
v -0.552895 0.831470 -0.054455
v -0.592830 0.803208 -0.058389
v -0.631338 0.773010 -0.062181
v -0.668325 0.740951 -0.065824
v -0.703702 0.707107 -0.069309
v -0.737383 0.671559 -0.072626
v -0.769288 0.634393 -0.075768
v -0.799339 0.595699 -0.078728
v -0.827466 0.555570 -0.081498
v -0.853598 0.514103 -0.084072
v -0.877674 0.471397 -0.086443
v -0.899636 0.427555 -0.088606
v -0.919430 0.382683 -0.090556
v -0.937010 0.336890 -0.092287
v -0.952332 0.290285 -0.093797
v -0.965359 0.242980 -0.095080
v -0.976062 0.195090 -0.096134
v -0.984412 0.146730 -0.096956
v -0.990392 0.098017 -0.097545
v -0.993986 0.049068 -0.097899
v -0.995184 0.000000 -0.098017
v -0.993986 -0.049068 -0.097899
v -0.990392 -0.098017 -0.097545
v -0.984412 -0.146730 -0.096956
v -0.976062 -0.195090 -0.096134
v -0.965359 -0.242980 -0.095080
v -0.952332 -0.290285 -0.093797
v -0.937010 -0.336890 -0.092287
v -0.919430 -0.382683 -0.090556
v -0.899636 -0.427555 -0.088606
v -0.877674 -0.471397 -0.086443
v -0.853598 -0.514103 -0.084072
v -0.827466 -0.555570 -0.081498
v -0.799339 -0.595699 -0.078728
v -0.769288 -0.634393 -0.075768
v -0.737383 -0.671559 -0.072626
v -0.703702 -0.707107 -0.069309
v -0.668325 -0.740951 -0.065824
v -0.631338 -0.773010 -0.062181
v -0.592830 -0.803208 -0.058389
v -0.552895 -0.831470 -0.054455
v -0.511627 -0.857729 -0.050391
v -0.469127 -0.881921 -0.046205
v -0.425496 -0.903989 -0.041908
v -0.380840 -0.923880 -0.037510
v -0.335268 -0.941544 -0.033021
v -0.288887 -0.956940 -0.028453
v -0.241810 -0.970031 -0.023816
v -0.194151 -0.980785 -0.019122
v -0.146024 -0.989177 -0.014382
v -0.097545 -0.995185 -0.009607
v -0.048831 -0.998795 -0.004809
v -0.048125 0.998795 -0.009573
v -0.096134 0.995185 -0.019122
v -0.143911 0.989177 -0.028626
v -0.191342 0.980785 -0.038060
v -0.238311 0.970031 -0.047403
v -0.284707 0.956940 -0.056632
v -0.330416 0.941544 -0.065724
v -0.375330 0.923880 -0.074658
v -0.419340 0.903989 -0.083412
v -0.462339 0.881921 -0.091965
v -0.504224 0.857729 -0.100296
v -0.544896 0.831470 -0.108386
v -0.584253 0.803208 -0.116215
v -0.622204 0.773010 -0.123764
v -0.658655 0.740951 -0.131015
v -0.693520 0.707107 -0.137950
v -0.726714 0.671559 -0.144552
v -0.758157 0.634393 -0.150807
v -0.787774 0.595699 -0.156698
v -0.815493 0.555570 -0.162212
v -0.841247 0.514103 -0.167335
v -0.864975 0.471397 -0.172054
v -0.886619 0.427555 -0.176360
v -0.906127 0.382683 -0.180240
v -0.923452 0.336890 -0.183686
v -0.938553 0.290285 -0.186690
v -0.951392 0.242980 -0.189244
v -0.961940 0.195090 -0.191342
v -0.970169 0.146730 -0.192979
v -0.976062 0.098017 -0.194151
v -0.979603 0.049068 -0.194855
v -0.980785 0.000000 -0.195091
v -0.979603 -0.049068 -0.194855
v -0.976062 -0.098017 -0.194151
v -0.970169 -0.146730 -0.192979
v -0.961940 -0.195090 -0.191342
v -0.951392 -0.242980 -0.189244
v -0.938553 -0.290285 -0.186690
v -0.923452 -0.336890 -0.183686
v -0.906127 -0.382683 -0.180240
v -0.886619 -0.427555 -0.176360
v -0.864975 -0.471397 -0.172054
v -0.841247 -0.514103 -0.167335
v -0.815493 -0.555570 -0.162212
v -0.787774 -0.595699 -0.156698
v -0.758157 -0.634393 -0.150807
v -0.726714 -0.671559 -0.144552
v -0.693520 -0.707107 -0.137950
v -0.658655 -0.740951 -0.131015
v -0.622204 -0.773010 -0.123764
v -0.584253 -0.803208 -0.116215
v -0.544896 -0.831470 -0.108386
v -0.504224 -0.857729 -0.100296
v -0.462339 -0.881921 -0.091965
v -0.419340 -0.903989 -0.083412
v -0.375330 -0.923880 -0.074658
v -0.330416 -0.941544 -0.065724
v -0.284707 -0.956940 -0.056632
v -0.238311 -0.970031 -0.047403
v -0.191342 -0.980785 -0.038060
v -0.143911 -0.989177 -0.028626
v -0.096134 -0.995185 -0.019122
v -0.048125 -0.998795 -0.009573
v -0.046955 0.998795 -0.014244
v -0.093796 0.995185 -0.028453
v -0.140412 0.989177 -0.042594
v -0.186690 0.980785 -0.056632
v -0.232517 0.970031 -0.070533
v -0.277785 0.956940 -0.084265
v -0.322383 0.941544 -0.097794
v -0.366205 0.923880 -0.111087
v -0.409145 0.903989 -0.124113
v -0.451098 0.881921 -0.136839
v -0.491965 0.857729 -0.149236
v -0.531648 0.831470 -0.161274
v -0.570048 0.803208 -0.172922
v -0.607076 0.773010 -0.184155
v -0.642642 0.740951 -0.194943
v -0.676659 0.707107 -0.205262
v -0.709046 0.671559 -0.215087
v -0.739725 0.634393 -0.224393
v -0.768621 0.595699 -0.233159
v -0.795667 0.555570 -0.241363
v -0.820795 0.514103 -0.248985
v -0.843946 0.471397 -0.256008
v -0.865064 0.427555 -0.262414
v -0.884097 0.382683 -0.268188
v -0.901001 0.336890 -0.273316
v -0.915735 0.290285 -0.277785
v -0.928261 0.242980 -0.281585
v -0.938553 0.195090 -0.284707
v -0.946582 0.146730 -0.287143
v -0.952332 0.098017 -0.288887
v -0.955787 0.049068 -0.289935
v -0.956940 0.000000 -0.290285
v -0.955787 -0.049068 -0.289935
v -0.952332 -0.098017 -0.288887
v -0.946582 -0.146730 -0.287143
v -0.938553 -0.195090 -0.284707
v -0.928261 -0.242980 -0.281585
v -0.915735 -0.290285 -0.277785
v -0.901001 -0.336890 -0.273316
v -0.884097 -0.382683 -0.268188
v -0.865064 -0.427555 -0.262414
v -0.843946 -0.471397 -0.256008
v -0.820795 -0.514103 -0.248985
v -0.795667 -0.555570 -0.241363
v -0.768621 -0.595699 -0.233159
v -0.739725 -0.634393 -0.224393
v -0.709046 -0.671559 -0.215087
v -0.676659 -0.707107 -0.205262
v -0.642642 -0.740951 -0.194943
v -0.607076 -0.773010 -0.184155
v -0.570048 -0.803208 -0.172922
v -0.531648 -0.831470 -0.161274
v -0.491965 -0.857729 -0.149236
v -0.451098 -0.881921 -0.136839
v -0.409145 -0.903989 -0.124113
v -0.366205 -0.923880 -0.111087
v -0.322383 -0.941544 -0.097794
v -0.277785 -0.956940 -0.084265
v -0.232517 -0.970031 -0.070533
v -0.186690 -0.980785 -0.056632
v -0.140412 -0.989177 -0.042594
v -0.093796 -0.995185 -0.028453
v -0.046955 -0.998795 -0.014244
v -0.045333 0.998795 -0.018777
v -0.090556 0.995185 -0.037510
v -0.135561 0.989177 -0.056151
v -0.180240 0.980785 -0.074658
v -0.224484 0.970031 -0.092984
v -0.268188 0.956940 -0.111087
v -0.311245 0.941544 -0.128922
v -0.353553 0.923880 -0.146446
v -0.395010 0.903989 -0.163618
v -0.435514 0.881921 -0.180396
v -0.474968 0.857729 -0.196738
v -0.513280 0.831470 -0.212608
v -0.550354 0.803208 -0.227964
v -0.586103 0.773010 -0.242772
v -0.620439 0.740951 -0.256994
v -0.653281 0.707107 -0.270598
v -0.684549 0.671559 -0.283550
v -0.714168 0.634393 -0.295818
v -0.742067 0.595699 -0.307374
v -0.768178 0.555570 -0.318190
v -0.792437 0.514103 -0.328238
v -0.814789 0.471397 -0.337497
v -0.835177 0.427555 -0.345942
v -0.853553 0.382683 -0.353553
v -0.869873 0.336890 -0.360313
v -0.884098 0.290285 -0.366205
v -0.896191 0.242980 -0.371215
v -0.906127 0.195090 -0.375330
v -0.913879 0.146730 -0.378541
v -0.919430 0.098017 -0.380841
v -0.922766 0.049068 -0.382222
v -0.923879 0.000000 -0.382684
v -0.922766 -0.049068 -0.382222
v -0.919430 -0.098017 -0.380841
v -0.913879 -0.146730 -0.378541
v -0.906127 -0.195090 -0.375330
v -0.896191 -0.242980 -0.371215
v -0.884098 -0.290285 -0.366205
v -0.869873 -0.336890 -0.360313
v -0.853553 -0.382683 -0.353553
v -0.835177 -0.427555 -0.345942
v -0.814789 -0.471397 -0.337497
v -0.792437 -0.514103 -0.328238
v -0.768178 -0.555570 -0.318190
v -0.742067 -0.595699 -0.307374
v -0.714168 -0.634393 -0.295818
v -0.684549 -0.671559 -0.283550
v -0.653281 -0.707107 -0.270598
v -0.620439 -0.740951 -0.256994
v -0.586103 -0.773010 -0.242772
v -0.550354 -0.803208 -0.227964
v -0.513280 -0.831470 -0.212608
v -0.474968 -0.857729 -0.196738
v -0.435514 -0.881921 -0.180396
v -0.395010 -0.903989 -0.163618
v -0.353553 -0.923880 -0.146446
v -0.311245 -0.941544 -0.128922
v -0.268188 -0.956940 -0.111087
v -0.224484 -0.970031 -0.092984
v -0.180240 -0.980785 -0.074658
v -0.135561 -0.989177 -0.056151
v -0.090556 -0.995185 -0.037510
v -0.045333 -0.998795 -0.018777
v -0.043274 0.998795 -0.023130
v -0.086443 0.995185 -0.046205
v -0.129405 0.989177 -0.069168
v -0.172054 0.980785 -0.091965
v -0.214289 0.970031 -0.114540
v -0.256008 0.956940 -0.136839
v -0.297110 0.941544 -0.158809
v -0.337496 0.923880 -0.180396
v -0.377070 0.903989 -0.201548
v -0.415735 0.881921 -0.222215
v -0.453398 0.857729 -0.242346
v -0.489970 0.831470 -0.261894
v -0.525360 0.803208 -0.280811
v -0.559485 0.773010 -0.299051
v -0.592262 0.740951 -0.316571
v -0.623612 0.707107 -0.333328
v -0.653460 0.671559 -0.349282
v -0.681734 0.634393 -0.364394
v -0.708365 0.595699 -0.378629
v -0.733291 0.555570 -0.391952
v -0.756449 0.514103 -0.404330
v -0.777785 0.471397 -0.415735
v -0.797247 0.427555 -0.426138
v -0.814788 0.382683 -0.435514
v -0.830368 0.336890 -0.443841
v -0.843946 0.290285 -0.451099
v -0.855490 0.242980 -0.457269
v -0.864975 0.195090 -0.462339
v -0.872375 0.146730 -0.466294
v -0.877674 0.098017 -0.469127
v -0.880858 0.049068 -0.470829
v -0.881921 0.000000 -0.471397
v -0.880858 -0.049068 -0.470829
v -0.877674 -0.098017 -0.469127
v -0.872375 -0.146730 -0.466294
v -0.864975 -0.195090 -0.462339
v -0.855490 -0.242980 -0.457269
v -0.843946 -0.290285 -0.451099
v -0.830368 -0.336890 -0.443841
v -0.814788 -0.382683 -0.435514
v -0.797247 -0.427555 -0.426138
v -0.777785 -0.471397 -0.415735
v -0.756449 -0.514103 -0.404330
v -0.733291 -0.555570 -0.391952
v -0.708365 -0.595699 -0.378629
v -0.681734 -0.634393 -0.364394
v -0.653460 -0.671559 -0.349282
v -0.623612 -0.707107 -0.333328
v -0.592262 -0.740951 -0.316571
v -0.559485 -0.773010 -0.299051
v -0.525360 -0.803208 -0.280811
v -0.489970 -0.831470 -0.261894
v -0.453398 -0.857729 -0.242346
v -0.415735 -0.881921 -0.222215
v -0.377070 -0.903989 -0.201548
v -0.337496 -0.923880 -0.180396
v -0.297110 -0.941544 -0.158809
v -0.256008 -0.956940 -0.136839
v -0.214289 -0.970031 -0.114540
v -0.172054 -0.980785 -0.091965
v -0.129405 -0.989177 -0.069168
v -0.086443 -0.995185 -0.046205
v -0.043274 -0.998795 -0.023130
v -0.040798 0.998795 -0.027261
v -0.081498 0.995185 -0.054455
v -0.122002 0.989177 -0.081519
v -0.162212 0.980785 -0.108386
v -0.202030 0.970031 -0.134992
v -0.241363 0.956940 -0.161274
v -0.280114 0.941544 -0.187166
v -0.318189 0.923880 -0.212607
v -0.355499 0.903989 -0.237537
v -0.391952 0.881921 -0.261894
v -0.427460 0.857729 -0.285620
v -0.461940 0.831470 -0.308659
v -0.495306 0.803208 -0.330953
v -0.527479 0.773010 -0.352450
v -0.558381 0.740951 -0.373098
v -0.587938 0.707107 -0.392847
v -0.616078 0.671559 -0.411650
v -0.642735 0.634393 -0.429461
v -0.667842 0.595699 -0.446238
v -0.691342 0.555570 -0.461940
v -0.713175 0.514103 -0.476528
v -0.733290 0.471397 -0.489969
v -0.751640 0.427555 -0.502230
v -0.768177 0.382683 -0.513280
v -0.782865 0.336890 -0.523094
v -0.795667 0.290285 -0.531648
v -0.806551 0.242980 -0.538920
v -0.815493 0.195090 -0.544895
v -0.822469 0.146730 -0.549557
v -0.827465 0.098017 -0.552895
v -0.830468 0.049068 -0.554901
v -0.831469 0.000000 -0.555570
v -0.830468 -0.049068 -0.554901
v -0.827465 -0.098017 -0.552895
v -0.822469 -0.146730 -0.549557
v -0.815493 -0.195090 -0.544895
v -0.806551 -0.242980 -0.538920
v -0.795667 -0.290285 -0.531648
v -0.782865 -0.336890 -0.523094
v -0.768177 -0.382683 -0.513280
v -0.751640 -0.427555 -0.502230
v -0.733290 -0.471397 -0.489969
v -0.713175 -0.514103 -0.476528
v -0.691342 -0.555570 -0.461940
v -0.667842 -0.595699 -0.446238
v -0.642735 -0.634393 -0.429461
v -0.616078 -0.671559 -0.411650
v -0.587938 -0.707107 -0.392847
v -0.558381 -0.740951 -0.373098
v -0.527479 -0.773010 -0.352450
v -0.495306 -0.803208 -0.330953
v -0.461940 -0.831470 -0.308659
v -0.427460 -0.857729 -0.285620
v -0.391952 -0.881921 -0.261894
v -0.355499 -0.903989 -0.237537
v -0.318189 -0.923880 -0.212607
v -0.280114 -0.941544 -0.187166
v -0.241363 -0.956940 -0.161274
v -0.202030 -0.970031 -0.134992
v -0.162212 -0.980785 -0.108386
v -0.122002 -0.989177 -0.081519
v -0.081498 -0.995185 -0.054455
v -0.040798 -0.998795 -0.027261
v -0.037930 0.998795 -0.031128
v -0.075768 0.995185 -0.062181
v -0.113424 0.989177 -0.093085
v -0.150807 0.980785 -0.123764
v -0.187826 0.970031 -0.154145
v -0.224393 0.956940 -0.184155
v -0.260419 0.941544 -0.213721
v -0.295818 0.923880 -0.242772
v -0.330505 0.903989 -0.271238
v -0.364394 0.881921 -0.299051
v -0.397406 0.857729 -0.326143
v -0.429462 0.831470 -0.352450
v -0.460481 0.803208 -0.377908
v -0.490393 0.773010 -0.402455
v -0.519122 0.740951 -0.426032
v -0.546601 0.707107 -0.448584
v -0.572763 0.671559 -0.470054
v -0.597545 0.634393 -0.490392
v -0.620887 0.595699 -0.509549
v -0.642735 0.555570 -0.527479
v -0.663033 0.514103 -0.544137
v -0.681734 0.471397 -0.559485
v -0.698793 0.427555 -0.573485
v -0.714168 0.382683 -0.586103
v -0.727823 0.336890 -0.597309
v -0.739725 0.290285 -0.607077
v -0.749843 0.242980 -0.615381
v -0.758157 0.195090 -0.622204
v -0.764643 0.146730 -0.627526
v -0.769288 0.098017 -0.631338
v -0.772079 0.049068 -0.633629
v -0.773010 0.000000 -0.634393
v -0.772079 -0.049068 -0.633629
v -0.769288 -0.098017 -0.631338
v -0.764643 -0.146730 -0.627526
v -0.758157 -0.195090 -0.622204
v -0.749843 -0.242980 -0.615381
v -0.739725 -0.290285 -0.607077
v -0.727823 -0.336890 -0.597309
v -0.714168 -0.382683 -0.586103
v -0.698793 -0.427555 -0.573485
v -0.681734 -0.471397 -0.559485
v -0.663033 -0.514103 -0.544137
v -0.642735 -0.555570 -0.527479
v -0.620887 -0.595699 -0.509549
v -0.597545 -0.634393 -0.490392
v -0.572763 -0.671559 -0.470054
v -0.546601 -0.707107 -0.448584
v -0.519122 -0.740951 -0.426032
v -0.490393 -0.773010 -0.402455
v -0.460481 -0.803208 -0.377908
v -0.429462 -0.831470 -0.352450
v -0.397406 -0.857729 -0.326143
v -0.364394 -0.881921 -0.299051
v -0.330505 -0.903989 -0.271238
v -0.295818 -0.923880 -0.242772
v -0.260419 -0.941544 -0.213721
v -0.224393 -0.956940 -0.184155
v -0.187826 -0.970031 -0.154145
v -0.150807 -0.980785 -0.123764
v -0.113424 -0.989177 -0.093085
v -0.075768 -0.995185 -0.062181
v -0.037930 -0.998795 -0.031128
v -0.034696 0.998795 -0.034696
v -0.069309 0.995185 -0.069309
v -0.103754 0.989177 -0.103754
v -0.137950 0.980785 -0.137950
v -0.171813 0.970031 -0.171813
v -0.205262 0.956940 -0.205262
v -0.238217 0.941544 -0.238217
v -0.270598 0.923880 -0.270598
v -0.302327 0.903989 -0.302327
v -0.333328 0.881921 -0.333328
v -0.363525 0.857729 -0.363525
v -0.392848 0.831470 -0.392848
v -0.421223 0.803208 -0.421223
v -0.448584 0.773010 -0.448584
v -0.474864 0.740951 -0.474864
v -0.500000 0.707107 -0.500000
v -0.523931 0.671559 -0.523931
v -0.546601 0.634393 -0.546601
v -0.567953 0.595699 -0.567953
v -0.587938 0.555570 -0.587938
v -0.606505 0.514103 -0.606505
v -0.623612 0.471397 -0.623612
v -0.639217 0.427555 -0.639217
v -0.653281 0.382683 -0.653281
v -0.665772 0.336890 -0.665772
v -0.676659 0.290285 -0.676659
v -0.685915 0.242980 -0.685915
v -0.693520 0.195090 -0.693520
v -0.699452 0.146730 -0.699453
v -0.703702 0.098017 -0.703702
v -0.706255 0.049068 -0.706255
v -0.707106 0.000000 -0.707107
v -0.706255 -0.049068 -0.706255
v -0.703702 -0.098017 -0.703702
v -0.699452 -0.146730 -0.699453
v -0.693520 -0.195090 -0.693520
v -0.685915 -0.242980 -0.685915
v -0.676659 -0.290285 -0.676659
v -0.665772 -0.336890 -0.665772
v -0.653281 -0.382683 -0.653281
v -0.639217 -0.427555 -0.639217
v -0.623612 -0.471397 -0.623612
v -0.606505 -0.514103 -0.606505
v -0.587938 -0.555570 -0.587938
v -0.567953 -0.595699 -0.567953
v -0.546601 -0.634393 -0.546601
v -0.523931 -0.671559 -0.523931
v -0.500000 -0.707107 -0.500000
v -0.474864 -0.740951 -0.474864
v -0.448584 -0.773010 -0.448584
v -0.421223 -0.803208 -0.421223
v -0.392848 -0.831470 -0.392848
v -0.363525 -0.857729 -0.363525
v -0.333328 -0.881921 -0.333328
v -0.302327 -0.903989 -0.302327
v -0.270598 -0.923880 -0.270598
v -0.238217 -0.941544 -0.238217
v -0.205262 -0.956940 -0.205262
v -0.171813 -0.970031 -0.171813
v -0.137950 -0.980785 -0.137950
v -0.103754 -0.989177 -0.103754
v -0.069309 -0.995185 -0.069309
v -0.034696 -0.998795 -0.034696
v -0.031128 0.998795 -0.037930
v -0.062181 0.995185 -0.075768
v -0.093085 0.989177 -0.113424
v -0.123764 0.980785 -0.150807
v -0.154145 0.970031 -0.187826
v -0.184155 0.956940 -0.224393
v -0.213721 0.941544 -0.260419
v -0.242772 0.923880 -0.295818
v -0.271238 0.903989 -0.330505
v -0.299051 0.881921 -0.364394
v -0.326143 0.857729 -0.397406
v -0.352450 0.831470 -0.429462
v -0.377907 0.803208 -0.460482
v -0.402455 0.773010 -0.490393
v -0.426032 0.740951 -0.519122
v -0.448584 0.707107 -0.546601
v -0.470054 0.671559 -0.572763
v -0.490393 0.634393 -0.597545
v -0.509549 0.595699 -0.620887
v -0.527479 0.555570 -0.642735
v -0.544137 0.514103 -0.663033
v -0.559485 0.471397 -0.681734
v -0.573485 0.427555 -0.698793
v -0.586102 0.382683 -0.714168
v -0.597309 0.336890 -0.727823
v -0.607076 0.290285 -0.739725
v -0.615381 0.242980 -0.749844
v -0.622203 0.195090 -0.758157
v -0.627526 0.146730 -0.764643
v -0.631338 0.098017 -0.769288
v -0.633629 0.049068 -0.772079
v -0.634393 0.000000 -0.773010
v -0.633629 -0.049068 -0.772079
v -0.631338 -0.098017 -0.769288
v -0.627526 -0.146730 -0.764643
v -0.622203 -0.195090 -0.758157
v -0.615381 -0.242980 -0.749844
v -0.607076 -0.290285 -0.739725
v -0.597309 -0.336890 -0.727823
v -0.586102 -0.382683 -0.714168
v -0.573485 -0.427555 -0.698793
v -0.559485 -0.471397 -0.681734
v -0.544137 -0.514103 -0.663033
v -0.527479 -0.555570 -0.642735
v -0.509549 -0.595699 -0.620887
v -0.490393 -0.634393 -0.597545
v -0.470054 -0.671559 -0.572763
v -0.448584 -0.707107 -0.546601
v -0.426032 -0.740951 -0.519122
v -0.402455 -0.773010 -0.490393
v -0.377907 -0.803208 -0.460482
v -0.352450 -0.831470 -0.429462
v -0.326143 -0.857729 -0.397406
v -0.299051 -0.881921 -0.364394
v -0.271238 -0.903989 -0.330505
v -0.242772 -0.923880 -0.295818
v -0.213721 -0.941544 -0.260419
v -0.184155 -0.956940 -0.224393
v -0.154145 -0.970031 -0.187826
v -0.123764 -0.980785 -0.150807
v -0.093085 -0.989177 -0.113424
v -0.062181 -0.995185 -0.075768
v -0.031128 -0.998795 -0.037930
v -0.027261 0.998795 -0.040798
v -0.054455 0.995185 -0.081498
v -0.081519 0.989177 -0.122002
v -0.108386 0.980785 -0.162212
v -0.134992 0.970031 -0.202030
v -0.161274 0.956940 -0.241363
v -0.187166 0.941544 -0.280114
v -0.212607 0.923880 -0.318189
v -0.237537 0.903989 -0.355499
v -0.261894 0.881921 -0.391952
v -0.285620 0.857729 -0.427460
v -0.308659 0.831470 -0.461940
v -0.330952 0.803208 -0.495306
v -0.352450 0.773010 -0.527479
v -0.373098 0.740951 -0.558381
v -0.392847 0.707107 -0.587938
v -0.411650 0.671559 -0.616078
v -0.429461 0.634393 -0.642734
v -0.446238 0.595699 -0.667842
v -0.461940 0.555570 -0.691342
v -0.476528 0.514103 -0.713175
v -0.489969 0.471397 -0.733290
v -0.502230 0.427555 -0.751640
v -0.513280 0.382683 -0.768177
v -0.523094 0.336890 -0.782865
v -0.531647 0.290285 -0.795667
v -0.538920 0.242980 -0.806551
v -0.544895 0.195090 -0.815493
v -0.549556 0.146730 -0.822469
v -0.552895 0.098017 -0.827466
v -0.554901 0.049068 -0.830468
v -0.555570 0.000000 -0.831469
v -0.554901 -0.049068 -0.830468
v -0.552895 -0.098017 -0.827466
v -0.549556 -0.146730 -0.822469
v -0.544895 -0.195090 -0.815493
v -0.538920 -0.242980 -0.806551
v -0.531647 -0.290285 -0.795667
v -0.523094 -0.336890 -0.782865
v -0.513280 -0.382683 -0.768177
v -0.502230 -0.427555 -0.751640
v -0.489969 -0.471397 -0.733290
v -0.476528 -0.514103 -0.713175
v -0.461940 -0.555570 -0.691342
v -0.446238 -0.595699 -0.667842
v -0.429461 -0.634393 -0.642734
v -0.411650 -0.671559 -0.616078
v -0.392847 -0.707107 -0.587938
v -0.373098 -0.740951 -0.558381
v -0.352450 -0.773010 -0.527479
v -0.330952 -0.803208 -0.495306
v -0.308659 -0.831470 -0.461940
v -0.285620 -0.857729 -0.427460
v -0.261894 -0.881921 -0.391952
v -0.237537 -0.903989 -0.355499
v -0.212607 -0.923880 -0.318189
v -0.187166 -0.941544 -0.280114
v -0.161274 -0.956940 -0.241363
v -0.134992 -0.970031 -0.202030
v -0.108386 -0.980785 -0.162212
v -0.081519 -0.989177 -0.122002
v -0.054455 -0.995185 -0.081498
v -0.027261 -0.998795 -0.040798
v -0.023130 0.998795 -0.043274
v -0.046205 0.995185 -0.086443
v -0.069168 0.989177 -0.129405
v -0.091965 0.980785 -0.172054
v -0.114540 0.970031 -0.214289
v -0.136839 0.956940 -0.256008
v -0.158809 0.941544 -0.297110
v -0.180396 0.923880 -0.337496
v -0.201548 0.903989 -0.377070
v -0.222215 0.881921 -0.415735
v -0.242346 0.857729 -0.453398
v -0.261894 0.831470 -0.489970
v -0.280810 0.803208 -0.525360
v -0.299051 0.773010 -0.559485
v -0.316571 0.740951 -0.592262
v -0.333328 0.707107 -0.623612
v -0.349282 0.671559 -0.653460
v -0.364395 0.634393 -0.681734
v -0.378629 0.595699 -0.708365
v -0.391952 0.555570 -0.733291
v -0.404330 0.514103 -0.756449
v -0.415735 0.471397 -0.777785
v -0.426138 0.427555 -0.797247
v -0.435513 0.382683 -0.814789
v -0.443841 0.336890 -0.830367
v -0.451098 0.290285 -0.843946
v -0.457269 0.242980 -0.855490
v -0.462339 0.195090 -0.864975
v -0.466294 0.146730 -0.872375
v -0.469127 0.098017 -0.877674
v -0.470829 0.049068 -0.880859
v -0.471396 0.000000 -0.881921
v -0.470829 -0.049068 -0.880859
v -0.469127 -0.098017 -0.877674
v -0.466294 -0.146730 -0.872375
v -0.462339 -0.195090 -0.864975
v -0.457269 -0.242980 -0.855490
v -0.451098 -0.290285 -0.843946
v -0.443841 -0.336890 -0.830367
v -0.435513 -0.382683 -0.814789
v -0.426138 -0.427555 -0.797247
v -0.415735 -0.471397 -0.777785
v -0.404330 -0.514103 -0.756449
v -0.391952 -0.555570 -0.733291
v -0.378629 -0.595699 -0.708365
v -0.364395 -0.634393 -0.681734
v -0.349282 -0.671559 -0.653460
v -0.333328 -0.707107 -0.623612
v -0.316571 -0.740951 -0.592262
v -0.299051 -0.773010 -0.559485
v -0.280810 -0.803208 -0.525360
v -0.261894 -0.831470 -0.489970
v -0.242346 -0.857729 -0.453398
v -0.222215 -0.881921 -0.415735
v -0.201548 -0.903989 -0.377070
v -0.180396 -0.923880 -0.337496
v -0.158809 -0.941544 -0.297110
v -0.136839 -0.956940 -0.256008
v -0.114540 -0.970031 -0.214289
v -0.091965 -0.980785 -0.172054
v -0.069168 -0.989177 -0.129405
v -0.046205 -0.995185 -0.086443
v -0.023130 -0.998795 -0.043274
v -0.018777 0.998795 -0.045333
v -0.037509 0.995185 -0.090556
v -0.056151 0.989177 -0.135561
v -0.074658 0.980785 -0.180240
v -0.092984 0.970031 -0.224484
v -0.111087 0.956940 -0.268188
v -0.128922 0.941544 -0.311246
v -0.146446 0.923880 -0.353553
v -0.163618 0.903989 -0.395010
v -0.180396 0.881921 -0.435514
v -0.196738 0.857729 -0.474968
v -0.212608 0.831470 -0.513280
v -0.227964 0.803208 -0.550354
v -0.242772 0.773010 -0.586103
v -0.256994 0.740951 -0.620439
v -0.270598 0.707107 -0.653281
v -0.283549 0.671559 -0.684549
v -0.295818 0.634393 -0.714168
v -0.307374 0.595699 -0.742066
v -0.318190 0.555570 -0.768178
v -0.328238 0.514103 -0.792438
v -0.337496 0.471397 -0.814789
v -0.345942 0.427555 -0.835177
v -0.353553 0.382683 -0.853553
v -0.360313 0.336890 -0.869873
v -0.366205 0.290285 -0.884098
v -0.371214 0.242980 -0.896191
v -0.375330 0.195090 -0.906127
v -0.378541 0.146730 -0.913879
v -0.380840 0.098017 -0.919430
v -0.382222 0.049068 -0.922766
v -0.382683 0.000000 -0.923879
v -0.382222 -0.049068 -0.922766
v -0.380840 -0.098017 -0.919430
v -0.378541 -0.146730 -0.913879
v -0.375330 -0.195090 -0.906127
v -0.371214 -0.242980 -0.896191
v -0.366205 -0.290285 -0.884098
v -0.360313 -0.336890 -0.869873
v -0.353553 -0.382683 -0.853553
v -0.345942 -0.427555 -0.835177
v -0.337496 -0.471397 -0.814789
v -0.328238 -0.514103 -0.792438
v -0.318190 -0.555570 -0.768178
v -0.307374 -0.595699 -0.742066
v -0.295818 -0.634393 -0.714168
v -0.283549 -0.671559 -0.684549
v -0.270598 -0.707107 -0.653281
v -0.256994 -0.740951 -0.620439
v -0.242772 -0.773010 -0.586103
v -0.227964 -0.803208 -0.550354
v -0.212608 -0.831470 -0.513280
v -0.196738 -0.857729 -0.474968
v -0.180396 -0.881921 -0.435514
v -0.163618 -0.903989 -0.395010
v -0.146446 -0.923880 -0.353553
v -0.128922 -0.941544 -0.311246
v -0.111087 -0.956940 -0.268188
v -0.092984 -0.970031 -0.224484
v -0.074658 -0.980785 -0.180240
v -0.056151 -0.989177 -0.135561
v -0.037509 -0.995185 -0.090556
v -0.018777 -0.998795 -0.045333
v -0.014244 0.998795 -0.046955
v -0.028453 0.995185 -0.093796
v -0.042594 0.989177 -0.140412
v -0.056632 0.980785 -0.186690
v -0.070533 0.970031 -0.232517
v -0.084265 0.956940 -0.277785
v -0.097794 0.941544 -0.322383
v -0.111087 0.923880 -0.366205
v -0.124113 0.903989 -0.409145
v -0.136839 0.881921 -0.451098
v -0.149236 0.857729 -0.491965
v -0.161274 0.831470 -0.531648
v -0.172922 0.803208 -0.570048
v -0.184155 0.773010 -0.607076
v -0.194943 0.740951 -0.642642
v -0.205262 0.707107 -0.676659
v -0.215087 0.671559 -0.709046
v -0.224393 0.634393 -0.739724
v -0.233159 0.595699 -0.768621
v -0.241363 0.555570 -0.795667
v -0.248985 0.514103 -0.820795
v -0.256008 0.471397 -0.843946
v -0.262414 0.427555 -0.865064
v -0.268188 0.382683 -0.884097
v -0.273316 0.336890 -0.901001
v -0.277785 0.290285 -0.915735
v -0.281585 0.242980 -0.928261
v -0.284707 0.195090 -0.938553
v -0.287142 0.146730 -0.946582
v -0.288887 0.098017 -0.952332
v -0.289935 0.049068 -0.955787
v -0.290284 0.000000 -0.956940
v -0.289935 -0.049068 -0.955787
v -0.288887 -0.098017 -0.952332
v -0.287142 -0.146730 -0.946582
v -0.284707 -0.195090 -0.938553
v -0.281585 -0.242980 -0.928261
v -0.277785 -0.290285 -0.915735
v -0.273316 -0.336890 -0.901001
v -0.268188 -0.382683 -0.884097
v -0.262414 -0.427555 -0.865064
v -0.256008 -0.471397 -0.843946
v -0.248985 -0.514103 -0.820795
v -0.241363 -0.555570 -0.795667
v -0.233159 -0.595699 -0.768621
v -0.224393 -0.634393 -0.739724
v -0.215087 -0.671559 -0.709046
v -0.205262 -0.707107 -0.676659
v -0.194943 -0.740951 -0.642642
v -0.184155 -0.773010 -0.607076
v -0.172922 -0.803208 -0.570048
v -0.161274 -0.831470 -0.531648
v -0.149236 -0.857729 -0.491965
v -0.136839 -0.881921 -0.451098
v -0.124113 -0.903989 -0.409145
v -0.111087 -0.923880 -0.366205
v -0.097794 -0.941544 -0.322383
v -0.084265 -0.956940 -0.277785
v -0.070533 -0.970031 -0.232517
v -0.056632 -0.980785 -0.186690
v -0.042594 -0.989177 -0.140412
v -0.028453 -0.995185 -0.093796
v -0.014244 -0.998795 -0.046955
v -0.009573 0.998795 -0.048125
v -0.019122 0.995185 -0.096134
v -0.028626 0.989177 -0.143911
v -0.038060 0.980785 -0.191342
v -0.047403 0.970031 -0.238311
v -0.056632 0.956940 -0.284707
v -0.065724 0.941544 -0.330416
v -0.074658 0.923880 -0.375330
v -0.083412 0.903989 -0.419340
v -0.091965 0.881921 -0.462339
v -0.100296 0.857729 -0.504224
v -0.108386 0.831470 -0.544896
v -0.116215 0.803208 -0.584253
v -0.123764 0.773010 -0.622204
v -0.131014 0.740951 -0.658655
v -0.137950 0.707107 -0.693520
v -0.144552 0.671559 -0.726713
v -0.150807 0.634393 -0.758157
v -0.156698 0.595699 -0.787773
v -0.162212 0.555570 -0.815493
v -0.167334 0.514103 -0.841247
v -0.172054 0.471397 -0.864975
v -0.176360 0.427555 -0.886619
v -0.180240 0.382683 -0.906127
v -0.183686 0.336890 -0.923452
v -0.186690 0.290285 -0.938553
v -0.189243 0.242980 -0.951391
v -0.191342 0.195090 -0.961940
v -0.192978 0.146730 -0.970168
v -0.194151 0.098017 -0.976062
v -0.194855 0.049068 -0.979603
v -0.195090 0.000000 -0.980785
v -0.194855 -0.049068 -0.979603
v -0.194151 -0.098017 -0.976062
v -0.192978 -0.146730 -0.970168
v -0.191342 -0.195090 -0.961940
v -0.189243 -0.242980 -0.951391
v -0.186690 -0.290285 -0.938553
v -0.183686 -0.336890 -0.923452
v -0.180240 -0.382683 -0.906127
v -0.176360 -0.427555 -0.886619
v -0.172054 -0.471397 -0.864975
v -0.167334 -0.514103 -0.841247
v -0.162212 -0.555570 -0.815493
v -0.156698 -0.595699 -0.787773
v -0.150807 -0.634393 -0.758157
v -0.144552 -0.671559 -0.726713
v -0.137950 -0.707107 -0.693520
v -0.131014 -0.740951 -0.658655
v -0.123764 -0.773010 -0.622204
v -0.116215 -0.803208 -0.584253
v -0.108386 -0.831470 -0.544896
v -0.100296 -0.857729 -0.504224
v -0.091965 -0.881921 -0.462339
v -0.083412 -0.903989 -0.419340
v -0.074658 -0.923880 -0.375330
v -0.065724 -0.941544 -0.330416
v -0.056632 -0.956940 -0.284707
v -0.047403 -0.970031 -0.238311
v -0.038060 -0.980785 -0.191342
v -0.028626 -0.989177 -0.143911
v -0.019122 -0.995185 -0.096134
v -0.009573 -0.998795 -0.048125
v -0.004809 0.998795 -0.048831
v -0.009607 0.995185 -0.097545
v -0.014382 0.989177 -0.146024
v -0.019122 0.980785 -0.194151
v -0.023816 0.970031 -0.241810
v -0.028453 0.956940 -0.288887
v -0.033021 0.941544 -0.335267
v -0.037509 0.923880 -0.380840
v -0.041908 0.903989 -0.425496
v -0.046205 0.881921 -0.469127
v -0.050391 0.857729 -0.511627
v -0.054455 0.831470 -0.552896
v -0.058389 0.803208 -0.592830
v -0.062181 0.773010 -0.631338
v -0.065824 0.740951 -0.668325
v -0.069308 0.707107 -0.703702
v -0.072626 0.671559 -0.737383
v -0.075768 0.634393 -0.769288
v -0.078728 0.595699 -0.799339
v -0.081499 0.555570 -0.827466
v -0.084072 0.514103 -0.853598
v -0.086443 0.471397 -0.877674
v -0.088606 0.427555 -0.899636
v -0.090556 0.382683 -0.919430
v -0.092288 0.336890 -0.937010
v -0.093796 0.290285 -0.952332
v -0.095079 0.242980 -0.965359
v -0.096134 0.195090 -0.976062
v -0.096956 0.146730 -0.984412
v -0.097545 0.098017 -0.990392
v -0.097899 0.049068 -0.993985
v -0.098017 0.000000 -0.995184
v -0.097899 -0.049068 -0.993985
v -0.097545 -0.098017 -0.990392
v -0.096956 -0.146730 -0.984412
v -0.096134 -0.195090 -0.976062
v -0.095079 -0.242980 -0.965359
v -0.093796 -0.290285 -0.952332
v -0.092288 -0.336890 -0.937010
v -0.090556 -0.382683 -0.919430
v -0.088606 -0.427555 -0.899636
v -0.086443 -0.471397 -0.877674
v -0.084072 -0.514103 -0.853598
v -0.081499 -0.555570 -0.827466
v -0.078728 -0.595699 -0.799339
v -0.075768 -0.634393 -0.769288
v -0.072626 -0.671559 -0.737383
v -0.069308 -0.707107 -0.703702
v -0.065824 -0.740951 -0.668325
v -0.062181 -0.773010 -0.631338
v -0.058389 -0.803208 -0.592830
v -0.054455 -0.831470 -0.552896
v -0.050391 -0.857729 -0.511627
v -0.046205 -0.881921 -0.469127
v -0.041908 -0.903989 -0.425496
v -0.037509 -0.923880 -0.380840
v -0.033021 -0.941544 -0.335267
v -0.028453 -0.956940 -0.288887
v -0.023816 -0.970031 -0.241810
v -0.019122 -0.980785 -0.194151
v -0.014382 -0.989177 -0.146024
v -0.009607 -0.995185 -0.097545
v -0.004809 -0.998795 -0.048831
v 0.000000 0.998795 -0.049068
v 0.000000 0.995185 -0.098017
v 0.000000 0.989177 -0.146730
v 0.000000 0.970031 -0.242980
v 0.000000 0.941544 -0.336890
v 0.000000 0.923880 -0.382683
v 0.000000 0.903989 -0.427555
v 0.000000 0.881921 -0.471396
v 0.000000 0.857729 -0.514102
v -0.000000 0.831470 -0.555571
v -0.000000 0.773010 -0.634393
v -0.000000 0.634393 -0.773010
v 0.000000 0.195090 -0.980785
v 0.000000 -0.049068 -0.998795
v 0.000000 -0.195090 -0.980785
v -0.000000 -0.336890 -0.941544
v -0.000000 -0.634393 -0.773010
v -0.000000 -0.831470 -0.555571
v 0.000000 -0.970031 -0.242980
v 0.000000 -0.989177 -0.146730
v 0.000000 -0.995185 -0.098017
v 0.000000 -0.998795 -0.049068
vn 0.0283 -0.8173 -0.5756
vn 0.0466 0.3133 -0.9485
vn 0.0263 -0.8446 -0.5348
vn 0.0473 0.2664 -0.9627
vn 0.0012 0.9997 -0.0245
vn 0.0242 -0.8698 -0.4928
vn 0.0479 0.2188 -0.9746
vn 0.0036 0.9973 -0.0736
vn 0.0221 -0.8930 -0.4495
vn 0.0483 0.1708 -0.9841
vn 0.0060 0.9925 -0.1224
vn 0.0199 -0.9140 -0.4052
vn 0.0487 0.1223 -0.9913
vn 0.0084 0.9852 -0.1710
vn 0.0177 -0.9328 -0.3598
vn 0.0489 0.0735 -0.9961
vn 0.0108 0.9756 -0.2191
vn 0.0154 -0.9494 -0.3136
vn 0.0491 0.0245 -0.9985
vn 0.0131 0.9637 -0.2667
vn 0.0131 -0.9637 -0.2667
vn 0.0491 -0.0245 -0.9985
vn 0.0154 0.9494 -0.3136
vn 0.0108 -0.9756 -0.2191
vn 0.0489 -0.0735 -0.9961
vn 0.0177 0.9328 -0.3598
vn 0.0084 -0.9852 -0.1710
vn 0.0487 -0.1223 -0.9913
vn 0.0199 0.9140 -0.4052
vn 0.0060 -0.9925 -0.1224
vn 0.0483 -0.1708 -0.9841
vn 0.0221 0.8930 -0.4495
vn 0.0036 -0.9973 -0.0736
vn 0.0479 -0.2188 -0.9746
vn 0.0242 0.8698 -0.4928
vn 0.0012 -0.9997 -0.0245
vn 0.0473 -0.2664 -0.9627
vn 0.0263 0.8446 -0.5348
vn 0.0466 -0.3133 -0.9485
vn 0.0283 0.8173 -0.5756
vn 0.0458 -0.3595 -0.9320
vn 0.0302 0.7880 -0.6150
vn 0.0449 -0.4048 -0.9133
vn 0.0321 0.7568 -0.6528
vn 0.0438 -0.4492 -0.8924
vn 0.0339 0.7238 -0.6891
vn 0.0427 -0.4924 -0.8693
vn 0.0356 0.6891 -0.7238
vn 0.0415 -0.5345 -0.8441
vn 0.0372 0.6527 -0.7567
vn 0.0401 -0.5753 -0.8169
vn 0.0387 0.6148 -0.7878
vn 0.0387 -0.6148 -0.7878
vn 0.0401 0.5753 -0.8169
vn 0.0372 -0.6527 -0.7567
vn 0.0415 0.5345 -0.8441
vn 0.0356 -0.6891 -0.7238
vn 0.0427 0.4924 -0.8693
vn 0.0339 -0.7238 -0.6891
vn 0.0438 0.4492 -0.8924
vn 0.0321 -0.7568 -0.6528
vn 0.0449 0.4048 -0.9133
vn 0.0302 -0.7880 -0.6150
vn 0.0458 0.3595 -0.9320
vn 0.1369 -0.3595 -0.9230
vn 0.0903 0.7880 -0.6090
vn 0.1342 -0.4048 -0.9045
vn 0.0959 0.7568 -0.6465
vn 0.1311 -0.4492 -0.8838
vn 0.1012 0.7238 -0.6825
vn 0.1277 -0.4924 -0.8609
vn 0.1063 0.6891 -0.7168
vn 0.1240 -0.5345 -0.8360
vn 0.1112 0.6527 -0.7494
vn 0.1200 -0.5753 -0.8091
vn 0.1157 0.6148 -0.7802
vn 0.1157 -0.6148 -0.7802
vn 0.1200 0.5753 -0.8091
vn 0.1112 -0.6527 -0.7494
vn 0.1240 0.5345 -0.8360
vn 0.1063 -0.6891 -0.7168
vn 0.1277 0.4924 -0.8609
vn 0.1012 -0.7238 -0.6825
vn 0.1311 0.4492 -0.8838
vn 0.0959 -0.7568 -0.6465
vn 0.1342 0.4048 -0.9045
vn 0.0903 -0.7880 -0.6090
vn 0.1369 0.3595 -0.9230
vn 0.0846 -0.8173 -0.5700
vn 0.1393 0.3133 -0.9394
vn 0.0786 -0.8446 -0.5297
vn 0.1414 0.2664 -0.9534
vn 0.0036 0.9997 -0.0243
vn 0.0724 -0.8698 -0.4880
vn 0.1432 0.2188 -0.9652
vn 0.0108 0.9973 -0.0729
vn 0.0660 -0.8930 -0.4452
vn 0.1446 0.1708 -0.9746
vn 0.0180 0.9925 -0.1212
vn 0.0595 -0.9140 -0.4013
vn 0.1456 0.1223 -0.9818
vn 0.0251 0.9852 -0.1693
vn 0.0529 -0.9328 -0.3564
vn 0.1463 0.0735 -0.9865
vn 0.0322 0.9756 -0.2170
vn 0.0461 -0.9494 -0.3106
vn 0.1467 0.0245 -0.9889
vn 0.0392 0.9637 -0.2641
vn 0.0392 -0.9637 -0.2641
vn 0.1467 -0.0245 -0.9889
vn 0.0461 0.9494 -0.3106
vn 0.0322 -0.9756 -0.2170
vn 0.1463 -0.0735 -0.9865
vn 0.0529 0.9328 -0.3564
vn 0.0251 -0.9852 -0.1693
vn 0.1456 -0.1223 -0.9818
vn 0.0595 0.9140 -0.4013
vn 0.0180 -0.9925 -0.1212
vn 0.1446 -0.1708 -0.9746
vn 0.0660 0.8930 -0.4452
vn 0.0108 -0.9973 -0.0729
vn 0.1432 -0.2188 -0.9652
vn 0.0724 0.8698 -0.4880
vn 0.0036 -0.9997 -0.0243
vn 0.1414 -0.2664 -0.9534
vn 0.0786 0.8446 -0.5297
vn 0.1393 -0.3133 -0.9394
vn 0.0846 0.8173 -0.5700
vn 0.2171 -0.4492 -0.8667
vn 0.1677 0.7238 -0.6693
vn 0.2115 -0.4924 -0.8443
vn 0.1761 0.6891 -0.7029
vn 0.2054 -0.5345 -0.8198
vn 0.1841 0.6527 -0.7349
vn 0.1987 -0.5753 -0.7934
vn 0.1916 0.6148 -0.7651
vn 0.1916 -0.6148 -0.7651
vn 0.1987 0.5753 -0.7934
vn 0.1841 -0.6527 -0.7349
vn 0.2054 0.5345 -0.8198
vn 0.1761 -0.6891 -0.7029
vn 0.2115 0.4924 -0.8443
vn 0.1677 -0.7238 -0.6693
vn 0.2171 0.4492 -0.8667
vn 0.1588 -0.7568 -0.6340
vn 0.2222 0.4048 -0.8870
vn 0.1496 -0.7880 -0.5972
vn 0.2267 0.3595 -0.9052
vn 0.1400 -0.8173 -0.5590
vn 0.2307 0.3133 -0.9212
vn 0.1301 -0.8446 -0.5194
vn 0.2342 0.2664 -0.9350
vn 0.0060 0.9997 -0.0238
vn 0.1199 -0.8698 -0.4786
vn 0.2371 0.2188 -0.9465
vn 0.0179 0.9973 -0.0714
vn 0.1094 -0.8930 -0.4366
vn 0.2394 0.1708 -0.9558
vn 0.0298 0.9925 -0.1189
vn 0.0986 -0.9140 -0.3935
vn 0.2412 0.1223 -0.9628
vn 0.0416 0.9852 -0.1660
vn 0.0875 -0.9328 -0.3495
vn 0.2423 0.0735 -0.9674
vn 0.0533 0.9756 -0.2128
vn 0.0763 -0.9494 -0.3046
vn 0.2429 0.0245 -0.9697
vn 0.0649 0.9637 -0.2590
vn 0.0649 -0.9637 -0.2590
vn 0.2429 -0.0245 -0.9697
vn 0.0763 0.9494 -0.3046
vn 0.0533 -0.9756 -0.2128
vn 0.2423 -0.0735 -0.9674
vn 0.0875 0.9328 -0.3495
vn 0.0416 -0.9852 -0.1660
vn 0.2412 -0.1223 -0.9628
vn 0.0986 0.9140 -0.3935
vn 0.0298 -0.9925 -0.1189
vn 0.2394 -0.1708 -0.9558
vn 0.1094 0.8930 -0.4366
vn 0.0179 -0.9973 -0.0714
vn 0.2371 -0.2188 -0.9465
vn 0.1199 0.8698 -0.4786
vn 0.0060 -0.9997 -0.0238
vn 0.2342 -0.2664 -0.9350
vn 0.1301 0.8446 -0.5194
vn 0.2307 -0.3133 -0.9212
vn 0.1400 0.8173 -0.5590
vn 0.2267 -0.3595 -0.9052
vn 0.1496 0.7880 -0.5972
vn 0.2222 -0.4048 -0.8870
vn 0.1588 0.7568 -0.6340
vn 0.2847 -0.5345 -0.7957
vn 0.2552 0.6527 -0.7133
vn 0.2755 -0.5753 -0.7701
vn 0.2657 0.6148 -0.7426
vn 0.2657 -0.6148 -0.7426
vn 0.2755 0.5753 -0.7701
vn 0.2552 -0.6527 -0.7133
vn 0.2847 0.5345 -0.7957
vn 0.2441 -0.6891 -0.6823
vn 0.2932 0.4924 -0.8195
vn 0.2324 -0.7238 -0.6496
vn 0.3010 0.4492 -0.8412
vn 0.2202 -0.7568 -0.6154
vn 0.3080 0.4048 -0.8609
vn 0.2074 -0.7880 -0.5797
vn 0.3144 0.3595 -0.8786
vn 0.1941 -0.8173 -0.5426
vn 0.3199 0.3133 -0.8941
vn 0.1804 -0.8446 -0.5042
vn 0.3247 0.2664 -0.9075
vn 0.0083 0.9997 -0.0231
vn 0.1662 -0.8698 -0.4645
vn 0.3287 0.2188 -0.9187
vn 0.0248 0.9973 -0.0693
vn 0.1516 -0.8930 -0.4237
vn 0.3319 0.1708 -0.9277
vn 0.0413 0.9925 -0.1154
vn 0.1367 -0.9140 -0.3819
vn 0.3344 0.1223 -0.9345
vn 0.0577 0.9852 -0.1612
vn 0.1214 -0.9328 -0.3392
vn 0.3360 0.0735 -0.9390
vn 0.0739 0.9756 -0.2065
vn 0.1058 -0.9494 -0.2957
vn 0.3368 0.0245 -0.9413
vn 0.0900 0.9637 -0.2514
vn 0.0900 -0.9637 -0.2514
vn 0.3368 -0.0245 -0.9413
vn 0.1058 0.9494 -0.2957
vn 0.0739 -0.9756 -0.2065
vn 0.3360 -0.0735 -0.9390
vn 0.1214 0.9328 -0.3392
vn 0.0577 -0.9852 -0.1612
vn 0.3344 -0.1223 -0.9345
vn 0.1367 0.9140 -0.3819
vn 0.0413 -0.9925 -0.1154
vn 0.3319 -0.1708 -0.9277
vn 0.1516 0.8930 -0.4237
vn 0.0248 -0.9973 -0.0693
vn 0.3287 -0.2188 -0.9187
vn 0.1662 0.8698 -0.4645
vn 0.0083 -0.9997 -0.0231
vn 0.3247 -0.2664 -0.9075
vn 0.1804 0.8446 -0.5042
vn 0.3199 -0.3133 -0.8941
vn 0.1941 0.8173 -0.5426
vn 0.3144 -0.3595 -0.8786
vn 0.2074 0.7880 -0.5797
vn 0.3080 -0.4048 -0.8609
vn 0.2202 0.7568 -0.6154
vn 0.3010 -0.4492 -0.8412
vn 0.2324 0.7238 -0.6496
vn 0.2932 -0.4924 -0.8195
vn 0.2441 0.6891 -0.6823
vn 0.3372 -0.6148 -0.7130
vn 0.3497 0.5753 -0.7394
vn 0.3239 -0.6527 -0.6849
vn 0.3613 0.5345 -0.7640
vn 0.3098 -0.6891 -0.6551
vn 0.3721 0.4924 -0.7868
vn 0.2950 -0.7238 -0.6237
vn 0.3820 0.4492 -0.8077
vn 0.2795 -0.7568 -0.5909
vn 0.3910 0.4048 -0.8266
vn 0.2632 -0.7880 -0.5566
vn 0.3990 0.3595 -0.8435
vn 0.2464 -0.8173 -0.5209
vn 0.4060 0.3133 -0.8585
vn 0.2289 -0.8446 -0.4840
vn 0.4121 0.2664 -0.8713
vn 0.0105 0.9997 -0.0222
vn 0.2109 -0.8698 -0.4460
vn 0.4172 0.2189 -0.8821
vn 0.0315 0.9973 -0.0666
vn 0.1924 -0.8930 -0.4068
vn 0.4213 0.1708 -0.8907
vn 0.0524 0.9925 -0.1108
vn 0.1734 -0.9140 -0.3667
vn 0.4243 0.1223 -0.8972
vn 0.0732 0.9852 -0.1547
vn 0.1540 -0.9328 -0.3257
vn 0.4264 0.0735 -0.9015
vn 0.0938 0.9756 -0.1983
vn 0.1343 -0.9494 -0.2839
vn 0.4274 0.0245 -0.9037
vn 0.1142 0.9637 -0.2414
vn 0.1142 -0.9637 -0.2414
vn 0.4274 -0.0245 -0.9037
vn 0.1343 0.9494 -0.2839
vn 0.0938 -0.9756 -0.1983
vn 0.4264 -0.0735 -0.9015
vn 0.1540 0.9328 -0.3257
vn 0.0732 -0.9852 -0.1547
vn 0.4243 -0.1223 -0.8972
vn 0.1734 0.9140 -0.3667
vn 0.0524 -0.9925 -0.1108
vn 0.4213 -0.1708 -0.8907
vn 0.1924 0.8930 -0.4068
vn 0.0315 -0.9973 -0.0666
vn 0.4172 -0.2189 -0.8821
vn 0.2109 0.8698 -0.4460
vn 0.0105 -0.9997 -0.0222
vn 0.4121 -0.2664 -0.8713
vn 0.2289 0.8446 -0.4840
vn 0.4060 -0.3133 -0.8585
vn 0.2464 0.8173 -0.5209
vn 0.3990 -0.3595 -0.8435
vn 0.2632 0.7880 -0.5566
vn 0.3910 -0.4048 -0.8266
vn 0.2795 0.7568 -0.5909
vn 0.3820 -0.4492 -0.8077
vn 0.2950 0.7238 -0.6237
vn 0.3721 -0.4924 -0.7868
vn 0.3098 0.6891 -0.6551
vn 0.3613 -0.5345 -0.7640
vn 0.3239 0.6527 -0.6849
vn 0.3497 -0.5753 -0.7394
vn 0.3372 0.6148 -0.7130
vn 0.3725 -0.6891 -0.6216
vn 0.4474 0.4924 -0.7465
vn 0.3547 -0.7238 -0.5918
vn 0.4593 0.4492 -0.7663
vn 0.3360 -0.7568 -0.5606
vn 0.4701 0.4048 -0.7843
vn 0.3165 -0.7880 -0.5281
vn 0.4797 0.3595 -0.8004
vn 0.2963 -0.8173 -0.4943
vn 0.4882 0.3133 -0.8145
vn 0.2753 -0.8446 -0.4593
vn 0.4955 0.2664 -0.8267
vn 0.0126 0.9997 -0.0211
vn 0.2536 -0.8698 -0.4232
vn 0.5016 0.2189 -0.8369
vn 0.0379 0.9973 -0.0632
vn 0.2314 -0.8930 -0.3860
vn 0.5066 0.1708 -0.8451
vn 0.0630 0.9925 -0.1051
vn 0.2085 -0.9140 -0.3479
vn 0.5102 0.1223 -0.8513
vn 0.0880 0.9852 -0.1468
vn 0.1852 -0.9328 -0.3090
vn 0.5127 0.0735 -0.8554
vn 0.1128 0.9756 -0.1881
vn 0.1614 -0.9494 -0.2693
vn 0.5139 0.0245 -0.8575
vn 0.1373 0.9637 -0.2290
vn 0.1373 -0.9637 -0.2290
vn 0.5139 -0.0245 -0.8575
vn 0.1614 0.9494 -0.2693
vn 0.1128 -0.9756 -0.1881
vn 0.5127 -0.0735 -0.8554
vn 0.1852 0.9328 -0.3090
vn 0.0880 -0.9852 -0.1468
vn 0.5102 -0.1223 -0.8513
vn 0.2085 0.9140 -0.3479
vn 0.0630 -0.9925 -0.1051
vn 0.5066 -0.1708 -0.8451
vn 0.2314 0.8930 -0.3860
vn 0.0379 -0.9973 -0.0632
vn 0.5016 -0.2189 -0.8369
vn 0.2536 0.8698 -0.4232
vn 0.0126 -0.9997 -0.0211
vn 0.4955 -0.2664 -0.8267
vn 0.2753 0.8446 -0.4593
vn 0.4882 -0.3133 -0.8145
vn 0.2963 0.8173 -0.4943
vn 0.4797 -0.3595 -0.8004
vn 0.3165 0.7880 -0.5281
vn 0.4701 -0.4048 -0.7843
vn 0.3360 0.7568 -0.5606
vn 0.4593 -0.4492 -0.7663
vn 0.3547 0.7238 -0.5918
vn 0.4474 -0.4924 -0.7465
vn 0.3726 0.6891 -0.6216
vn 0.4345 -0.5345 -0.7249
vn 0.3895 0.6527 -0.6498
vn 0.4205 -0.5753 -0.7015
vn 0.4055 0.6148 -0.6765
vn 0.4055 -0.6148 -0.6765
vn 0.4205 0.5753 -0.7015
vn 0.3895 -0.6527 -0.6498
vn 0.4345 0.5345 -0.7249
vn 0.3894 -0.7568 -0.5250
vn 0.5447 0.4048 -0.7344
vn 0.3668 -0.7880 -0.4945
vn 0.5559 0.3595 -0.7495
vn 0.3433 -0.8173 -0.4629
vn 0.5657 0.3133 -0.7628
vn 0.3190 -0.8446 -0.4301
vn 0.5742 0.2664 -0.7742
vn 0.0146 0.9997 -0.0197
vn 0.2939 -0.8698 -0.3963
vn 0.5813 0.2189 -0.7837
vn 0.0439 0.9973 -0.0592
vn 0.2681 -0.8930 -0.3615
vn 0.5869 0.1708 -0.7914
vn 0.0730 0.9925 -0.0984
vn 0.2416 -0.9140 -0.3258
vn 0.5912 0.1223 -0.7972
vn 0.1020 0.9852 -0.1375
vn 0.2146 -0.9328 -0.2894
vn 0.5941 0.0735 -0.8010
vn 0.1307 0.9756 -0.1762
vn 0.1871 -0.9494 -0.2522
vn 0.5955 0.0245 -0.8030
vn 0.1591 0.9637 -0.2145
vn 0.1591 -0.9637 -0.2145
vn 0.5955 -0.0245 -0.8030
vn 0.1871 0.9494 -0.2522
vn 0.1307 -0.9756 -0.1762
vn 0.5941 -0.0735 -0.8010
vn 0.2146 0.9328 -0.2894
vn 0.1020 -0.9852 -0.1375
vn 0.5912 -0.1223 -0.7972
vn 0.2416 0.9140 -0.3258
vn 0.0730 -0.9925 -0.0984
vn 0.5869 -0.1708 -0.7914
vn 0.2681 0.8930 -0.3615
vn 0.0439 -0.9973 -0.0592
vn 0.5813 -0.2189 -0.7837
vn 0.2939 0.8698 -0.3963
vn 0.0146 -0.9997 -0.0197
vn 0.5742 -0.2664 -0.7742
vn 0.3190 0.8446 -0.4301
vn 0.5657 -0.3133 -0.7628
vn 0.3433 0.8173 -0.4629
vn 0.5559 -0.3595 -0.7495
vn 0.3668 0.7880 -0.4945
vn 0.5447 -0.4048 -0.7344
vn 0.3894 0.7568 -0.5250
vn 0.5322 -0.4492 -0.7176
vn 0.4110 0.7238 -0.5542
vn 0.5185 -0.4924 -0.6991
vn 0.4317 0.6891 -0.5821
vn 0.5035 -0.5345 -0.6788
vn 0.4513 0.6527 -0.6085
vn 0.4872 -0.5753 -0.6570
vn 0.4698 0.6148 -0.6335
vn 0.4698 -0.6148 -0.6335
vn 0.4872 0.5753 -0.6570
vn 0.4513 -0.6527 -0.6085
vn 0.5035 0.5345 -0.6788
vn 0.4317 -0.6891 -0.5821
vn 0.5185 0.4924 -0.6991
vn 0.4110 -0.7238 -0.5542
vn 0.5322 0.4492 -0.7176
vn 0.3870 -0.8173 -0.4270
vn 0.6377 0.3133 -0.7036
vn 0.3596 -0.8446 -0.3967
vn 0.6473 0.2664 -0.7142
vn 0.0165 0.9997 -0.0182
vn 0.3313 -0.8698 -0.3655
vn 0.6553 0.2189 -0.7230
vn 0.0495 0.9973 -0.0546
vn 0.3022 -0.8930 -0.3335
vn 0.6617 0.1708 -0.7301
vn 0.0823 0.9925 -0.0908
vn 0.2724 -0.9140 -0.3006
vn 0.6665 0.1223 -0.7354
vn 0.1149 0.9852 -0.1268
vn 0.2419 -0.9328 -0.2669
vn 0.6697 0.0735 -0.7389
vn 0.1473 0.9756 -0.1625
vn 0.2109 -0.9494 -0.2327
vn 0.6714 0.0245 -0.7407
vn 0.1793 0.9637 -0.1978
vn 0.1793 -0.9637 -0.1978
vn 0.6714 -0.0245 -0.7407
vn 0.2109 0.9494 -0.2327
vn 0.1473 -0.9756 -0.1625
vn 0.6697 -0.0735 -0.7389
vn 0.2419 0.9328 -0.2669
vn 0.1149 -0.9852 -0.1268
vn 0.6665 -0.1223 -0.7354
vn 0.2724 0.9140 -0.3006
vn 0.0823 -0.9925 -0.0908
vn 0.6617 -0.1708 -0.7301
vn 0.3022 0.8930 -0.3335
vn 0.0495 -0.9973 -0.0546
vn 0.6553 -0.2189 -0.7230
vn 0.3313 0.8698 -0.3655
vn 0.0165 -0.9997 -0.0182
vn 0.6473 -0.2664 -0.7142
vn 0.3596 0.8446 -0.3967
vn 0.6377 -0.3133 -0.7036
vn 0.3870 0.8173 -0.4270
vn 0.6267 -0.3595 -0.6914
vn 0.4135 0.7880 -0.4562
vn 0.6141 -0.4048 -0.6775
vn 0.4389 0.7568 -0.4843
vn 0.6000 -0.4492 -0.6620
vn 0.4634 0.7238 -0.5112
vn 0.5845 -0.4924 -0.6449
vn 0.4867 0.6891 -0.5369
vn 0.5676 -0.5345 -0.6262
vn 0.5088 0.6527 -0.5613
vn 0.5493 -0.5753 -0.6060
vn 0.5297 0.6148 -0.5844
vn 0.5297 -0.6148 -0.5844
vn 0.5493 0.5753 -0.6060
vn 0.5088 -0.6527 -0.5613
vn 0.5676 0.5345 -0.6262
vn 0.4867 -0.6891 -0.5369
vn 0.5845 0.4924 -0.6449
vn 0.4634 -0.7238 -0.5112
vn 0.6000 0.4492 -0.6620
vn 0.4389 -0.7568 -0.4843
vn 0.6141 0.4048 -0.6775
vn 0.4135 -0.7880 -0.4562
vn 0.6267 0.3595 -0.6914
vn 0.3655 -0.8698 -0.3313
vn 0.7230 0.2188 -0.6553
vn 0.0546 0.9973 -0.0495
vn 0.3335 -0.8930 -0.3022
vn 0.7301 0.1708 -0.6617
vn 0.0908 0.9925 -0.0823
vn 0.3006 -0.9140 -0.2724
vn 0.7354 0.1223 -0.6665
vn 0.1268 0.9852 -0.1149
vn 0.2669 -0.9328 -0.2419
vn 0.7389 0.0735 -0.6697
vn 0.1625 0.9756 -0.1473
vn 0.2327 -0.9494 -0.2109
vn 0.7407 0.0245 -0.6714
vn 0.1978 0.9637 -0.1793
vn 0.1978 -0.9637 -0.1793
vn 0.7407 -0.0245 -0.6714
vn 0.2327 0.9494 -0.2109
vn 0.1625 -0.9756 -0.1473
vn 0.7389 -0.0735 -0.6697
vn 0.2669 0.9328 -0.2419
vn 0.1268 -0.9852 -0.1149
vn 0.7354 -0.1223 -0.6665
vn 0.3006 0.9140 -0.2724
vn 0.0908 -0.9925 -0.0823
vn 0.7301 -0.1708 -0.6617
vn 0.3335 0.8930 -0.3022
vn 0.0546 -0.9973 -0.0495
vn 0.7230 -0.2188 -0.6553
vn 0.3655 0.8698 -0.3313
vn 0.0182 -0.9997 -0.0165
vn 0.7142 -0.2664 -0.6473
vn 0.3967 0.8446 -0.3596
vn 0.7036 -0.3133 -0.6377
vn 0.4270 0.8173 -0.3870
vn 0.6914 -0.3595 -0.6267
vn 0.4562 0.7880 -0.4135
vn 0.6775 -0.4048 -0.6141
vn 0.4843 0.7568 -0.4389
vn 0.6620 -0.4492 -0.6000
vn 0.5112 0.7238 -0.4634
vn 0.6449 -0.4924 -0.5845
vn 0.5369 0.6891 -0.4867
vn 0.6262 -0.5345 -0.5676
vn 0.5613 0.6527 -0.5088
vn 0.6060 -0.5753 -0.5493
vn 0.5844 0.6148 -0.5297
vn 0.5844 -0.6148 -0.5297
vn 0.6060 0.5753 -0.5493
vn 0.5613 -0.6527 -0.5088
vn 0.6262 0.5345 -0.5676
vn 0.5369 -0.6891 -0.4867
vn 0.6449 0.4924 -0.5845
vn 0.5112 -0.7238 -0.4634
vn 0.6620 0.4492 -0.6000
vn 0.4843 -0.7568 -0.4389
vn 0.6775 0.4048 -0.6141
vn 0.4562 -0.7880 -0.4135
vn 0.6914 0.3595 -0.6267
vn 0.4270 -0.8173 -0.3870
vn 0.7036 0.3133 -0.6377
vn 0.3967 -0.8446 -0.3596
vn 0.7142 0.2664 -0.6473
vn 0.0182 0.9997 -0.0165
vn 0.3258 -0.9140 -0.2416
vn 0.7972 0.1223 -0.5912
vn 0.1375 0.9852 -0.1020
vn 0.2894 -0.9328 -0.2146
vn 0.8010 0.0735 -0.5941
vn 0.1762 0.9756 -0.1307
vn 0.2522 -0.9494 -0.1871
vn 0.8030 0.0245 -0.5955
vn 0.2145 0.9637 -0.1591
vn 0.2145 -0.9637 -0.1591
vn 0.8030 -0.0245 -0.5955
vn 0.2522 0.9494 -0.1871
vn 0.1762 -0.9756 -0.1307
vn 0.8010 -0.0735 -0.5941
vn 0.2894 0.9328 -0.2146
vn 0.1375 -0.9852 -0.1020
vn 0.7972 -0.1223 -0.5912
vn 0.3258 0.9140 -0.2416
vn 0.0984 -0.9925 -0.0730
vn 0.7914 -0.1708 -0.5869
vn 0.3615 0.8930 -0.2681
vn 0.0592 -0.9973 -0.0439
vn 0.7837 -0.2189 -0.5813
vn 0.3963 0.8698 -0.2939
vn 0.0197 -0.9997 -0.0146
vn 0.7742 -0.2664 -0.5742
vn 0.4301 0.8446 -0.3190
vn 0.7628 -0.3133 -0.5657
vn 0.4629 0.8173 -0.3433
vn 0.7495 -0.3595 -0.5559
vn 0.4945 0.7880 -0.3668
vn 0.7344 -0.4048 -0.5447
vn 0.5250 0.7568 -0.3894
vn 0.7176 -0.4492 -0.5322
vn 0.5542 0.7238 -0.4110
vn 0.6991 -0.4924 -0.5185
vn 0.5821 0.6891 -0.4317
vn 0.6788 -0.5345 -0.5035
vn 0.6085 0.6527 -0.4513
vn 0.6570 -0.5753 -0.4872
vn 0.6335 0.6148 -0.4698
vn 0.6335 -0.6148 -0.4698
vn 0.6570 0.5753 -0.4872
vn 0.6085 -0.6527 -0.4513
vn 0.6788 0.5345 -0.5035
vn 0.5821 -0.6891 -0.4317
vn 0.6991 0.4924 -0.5185
vn 0.5542 -0.7238 -0.4110
vn 0.7176 0.4492 -0.5322
vn 0.5250 -0.7568 -0.3894
vn 0.7344 0.4048 -0.5447
vn 0.4945 -0.7880 -0.3668
vn 0.7495 0.3595 -0.5559
vn 0.4629 -0.8173 -0.3433
vn 0.7628 0.3133 -0.5657
vn 0.4301 -0.8446 -0.3190
vn 0.7742 0.2664 -0.5742
vn 0.0197 0.9997 -0.0146
vn 0.3963 -0.8698 -0.2939
vn 0.7837 0.2189 -0.5813
vn 0.0592 0.9973 -0.0439
vn 0.3615 -0.8930 -0.2681
vn 0.7914 0.1708 -0.5869
vn 0.0984 0.9925 -0.0730
vn 0.2693 -0.9494 -0.1614
vn 0.8575 0.0245 -0.5139
vn 0.2290 0.9637 -0.1373
vn 0.2290 -0.9637 -0.1373
vn 0.8575 -0.0245 -0.5139
vn 0.2693 0.9494 -0.1614
vn 0.1881 -0.9756 -0.1128
vn 0.8554 -0.0735 -0.5127
vn 0.3090 0.9328 -0.1852
vn 0.1468 -0.9852 -0.0880
vn 0.8513 -0.1223 -0.5102
vn 0.3479 0.9140 -0.2085
vn 0.1051 -0.9925 -0.0630
vn 0.8451 -0.1708 -0.5066
vn 0.3860 0.8930 -0.2314
vn 0.0632 -0.9973 -0.0379
vn 0.8369 -0.2189 -0.5016
vn 0.4232 0.8698 -0.2536
vn 0.0211 -0.9997 -0.0126
vn 0.8267 -0.2664 -0.4955
vn 0.4593 0.8446 -0.2753
vn 0.8145 -0.3133 -0.4882
vn 0.4943 0.8173 -0.2963
vn 0.8004 -0.3595 -0.4797
vn 0.5281 0.7880 -0.3165
vn 0.7843 -0.4048 -0.4701
vn 0.5606 0.7568 -0.3360
vn 0.7663 -0.4492 -0.4593
vn 0.5918 0.7238 -0.3547
vn 0.7465 -0.4924 -0.4474
vn 0.6216 0.6891 -0.3726
vn 0.7249 -0.5345 -0.4345
vn 0.6498 0.6527 -0.3895
vn 0.7015 -0.5753 -0.4205
vn 0.6765 0.6148 -0.4055
vn 0.6765 -0.6148 -0.4055
vn 0.7015 0.5753 -0.4205
vn 0.6498 -0.6527 -0.3895
vn 0.7249 0.5345 -0.4345
vn 0.6216 -0.6891 -0.3726
vn 0.7465 0.4924 -0.4474
vn 0.5918 -0.7238 -0.3547
vn 0.7663 0.4492 -0.4593
vn 0.5606 -0.7568 -0.3360
vn 0.7843 0.4048 -0.4701
vn 0.5281 -0.7880 -0.3165
vn 0.8004 0.3595 -0.4797
vn 0.4943 -0.8173 -0.2963
vn 0.8145 0.3133 -0.4882
vn 0.4593 -0.8446 -0.2753
vn 0.8267 0.2664 -0.4955
vn 0.0211 0.9997 -0.0126
vn 0.4232 -0.8698 -0.2536
vn 0.8369 0.2189 -0.5016
vn 0.0632 0.9973 -0.0379
vn 0.3860 -0.8930 -0.2314
vn 0.8451 0.1708 -0.5066
vn 0.1051 0.9925 -0.0630
vn 0.3479 -0.9140 -0.2085
vn 0.8513 0.1223 -0.5102
vn 0.1468 0.9852 -0.0880
vn 0.3090 -0.9328 -0.1852
vn 0.8554 0.0735 -0.5127
vn 0.1881 0.9756 -0.1128
vn 0.1983 -0.9756 -0.0938
vn 0.9015 -0.0735 -0.4264
vn 0.3257 0.9328 -0.1540
vn 0.1547 -0.9852 -0.0732
vn 0.8972 -0.1223 -0.4243
vn 0.3667 0.9140 -0.1734
vn 0.1108 -0.9925 -0.0524
vn 0.8907 -0.1708 -0.4213
vn 0.4068 0.8930 -0.1924
vn 0.0666 -0.9973 -0.0315
vn 0.8821 -0.2189 -0.4172
vn 0.4460 0.8698 -0.2109
vn 0.0222 -0.9997 -0.0105
vn 0.8713 -0.2664 -0.4121
vn 0.4840 0.8446 -0.2289
vn 0.8585 -0.3133 -0.4060
vn 0.5209 0.8173 -0.2464
vn 0.8435 -0.3595 -0.3990
vn 0.5566 0.7880 -0.2632
vn 0.8266 -0.4048 -0.3910
vn 0.5909 0.7568 -0.2795
vn 0.8077 -0.4492 -0.3820
vn 0.6237 0.7238 -0.2950
vn 0.7868 -0.4924 -0.3721
vn 0.6551 0.6891 -0.3098
vn 0.7640 -0.5345 -0.3613
vn 0.6849 0.6527 -0.3239
vn 0.7394 -0.5753 -0.3497
vn 0.7130 0.6148 -0.3372
vn 0.7130 -0.6148 -0.3372
vn 0.7394 0.5753 -0.3497
vn 0.6849 -0.6527 -0.3239
vn 0.7640 0.5345 -0.3613
vn 0.6551 -0.6891 -0.3098
vn 0.7868 0.4924 -0.3721
vn 0.6237 -0.7238 -0.2950
vn 0.8077 0.4492 -0.3820
vn 0.5909 -0.7568 -0.2795
vn 0.8266 0.4048 -0.3910
vn 0.5566 -0.7880 -0.2632
vn 0.8435 0.3595 -0.3990
vn 0.5209 -0.8173 -0.2464
vn 0.8585 0.3133 -0.4060
vn 0.4840 -0.8446 -0.2289
vn 0.8713 0.2664 -0.4121
vn 0.0222 0.9997 -0.0105
vn 0.4460 -0.8698 -0.2109
vn 0.8821 0.2189 -0.4172
vn 0.0666 0.9973 -0.0315
vn 0.4068 -0.8930 -0.1924
vn 0.8907 0.1708 -0.4213
vn 0.1108 0.9925 -0.0524
vn 0.3667 -0.9140 -0.1734
vn 0.8972 0.1223 -0.4243
vn 0.1547 0.9852 -0.0732
vn 0.3257 -0.9328 -0.1540
vn 0.9015 0.0735 -0.4264
vn 0.1983 0.9756 -0.0938
vn 0.2839 -0.9494 -0.1343
vn 0.9037 0.0245 -0.4274
vn 0.2414 0.9637 -0.1142
vn 0.2414 -0.9637 -0.1142
vn 0.9037 -0.0245 -0.4274
vn 0.2839 0.9494 -0.1343
vn 0.1154 -0.9925 -0.0413
vn 0.9277 -0.1708 -0.3319
vn 0.4237 0.8930 -0.1516
vn 0.0693 -0.9973 -0.0248
vn 0.9187 -0.2189 -0.3287
vn 0.4645 0.8698 -0.1662
vn 0.0231 -0.9997 -0.0083
vn 0.9075 -0.2664 -0.3247
vn 0.5042 0.8446 -0.1804
vn 0.8941 -0.3133 -0.3199
vn 0.5426 0.8173 -0.1941
vn 0.8786 -0.3595 -0.3144
vn 0.5797 0.7880 -0.2074
vn 0.8609 -0.4048 -0.3080
vn 0.6154 0.7568 -0.2202
vn 0.8412 -0.4492 -0.3010
vn 0.6496 0.7238 -0.2324
vn 0.8195 -0.4924 -0.2932
vn 0.6823 0.6891 -0.2441
vn 0.7957 -0.5345 -0.2847
vn 0.7133 0.6527 -0.2552
vn 0.7701 -0.5753 -0.2755
vn 0.7426 0.6148 -0.2657
vn 0.7426 -0.6148 -0.2657
vn 0.7701 0.5753 -0.2755
vn 0.7133 -0.6527 -0.2552
vn 0.7957 0.5345 -0.2847
vn 0.6823 -0.6891 -0.2441
vn 0.8195 0.4924 -0.2932
vn 0.6496 -0.7238 -0.2324
vn 0.8412 0.4492 -0.3010
vn 0.6154 -0.7568 -0.2202
vn 0.8609 0.4048 -0.3080
vn 0.5797 -0.7880 -0.2074
vn 0.8786 0.3595 -0.3144
vn 0.5426 -0.8173 -0.1941
vn 0.8941 0.3133 -0.3199
vn 0.5042 -0.8446 -0.1804
vn 0.9075 0.2664 -0.3247
vn 0.0231 0.9997 -0.0083
vn 0.4645 -0.8698 -0.1662
vn 0.9187 0.2189 -0.3287
vn 0.0693 0.9973 -0.0248
vn 0.4237 -0.8930 -0.1516
vn 0.9277 0.1708 -0.3319
vn 0.1154 0.9925 -0.0413
vn 0.3819 -0.9140 -0.1367
vn 0.9345 0.1223 -0.3344
vn 0.1612 0.9852 -0.0577
vn 0.3392 -0.9328 -0.1214
vn 0.9390 0.0735 -0.3360
vn 0.2065 0.9756 -0.0739
vn 0.2957 -0.9494 -0.1058
vn 0.9413 0.0245 -0.3368
vn 0.2514 0.9637 -0.0900
vn 0.2514 -0.9637 -0.0900
vn 0.9413 -0.0245 -0.3368
vn 0.2957 0.9494 -0.1058
vn 0.2065 -0.9756 -0.0739
vn 0.9390 -0.0735 -0.3360
vn 0.3392 0.9328 -0.1214
vn 0.1612 -0.9852 -0.0577
vn 0.9345 -0.1223 -0.3344
vn 0.3819 0.9140 -0.1367
vn 0.5194 0.8446 -0.1301
vn 0.9052 -0.3595 -0.2267
vn 0.5590 0.8173 -0.1400
vn 0.8870 -0.4048 -0.2222
vn 0.5972 0.7880 -0.1496
vn 0.8667 -0.4492 -0.2171
vn 0.6340 0.7568 -0.1588
vn 0.8443 -0.4924 -0.2115
vn 0.6693 0.7238 -0.1677
vn 0.8198 -0.5345 -0.2054
vn 0.7029 0.6891 -0.1761
vn 0.7934 -0.5753 -0.1987
vn 0.7651 -0.6148 -0.1916
vn 0.7349 0.6527 -0.1841
vn 0.7349 -0.6527 -0.1841
vn 0.7651 0.6148 -0.1916
vn 0.7934 0.5753 -0.1987
vn 0.7029 -0.6891 -0.1761
vn 0.8198 0.5345 -0.2054
vn 0.6693 -0.7238 -0.1677
vn 0.8443 0.4924 -0.2115
vn 0.6340 -0.7568 -0.1588
vn 0.8667 0.4492 -0.2171
vn 0.5972 -0.7880 -0.1496
vn 0.5590 -0.8173 -0.1400
vn 0.8870 0.4048 -0.2222
vn 0.5194 -0.8446 -0.1301
vn 0.9052 0.3595 -0.2267
vn 0.9350 0.2664 -0.2342
vn 0.4786 -0.8698 -0.1199
vn 0.9212 0.3133 -0.2307
vn 0.9465 0.2189 -0.2371
vn 0.4366 -0.8930 -0.1094
vn 0.0238 0.9997 -0.0060
vn 0.9558 0.1708 -0.2394
vn 0.3935 -0.9140 -0.0986
vn 0.0714 0.9973 -0.0179
vn 0.9628 0.1223 -0.2412
vn 0.3495 -0.9328 -0.0875
vn 0.1189 0.9925 -0.0298
vn 0.9674 0.0735 -0.2423
vn 0.3046 -0.9494 -0.0763
vn 0.1660 0.9852 -0.0416
vn 0.9697 0.0245 -0.2429
vn 0.2590 -0.9637 -0.0649
vn 0.9697 -0.0245 -0.2429
vn 0.2128 0.9756 -0.0533
vn 0.2128 -0.9756 -0.0533
vn 0.2590 0.9637 -0.0649
vn 0.9674 -0.0735 -0.2423
vn 0.1660 -0.9852 -0.0416
vn 0.3046 0.9494 -0.0763
vn 0.9628 -0.1223 -0.2412
vn 0.1189 -0.9925 -0.0298
vn 0.3495 0.9328 -0.0875
vn 0.9558 -0.1708 -0.2394
vn 0.0714 -0.9973 -0.0179
vn 0.3935 0.9140 -0.0986
vn 0.9465 -0.2189 -0.2371
vn 0.0238 -0.9997 -0.0060
vn 0.4366 0.8930 -0.1094
vn 0.9350 -0.2664 -0.2342
vn 0.4786 0.8698 -0.1199
vn 0.9212 -0.3133 -0.2307
vn 0.8838 -0.4492 -0.1311
vn 0.6825 0.7238 -0.1012
vn 0.8609 -0.4924 -0.1277
vn 0.7168 0.6891 -0.1063
vn 0.8360 -0.5345 -0.1240
vn 0.7494 0.6527 -0.1112
vn 0.8091 -0.5753 -0.1200
vn 0.7802 0.6148 -0.1157
vn 0.7802 -0.6148 -0.1157
vn 0.8091 0.5753 -0.1200
vn 0.7494 -0.6527 -0.1112
vn 0.8360 0.5345 -0.1240
vn 0.7168 -0.6891 -0.1063
vn 0.8609 0.4924 -0.1277
vn 0.6825 -0.7238 -0.1012
vn 0.8838 0.4492 -0.1311
vn 0.6465 -0.7568 -0.0959
vn 0.9045 0.4048 -0.1342
vn 0.6090 -0.7880 -0.0903
vn 0.9230 0.3595 -0.1369
vn 0.5700 -0.8173 -0.0846
vn 0.9394 0.3133 -0.1393
vn 0.5297 -0.8446 -0.0786
vn 0.9534 0.2664 -0.1414
vn 0.0243 0.9997 -0.0036
vn 0.4880 -0.8698 -0.0724
vn 0.9652 0.2189 -0.1432
vn 0.0729 0.9973 -0.0108
vn 0.4452 -0.8930 -0.0660
vn 0.9746 0.1708 -0.1446
vn 0.1212 0.9925 -0.0180
vn 0.4013 -0.9140 -0.0595
vn 0.9818 0.1223 -0.1456
vn 0.1693 0.9852 -0.0251
vn 0.3564 -0.9328 -0.0529
vn 0.9865 0.0735 -0.1463
vn 0.2170 0.9756 -0.0322
vn 0.3106 -0.9494 -0.0461
vn 0.9889 0.0245 -0.1467
vn 0.2641 0.9637 -0.0392
vn 0.2641 -0.9637 -0.0392
vn 0.9889 -0.0245 -0.1467
vn 0.3106 0.9494 -0.0461
vn 0.2170 -0.9756 -0.0322
vn 0.9865 -0.0735 -0.1463
vn 0.3564 0.9328 -0.0529
vn 0.1693 -0.9852 -0.0251
vn 0.9818 -0.1223 -0.1456
vn 0.4013 0.9140 -0.0595
vn 0.1212 -0.9925 -0.0180
vn 0.9746 -0.1708 -0.1446
vn 0.4452 0.8930 -0.0660
vn 0.0729 -0.9973 -0.0108
vn 0.9652 -0.2189 -0.1432
vn 0.4880 0.8698 -0.0724
vn 0.0243 -0.9997 -0.0036
vn 0.9534 -0.2664 -0.1414
vn 0.5297 0.8446 -0.0786
vn 0.9394 -0.3133 -0.1393
vn 0.5700 0.8173 -0.0846
vn 0.9230 -0.3595 -0.1369
vn 0.6090 0.7880 -0.0903
vn 0.9045 -0.4048 -0.1342
vn 0.6465 0.7568 -0.0959
vn 0.8441 -0.5345 -0.0415
vn 0.7567 0.6527 -0.0372
vn 0.8169 -0.5753 -0.0401
vn 0.7878 0.6148 -0.0387
vn 0.7878 -0.6148 -0.0387
vn 0.8169 0.5753 -0.0401
vn 0.7567 -0.6527 -0.0372
vn 0.8441 0.5345 -0.0415
vn 0.7238 -0.6891 -0.0356
vn 0.8693 0.4924 -0.0427
vn 0.6891 -0.7238 -0.0339
vn 0.8924 0.4492 -0.0438
vn 0.6528 -0.7568 -0.0321
vn 0.9133 0.4048 -0.0449
vn 0.6149 -0.7880 -0.0302
vn 0.9320 0.3595 -0.0458
vn 0.5756 -0.8173 -0.0283
vn 0.9485 0.3133 -0.0466
vn 0.5348 -0.8446 -0.0263
vn 0.9627 0.2664 -0.0473
vn 0.0245 0.9997 -0.0012
vn 0.4928 -0.8698 -0.0242
vn 0.9746 0.2189 -0.0479
vn 0.0736 0.9973 -0.0036
vn 0.4495 -0.8930 -0.0221
vn 0.9841 0.1708 -0.0483
vn 0.1224 0.9925 -0.0060
vn 0.4052 -0.9140 -0.0199
vn 0.9913 0.1223 -0.0487
vn 0.1710 0.9852 -0.0084
vn 0.3598 -0.9328 -0.0177
vn 0.9961 0.0735 -0.0489
vn 0.2191 0.9756 -0.0108
vn 0.3136 -0.9494 -0.0154
vn 0.9985 0.0245 -0.0491
vn 0.2667 0.9637 -0.0131
vn 0.2667 -0.9637 -0.0131
vn 0.9985 -0.0245 -0.0491
vn 0.3136 0.9494 -0.0154
vn 0.2191 -0.9756 -0.0108
vn 0.9961 -0.0735 -0.0489
vn 0.3598 0.9328 -0.0177
vn 0.1710 -0.9852 -0.0084
vn 0.9913 -0.1223 -0.0487
vn 0.4052 0.9140 -0.0199
vn 0.1224 -0.9925 -0.0060
vn 0.9841 -0.1708 -0.0483
vn 0.4495 0.8930 -0.0221
vn 0.0736 -0.9973 -0.0036
vn 0.9746 -0.2189 -0.0479
vn 0.4928 0.8698 -0.0242
vn 0.0245 -0.9997 -0.0012
vn 0.9627 -0.2664 -0.0473
vn 0.5348 0.8446 -0.0263
vn 0.9485 -0.3133 -0.0466
vn 0.5756 0.8173 -0.0283
vn 0.9320 -0.3595 -0.0458
vn 0.6149 0.7880 -0.0302
vn 0.9133 -0.4048 -0.0449
vn 0.6528 0.7568 -0.0321
vn 0.8924 -0.4492 -0.0438
vn 0.6891 0.7238 -0.0339
vn 0.8693 -0.4924 -0.0427
vn 0.7238 0.6891 -0.0356
vn 0.7878 -0.6148 0.0387
vn 0.8169 0.5753 0.0401
vn 0.7567 -0.6527 0.0372
vn 0.8441 0.5345 0.0415
vn 0.7238 -0.6891 0.0356
vn 0.8693 0.4924 0.0427
vn 0.6891 -0.7238 0.0339
vn 0.8924 0.4492 0.0438
vn 0.6528 -0.7568 0.0321
vn 0.9133 0.4048 0.0449
vn 0.6150 -0.7880 0.0302
vn 0.9320 0.3595 0.0458
vn 0.5756 -0.8173 0.0283
vn 0.9485 0.3133 0.0466
vn 0.5348 -0.8446 0.0263
vn 0.9627 0.2664 0.0473
vn 0.0245 0.9997 0.0012
vn 0.4928 -0.8698 0.0242
vn 0.9746 0.2189 0.0479
vn 0.0736 0.9973 0.0036
vn 0.4495 -0.8930 0.0221
vn 0.9841 0.1708 0.0483
vn 0.1224 0.9925 0.0060
vn 0.4052 -0.9140 0.0199
vn 0.9913 0.1223 0.0487
vn 0.1710 0.9852 0.0084
vn 0.3598 -0.9328 0.0177
vn 0.9961 0.0735 0.0489
vn 0.2191 0.9756 0.0108
vn 0.3136 -0.9494 0.0154
vn 0.9985 0.0245 0.0491
vn 0.2667 0.9637 0.0131
vn 0.2667 -0.9637 0.0131
vn 0.9985 -0.0245 0.0491
vn 0.3136 0.9494 0.0154
vn 0.2191 -0.9756 0.0108
vn 0.9961 -0.0735 0.0489
vn 0.3598 0.9328 0.0177
vn 0.1710 -0.9852 0.0084
vn 0.9913 -0.1223 0.0487
vn 0.4052 0.9140 0.0199
vn 0.1224 -0.9925 0.0060
vn 0.9841 -0.1708 0.0483
vn 0.4495 0.8930 0.0221
vn 0.0736 -0.9973 0.0036
vn 0.9746 -0.2189 0.0479
vn 0.4928 0.8698 0.0242
vn 0.0245 -0.9997 0.0012
vn 0.9627 -0.2664 0.0473
vn 0.5348 0.8446 0.0263
vn 0.9485 -0.3133 0.0466
vn 0.5756 0.8173 0.0283
vn 0.9320 -0.3595 0.0458
vn 0.6150 0.7880 0.0302
vn 0.9133 -0.4048 0.0449
vn 0.6528 0.7568 0.0321
vn 0.8924 -0.4492 0.0438
vn 0.6891 0.7238 0.0339
vn 0.8693 -0.4924 0.0427
vn 0.7238 0.6891 0.0356
vn 0.8441 -0.5345 0.0415
vn 0.7567 0.6527 0.0372
vn 0.8169 -0.5753 0.0401
vn 0.7878 0.6148 0.0387
vn 0.7168 -0.6891 0.1063
vn 0.8609 0.4924 0.1277
vn 0.6825 -0.7238 0.1012
vn 0.8838 0.4492 0.1311
vn 0.6465 -0.7568 0.0959
vn 0.9045 0.4048 0.1342
vn 0.6090 -0.7880 0.0903
vn 0.9230 0.3595 0.1369
vn 0.5700 -0.8173 0.0846
vn 0.9394 0.3133 0.1393
vn 0.5297 -0.8446 0.0786
vn 0.9534 0.2664 0.1414
vn 0.0243 0.9997 0.0036
vn 0.4880 -0.8698 0.0724
vn 0.9652 0.2189 0.1432
vn 0.0729 0.9973 0.0108
vn 0.4452 -0.8930 0.0660
vn 0.9746 0.1708 0.1446
vn 0.1212 0.9925 0.0180
vn 0.4013 -0.9140 0.0595
vn 0.9818 0.1223 0.1456
vn 0.1693 0.9852 0.0251
vn 0.3564 -0.9328 0.0529
vn 0.9865 0.0735 0.1463
vn 0.2170 0.9756 0.0322
vn 0.3106 -0.9494 0.0461
vn 0.9889 0.0245 0.1467
vn 0.2641 0.9637 0.0392
vn 0.2641 -0.9637 0.0392
vn 0.9889 -0.0245 0.1467
vn 0.3106 0.9494 0.0461
vn 0.2170 -0.9756 0.0322
vn 0.9865 -0.0735 0.1463
vn 0.3564 0.9328 0.0529
vn 0.1693 -0.9852 0.0251
vn 0.9818 -0.1223 0.1456
vn 0.4013 0.9140 0.0595
vn 0.1212 -0.9925 0.0180
vn 0.9746 -0.1708 0.1446
vn 0.4452 0.8930 0.0660
vn 0.0729 -0.9973 0.0108
vn 0.9652 -0.2189 0.1432
vn 0.4880 0.8698 0.0724
vn 0.0243 -0.9997 0.0036
vn 0.9534 -0.2664 0.1414
vn 0.5297 0.8446 0.0786
vn 0.9394 -0.3133 0.1393
vn 0.5700 0.8173 0.0846
vn 0.9230 -0.3595 0.1369
vn 0.6090 0.7880 0.0903
vn 0.9045 -0.4048 0.1342
vn 0.6465 0.7568 0.0959
vn 0.8838 -0.4492 0.1311
vn 0.6825 0.7238 0.1012
vn 0.8609 -0.4924 0.1277
vn 0.7168 0.6891 0.1063
vn 0.8360 -0.5345 0.1240
vn 0.7494 0.6527 0.1112
vn 0.8091 -0.5753 0.1200
vn 0.7802 0.6148 0.1157
vn 0.7802 -0.6148 0.1157
vn 0.8091 0.5753 0.1200
vn 0.7494 -0.6527 0.1112
vn 0.8360 0.5345 0.1240
vn 0.6340 -0.7568 0.1588
vn 0.8870 0.4048 0.2222
vn 0.5972 -0.7880 0.1496
vn 0.9052 0.3595 0.2267
vn 0.5590 -0.8173 0.1400
vn 0.9212 0.3133 0.2307
vn 0.5194 -0.8446 0.1301
vn 0.9350 0.2664 0.2342
vn 0.0238 0.9997 0.0060
vn 0.4786 -0.8698 0.1199
vn 0.9465 0.2189 0.2371
vn 0.0714 0.9973 0.0179
vn 0.4366 -0.8930 0.1094
vn 0.9558 0.1708 0.2394
vn 0.1189 0.9925 0.0298
vn 0.3935 -0.9140 0.0986
vn 0.9628 0.1223 0.2412
vn 0.1660 0.9852 0.0416
vn 0.3495 -0.9328 0.0875
vn 0.9674 0.0735 0.2423
vn 0.2128 0.9756 0.0533
vn 0.3046 -0.9494 0.0763
vn 0.9697 0.0245 0.2429
vn 0.2590 0.9637 0.0649
vn 0.2590 -0.9637 0.0649
vn 0.9697 -0.0245 0.2429
vn 0.3046 0.9494 0.0763
vn 0.2128 -0.9756 0.0533
vn 0.9674 -0.0735 0.2423
vn 0.3495 0.9328 0.0875
vn 0.1660 -0.9852 0.0416
vn 0.9628 -0.1223 0.2412
vn 0.3935 0.9140 0.0986
vn 0.1189 -0.9925 0.0298
vn 0.9558 -0.1708 0.2394
vn 0.4366 0.8930 0.1094
vn 0.0714 -0.9973 0.0179
vn 0.9465 -0.2189 0.2371
vn 0.4786 0.8698 0.1199
vn 0.0238 -0.9997 0.0060
vn 0.9350 -0.2664 0.2342
vn 0.5194 0.8446 0.1301
vn 0.9212 -0.3133 0.2307
vn 0.5590 0.8173 0.1400
vn 0.9052 -0.3595 0.2267
vn 0.5972 0.7880 0.1496
vn 0.8870 -0.4048 0.2222
vn 0.6340 0.7568 0.1588
vn 0.8667 -0.4492 0.2171
vn 0.6693 0.7238 0.1677
vn 0.8443 -0.4924 0.2115
vn 0.7029 0.6891 0.1761
vn 0.8198 -0.5345 0.2054
vn 0.7349 0.6527 0.1841
vn 0.7934 -0.5753 0.1987
vn 0.7651 0.6148 0.1916
vn 0.7651 -0.6148 0.1916
vn 0.7934 0.5753 0.1987
vn 0.7349 -0.6527 0.1841
vn 0.8198 0.5345 0.2054
vn 0.7029 -0.6891 0.1761
vn 0.8443 0.4924 0.2115
vn 0.6693 -0.7238 0.1677
vn 0.8667 0.4492 0.2171
vn 0.5426 -0.8173 0.1941
vn 0.8941 0.3133 0.3199
vn 0.5042 -0.8446 0.1804
vn 0.9075 0.2664 0.3247
vn 0.0232 0.9997 0.0083
vn 0.4645 -0.8698 0.1662
vn 0.9187 0.2189 0.3287
vn 0.0693 0.9973 0.0248
vn 0.4237 -0.8930 0.1516
vn 0.9277 0.1708 0.3319
vn 0.1154 0.9925 0.0413
vn 0.3819 -0.9140 0.1367
vn 0.9345 0.1223 0.3344
vn 0.1612 0.9852 0.0577
vn 0.3392 -0.9328 0.1214
vn 0.9390 0.0735 0.3360
vn 0.2065 0.9756 0.0739
vn 0.2957 -0.9494 0.1058
vn 0.9413 0.0245 0.3368
vn 0.2514 0.9637 0.0900
vn 0.2514 -0.9637 0.0900
vn 0.9413 -0.0245 0.3368
vn 0.2957 0.9494 0.1058
vn 0.2065 -0.9756 0.0739
vn 0.9390 -0.0735 0.3360
vn 0.3392 0.9328 0.1214
vn 0.1612 -0.9852 0.0577
vn 0.9345 -0.1223 0.3344
vn 0.3819 0.9140 0.1367
vn 0.1154 -0.9925 0.0413
vn 0.9277 -0.1708 0.3319
vn 0.4237 0.8930 0.1516
vn 0.0693 -0.9973 0.0248
vn 0.9187 -0.2189 0.3287
vn 0.4645 0.8698 0.1662
vn 0.0231 -0.9997 0.0083
vn 0.9075 -0.2664 0.3247
vn 0.5042 0.8446 0.1804
vn 0.8941 -0.3133 0.3199
vn 0.5426 0.8173 0.1941
vn 0.8786 -0.3595 0.3144
vn 0.5797 0.7880 0.2074
vn 0.8609 -0.4048 0.3080
vn 0.6154 0.7568 0.2202
vn 0.8412 -0.4492 0.3010
vn 0.6496 0.7238 0.2324
vn 0.8195 -0.4924 0.2932
vn 0.6823 0.6891 0.2441
vn 0.7957 -0.5345 0.2847
vn 0.7133 0.6527 0.2552
vn 0.7701 -0.5753 0.2755
vn 0.7426 0.6148 0.2657
vn 0.7426 -0.6148 0.2657
vn 0.7701 0.5753 0.2755
vn 0.7133 -0.6527 0.2552
vn 0.7957 0.5345 0.2847
vn 0.6823 -0.6891 0.2441
vn 0.8195 0.4924 0.2932
vn 0.6496 -0.7238 0.2324
vn 0.8412 0.4492 0.3010
vn 0.6154 -0.7568 0.2202
vn 0.8609 0.4048 0.3080
vn 0.5797 -0.7880 0.2074
vn 0.8786 0.3595 0.3144
vn 0.0222 0.9997 0.0105
vn 0.4460 -0.8698 0.2109
vn 0.8821 0.2189 0.4172
vn 0.0666 0.9973 0.0315
vn 0.4068 -0.8930 0.1924
vn 0.8907 0.1708 0.4213
vn 0.1108 0.9925 0.0524
vn 0.3667 -0.9140 0.1734
vn 0.8972 0.1223 0.4243
vn 0.1547 0.9852 0.0732
vn 0.3257 -0.9328 0.1540
vn 0.9015 0.0735 0.4264
vn 0.1983 0.9756 0.0938
vn 0.2839 -0.9494 0.1343
vn 0.9037 0.0245 0.4274
vn 0.2414 0.9637 0.1142
vn 0.2414 -0.9637 0.1142
vn 0.9037 -0.0245 0.4274
vn 0.2839 0.9494 0.1343
vn 0.1983 -0.9756 0.0938
vn 0.9015 -0.0735 0.4264
vn 0.3257 0.9328 0.1540
vn 0.1547 -0.9852 0.0732
vn 0.8972 -0.1223 0.4243
vn 0.3667 0.9140 0.1734
vn 0.1108 -0.9925 0.0524
vn 0.8907 -0.1708 0.4213
vn 0.4068 0.8930 0.1924
vn 0.0666 -0.9973 0.0315
vn 0.8821 -0.2189 0.4172
vn 0.4460 0.8698 0.2109
vn 0.0222 -0.9997 0.0105
vn 0.8713 -0.2664 0.4121
vn 0.4840 0.8446 0.2289
vn 0.8585 -0.3133 0.4060
vn 0.5209 0.8173 0.2464
vn 0.8435 -0.3595 0.3990
vn 0.5566 0.7880 0.2632
vn 0.8266 -0.4048 0.3910
vn 0.5909 0.7568 0.2795
vn 0.8077 -0.4492 0.3820
vn 0.6237 0.7238 0.2950
vn 0.7868 -0.4924 0.3721
vn 0.6551 0.6891 0.3098
vn 0.7640 -0.5345 0.3613
vn 0.6849 0.6527 0.3239
vn 0.7394 -0.5753 0.3497
vn 0.7130 0.6148 0.3372
vn 0.7130 -0.6148 0.3372
vn 0.7394 0.5753 0.3497
vn 0.6849 -0.6527 0.3239
vn 0.7640 0.5345 0.3613
vn 0.6551 -0.6891 0.3098
vn 0.7868 0.4924 0.3721
vn 0.6237 -0.7238 0.2950
vn 0.8077 0.4492 0.3820
vn 0.5909 -0.7568 0.2795
vn 0.8266 0.4048 0.3910
vn 0.5566 -0.7880 0.2632
vn 0.8435 0.3595 0.3990
vn 0.5209 -0.8173 0.2464
vn 0.8585 0.3133 0.4060
vn 0.4840 -0.8446 0.2289
vn 0.8713 0.2664 0.4121
vn 0.1051 0.9925 0.0630
vn 0.3479 -0.9140 0.2085
vn 0.8513 0.1223 0.5102
vn 0.1468 0.9852 0.0880
vn 0.3090 -0.9328 0.1852
vn 0.8554 0.0735 0.5127
vn 0.1881 0.9756 0.1128
vn 0.2693 -0.9494 0.1614
vn 0.8575 0.0245 0.5139
vn 0.2290 0.9637 0.1373
vn 0.2290 -0.9637 0.1373
vn 0.8575 -0.0245 0.5139
vn 0.2693 0.9494 0.1614
vn 0.1881 -0.9756 0.1128
vn 0.8554 -0.0735 0.5127
vn 0.3090 0.9328 0.1852
vn 0.1468 -0.9852 0.0880
vn 0.8513 -0.1223 0.5102
vn 0.3479 0.9140 0.2085
vn 0.1051 -0.9925 0.0630
vn 0.8451 -0.1708 0.5066
vn 0.3860 0.8930 0.2314
vn 0.0632 -0.9973 0.0379
vn 0.8369 -0.2189 0.5016
vn 0.4232 0.8698 0.2536
vn 0.0211 -0.9997 0.0126
vn 0.8267 -0.2664 0.4955
vn 0.4593 0.8446 0.2753
vn 0.8145 -0.3133 0.4882
vn 0.4943 0.8173 0.2963
vn 0.8004 -0.3595 0.4797
vn 0.5281 0.7880 0.3165
vn 0.7843 -0.4048 0.4701
vn 0.5606 0.7568 0.3360
vn 0.7663 -0.4492 0.4593
vn 0.5918 0.7238 0.3547
vn 0.7465 -0.4924 0.4474
vn 0.6216 0.6891 0.3726
vn 0.7249 -0.5345 0.4345
vn 0.6498 0.6527 0.3895
vn 0.7015 -0.5753 0.4205
vn 0.6765 0.6148 0.4055
vn 0.6765 -0.6148 0.4055
vn 0.7015 0.5753 0.4205
vn 0.6498 -0.6527 0.3895
vn 0.7249 0.5345 0.4345
vn 0.6216 -0.6891 0.3726
vn 0.7465 0.4924 0.4474
vn 0.5918 -0.7238 0.3547
vn 0.7663 0.4492 0.4593
vn 0.5606 -0.7568 0.3360
vn 0.7843 0.4048 0.4701
vn 0.5281 -0.7880 0.3165
vn 0.8004 0.3595 0.4797
vn 0.4943 -0.8173 0.2963
vn 0.8145 0.3133 0.4882
vn 0.4593 -0.8446 0.2753
vn 0.8267 0.2664 0.4955
vn 0.0211 0.9997 0.0126
vn 0.4232 -0.8698 0.2536
vn 0.8369 0.2189 0.5016
vn 0.0632 0.9973 0.0379
vn 0.3860 -0.8930 0.2314
vn 0.8451 0.1708 0.5066
vn 0.1762 0.9756 0.1307
vn 0.2522 -0.9494 0.1871
vn 0.8030 0.0245 0.5955
vn 0.2145 0.9637 0.1591
vn 0.2145 -0.9637 0.1591
vn 0.8030 -0.0245 0.5955
vn 0.2522 0.9494 0.1871
vn 0.1762 -0.9756 0.1307
vn 0.8010 -0.0735 0.5941
vn 0.2894 0.9328 0.2146
vn 0.1375 -0.9852 0.1020
vn 0.7972 -0.1223 0.5912
vn 0.3258 0.9140 0.2416
vn 0.0984 -0.9925 0.0730
vn 0.7914 -0.1708 0.5870
vn 0.3615 0.8930 0.2681
vn 0.0592 -0.9973 0.0439
vn 0.7837 -0.2189 0.5813
vn 0.3963 0.8698 0.2939
vn 0.0197 -0.9997 0.0146
vn 0.7742 -0.2664 0.5742
vn 0.4301 0.8446 0.3190
vn 0.7628 -0.3133 0.5657
vn 0.4629 0.8173 0.3433
vn 0.7495 -0.3595 0.5559
vn 0.4945 0.7880 0.3668
vn 0.7344 -0.4048 0.5447
vn 0.5250 0.7568 0.3894
vn 0.7176 -0.4492 0.5322
vn 0.5542 0.7238 0.4110
vn 0.6991 -0.4924 0.5185
vn 0.5821 0.6891 0.4317
vn 0.6788 -0.5345 0.5035
vn 0.6085 0.6527 0.4513
vn 0.6570 -0.5753 0.4872
vn 0.6335 0.6148 0.4698
vn 0.6335 -0.6148 0.4698
vn 0.6570 0.5753 0.4872
vn 0.6085 -0.6527 0.4513
vn 0.6788 0.5345 0.5035
vn 0.5821 -0.6891 0.4317
vn 0.6991 0.4924 0.5185
vn 0.5542 -0.7238 0.4110
vn 0.7176 0.4492 0.5322
vn 0.5250 -0.7568 0.3894
vn 0.7344 0.4048 0.5447
vn 0.4945 -0.7880 0.3668
vn 0.7495 0.3595 0.5559
vn 0.4629 -0.8173 0.3433
vn 0.7628 0.3133 0.5657
vn 0.4301 -0.8446 0.3190
vn 0.7742 0.2664 0.5742
vn 0.0197 0.9997 0.0146
vn 0.3963 -0.8698 0.2939
vn 0.7837 0.2189 0.5813
vn 0.0592 0.9973 0.0439
vn 0.3615 -0.8930 0.2681
vn 0.7914 0.1708 0.5870
vn 0.0984 0.9925 0.0730
vn 0.3258 -0.9140 0.2416
vn 0.7972 0.1223 0.5912
vn 0.1375 0.9852 0.1020
vn 0.2894 -0.9328 0.2146
vn 0.8010 0.0735 0.5941
vn 0.2327 0.9494 0.2109
vn 0.1625 -0.9756 0.1473
vn 0.7389 -0.0735 0.6697
vn 0.2669 0.9328 0.2419
vn 0.1268 -0.9852 0.1149
vn 0.7354 -0.1223 0.6665
vn 0.3006 0.9140 0.2724
vn 0.0908 -0.9925 0.0823
vn 0.7301 -0.1708 0.6617
vn 0.3335 0.8930 0.3022
vn 0.0546 -0.9973 0.0495
vn 0.7230 -0.2189 0.6553
vn 0.3655 0.8698 0.3313
vn 0.0182 -0.9997 0.0165
vn 0.7142 -0.2664 0.6473
vn 0.3967 0.8446 0.3596
vn 0.7036 -0.3133 0.6377
vn 0.4270 0.8173 0.3870
vn 0.6914 -0.3595 0.6267
vn 0.4562 0.7880 0.4135
vn 0.6775 -0.4048 0.6141
vn 0.4843 0.7568 0.4389
vn 0.6620 -0.4492 0.6000
vn 0.5112 0.7238 0.4634
vn 0.6449 -0.4924 0.5845
vn 0.5369 0.6891 0.4867
vn 0.6262 -0.5345 0.5676
vn 0.5613 0.6527 0.5088
vn 0.6060 -0.5753 0.5493
vn 0.5844 0.6148 0.5297
vn 0.5844 -0.6148 0.5297
vn 0.6060 0.5753 0.5493
vn 0.5613 -0.6527 0.5088
vn 0.6262 0.5345 0.5676
vn 0.5369 -0.6891 0.4867
vn 0.6449 0.4924 0.5845
vn 0.5112 -0.7238 0.4634
vn 0.6620 0.4492 0.6000
vn 0.4843 -0.7568 0.4389
vn 0.6775 0.4048 0.6141
vn 0.4562 -0.7880 0.4135
vn 0.6914 0.3595 0.6267
vn 0.4270 -0.8173 0.3870
vn 0.7036 0.3133 0.6377
vn 0.3967 -0.8446 0.3596
vn 0.7142 0.2664 0.6473
vn 0.0182 0.9997 0.0165
vn 0.3655 -0.8698 0.3313
vn 0.7230 0.2189 0.6553
vn 0.0546 0.9973 0.0495
vn 0.3335 -0.8930 0.3022
vn 0.7301 0.1708 0.6617
vn 0.0908 0.9925 0.0823
vn 0.3006 -0.9140 0.2724
vn 0.7354 0.1223 0.6665
vn 0.1268 0.9852 0.1149
vn 0.2669 -0.9328 0.2419
vn 0.7389 0.0735 0.6697
vn 0.1625 0.9756 0.1473
vn 0.2327 -0.9494 0.2109
vn 0.7407 0.0245 0.6714
vn 0.1978 0.9637 0.1793
vn 0.1978 -0.9637 0.1793
vn 0.7407 -0.0245 0.6714
vn 0.2724 0.9140 0.3006
vn 0.0823 -0.9925 0.0908
vn 0.6617 -0.1708 0.7301
vn 0.3022 0.8930 0.3335
vn 0.0495 -0.9973 0.0546
vn 0.6553 -0.2189 0.7230
vn 0.3313 0.8698 0.3655
vn 0.0165 -0.9997 0.0182
vn 0.6473 -0.2664 0.7142
vn 0.3596 0.8446 0.3967
vn 0.6377 -0.3133 0.7036
vn 0.3870 0.8173 0.4270
vn 0.6267 -0.3595 0.6914
vn 0.4135 0.7880 0.4562
vn 0.6141 -0.4048 0.6775
vn 0.4389 0.7568 0.4843
vn 0.6000 -0.4492 0.6620
vn 0.4634 0.7238 0.5112
vn 0.5845 -0.4924 0.6449
vn 0.4867 0.6891 0.5369
vn 0.5676 -0.5345 0.6262
vn 0.5088 0.6527 0.5613
vn 0.5493 -0.5753 0.6060
vn 0.5297 0.6148 0.5844
vn 0.5297 -0.6148 0.5844
vn 0.5493 0.5753 0.6060
vn 0.5088 -0.6527 0.5613
vn 0.5676 0.5345 0.6262
vn 0.4867 -0.6891 0.5369
vn 0.5845 0.4924 0.6449
vn 0.4634 -0.7238 0.5112
vn 0.6000 0.4492 0.6620
vn 0.4389 -0.7568 0.4843
vn 0.6141 0.4048 0.6775
vn 0.4135 -0.7880 0.4562
vn 0.6267 0.3595 0.6914
vn 0.3870 -0.8173 0.4270
vn 0.6377 0.3133 0.7036
vn 0.3596 -0.8446 0.3967
vn 0.6473 0.2664 0.7142
vn 0.0165 0.9997 0.0182
vn 0.3313 -0.8698 0.3655
vn 0.6553 0.2189 0.7230
vn 0.0495 0.9973 0.0546
vn 0.3022 -0.8930 0.3335
vn 0.6617 0.1708 0.7301
vn 0.0823 0.9925 0.0908
vn 0.2724 -0.9140 0.3006
vn 0.6665 0.1223 0.7354
vn 0.1149 0.9852 0.1268
vn 0.2419 -0.9328 0.2669
vn 0.6697 0.0735 0.7389
vn 0.1473 0.9756 0.1625
vn 0.2109 -0.9494 0.2327
vn 0.6714 0.0245 0.7407
vn 0.1793 0.9637 0.1978
vn 0.1793 -0.9637 0.1978
vn 0.6714 -0.0245 0.7407
vn 0.2109 0.9494 0.2327
vn 0.1473 -0.9756 0.1625
vn 0.6697 -0.0735 0.7389
vn 0.2419 0.9328 0.2669
vn 0.1149 -0.9852 0.1268
vn 0.6665 -0.1223 0.7354
vn 0.2939 0.8698 0.3963
vn 0.0146 -0.9997 0.0197
vn 0.5742 -0.2664 0.7742
vn 0.3190 0.8446 0.4301
vn 0.5657 -0.3133 0.7628
vn 0.3433 0.8173 0.4629
vn 0.5559 -0.3595 0.7495
vn 0.3668 0.7880 0.4945
vn 0.5447 -0.4048 0.7344
vn 0.3894 0.7568 0.5250
vn 0.5322 -0.4492 0.7176
vn 0.4110 0.7238 0.5542
vn 0.5185 -0.4924 0.6991
vn 0.4317 0.6891 0.5821
vn 0.5035 -0.5345 0.6788
vn 0.4513 0.6527 0.6085
vn 0.4872 -0.5753 0.6570
vn 0.4698 0.6148 0.6335
vn 0.4698 -0.6148 0.6335
vn 0.4872 0.5753 0.6570
vn 0.4513 -0.6527 0.6085
vn 0.5035 0.5345 0.6788
vn 0.4317 -0.6891 0.5821
vn 0.5185 0.4924 0.6991
vn 0.4110 -0.7238 0.5542
vn 0.5322 0.4492 0.7176
vn 0.3894 -0.7568 0.5250
vn 0.5447 0.4048 0.7344
vn 0.3668 -0.7880 0.4945
vn 0.5559 0.3595 0.7495
vn 0.3433 -0.8173 0.4629
vn 0.5657 0.3133 0.7628
vn 0.3190 -0.8446 0.4301
vn 0.5742 0.2664 0.7742
vn 0.0146 0.9997 0.0197
vn 0.2939 -0.8698 0.3963
vn 0.5813 0.2189 0.7837
vn 0.0439 0.9973 0.0592
vn 0.2681 -0.8930 0.3615
vn 0.5870 0.1708 0.7914
vn 0.0730 0.9925 0.0984
vn 0.2416 -0.9140 0.3258
vn 0.5912 0.1223 0.7972
vn 0.1020 0.9852 0.1375
vn 0.2146 -0.9328 0.2894
vn 0.5941 0.0735 0.8010
vn 0.1307 0.9756 0.1762
vn 0.1871 -0.9494 0.2522
vn 0.5955 0.0245 0.8030
vn 0.1591 0.9637 0.2145
vn 0.1591 -0.9637 0.2145
vn 0.5955 -0.0245 0.8030
vn 0.1871 0.9494 0.2522
vn 0.1307 -0.9756 0.1762
vn 0.5941 -0.0735 0.8010
vn 0.2146 0.9328 0.2894
vn 0.1020 -0.9852 0.1375
vn 0.5912 -0.1223 0.7972
vn 0.2416 0.9140 0.3258
vn 0.0730 -0.9925 0.0984
vn 0.5870 -0.1708 0.7914
vn 0.2681 0.8930 0.3615
vn 0.0439 -0.9973 0.0592
vn 0.5813 -0.2189 0.7837
vn 0.1128 -0.9756 0.1881
vn 0.5127 -0.0735 0.8554
vn 0.1852 0.9328 0.3090
vn 0.0880 -0.9852 0.1468
vn 0.5102 -0.1223 0.8513
vn 0.2085 0.9140 0.3479
vn 0.0630 -0.9925 0.1051
vn 0.5066 -0.1708 0.8451
vn 0.2314 0.8930 0.3860
vn 0.0379 -0.9973 0.0632
vn 0.5016 -0.2189 0.8369
vn 0.2536 0.8698 0.4232
vn 0.0126 -0.9997 0.0211
vn 0.4955 -0.2664 0.8267
vn 0.2753 0.8446 0.4593
vn 0.4882 -0.3133 0.8145
vn 0.2963 0.8173 0.4943
vn 0.4797 -0.3595 0.8004
vn 0.3165 0.7880 0.5281
vn 0.4701 -0.4048 0.7843
vn 0.3360 0.7568 0.5606
vn 0.4593 -0.4492 0.7663
vn 0.3547 0.7238 0.5918
vn 0.4474 -0.4924 0.7465
vn 0.3726 0.6891 0.6216
vn 0.4345 -0.5345 0.7249
vn 0.3895 0.6527 0.6498
vn 0.4205 -0.5753 0.7015
vn 0.4055 0.6148 0.6765
vn 0.4055 -0.6148 0.6765
vn 0.4205 0.5753 0.7015
vn 0.3895 -0.6527 0.6498
vn 0.4345 0.5345 0.7249
vn 0.3726 -0.6891 0.6216
vn 0.4474 0.4924 0.7465
vn 0.3547 -0.7238 0.5918
vn 0.4593 0.4492 0.7663
vn 0.3360 -0.7568 0.5606
vn 0.4701 0.4048 0.7843
vn 0.3165 -0.7880 0.5281
vn 0.4797 0.3595 0.8004
vn 0.2963 -0.8173 0.4943
vn 0.4882 0.3133 0.8145
vn 0.2753 -0.8446 0.4593
vn 0.4955 0.2664 0.8267
vn 0.0126 0.9997 0.0211
vn 0.2536 -0.8698 0.4232
vn 0.5016 0.2189 0.8369
vn 0.0379 0.9973 0.0632
vn 0.2314 -0.8930 0.3860
vn 0.5066 0.1708 0.8451
vn 0.0630 0.9925 0.1051
vn 0.2085 -0.9140 0.3479
vn 0.5102 0.1223 0.8513
vn 0.0880 0.9852 0.1468
vn 0.1852 -0.9328 0.3090
vn 0.5127 0.0735 0.8554
vn 0.1128 0.9756 0.1881
vn 0.1614 -0.9494 0.2693
vn 0.5139 0.0245 0.8575
vn 0.1373 0.9637 0.2290
vn 0.1373 -0.9637 0.2290
vn 0.5139 -0.0245 0.8575
vn 0.1614 0.9494 0.2693
vn 0.0524 -0.9925 0.1108
vn 0.4213 -0.1708 0.8907
vn 0.1924 0.8930 0.4068
vn 0.0315 -0.9973 0.0666
vn 0.4172 -0.2189 0.8821
vn 0.2109 0.8698 0.4460
vn 0.0105 -0.9997 0.0222
vn 0.4121 -0.2664 0.8713
vn 0.2289 0.8446 0.4840
vn 0.4060 -0.3133 0.8585
vn 0.2464 0.8173 0.5209
vn 0.3990 -0.3595 0.8435
vn 0.2632 0.7880 0.5566
vn 0.3910 -0.4048 0.8266
vn 0.2795 0.7568 0.5909
vn 0.3820 -0.4492 0.8077
vn 0.2950 0.7238 0.6237
vn 0.3721 -0.4924 0.7868
vn 0.3098 0.6891 0.6551
vn 0.3613 -0.5345 0.7640
vn 0.3239 0.6527 0.6849
vn 0.3497 -0.5753 0.7394
vn 0.3372 0.6148 0.7130
vn 0.3372 -0.6148 0.7130
vn 0.3497 0.5753 0.7394
vn 0.3239 -0.6527 0.6849
vn 0.3613 0.5345 0.7640
vn 0.3098 -0.6891 0.6551
vn 0.3721 0.4924 0.7868
vn 0.2950 -0.7238 0.6237
vn 0.3820 0.4492 0.8077
vn 0.2795 -0.7568 0.5909
vn 0.3910 0.4048 0.8266
vn 0.2632 -0.7880 0.5566
vn 0.3990 0.3595 0.8435
vn 0.2464 -0.8173 0.5209
vn 0.4060 0.3133 0.8585
vn 0.2289 -0.8446 0.4840
vn 0.4121 0.2664 0.8713
vn 0.0105 0.9997 0.0222
vn 0.2109 -0.8698 0.4460
vn 0.4172 0.2189 0.8821
vn 0.0315 0.9973 0.0666
vn 0.1924 -0.8930 0.4068
vn 0.4213 0.1708 0.8907
vn 0.0524 0.9925 0.1108
vn 0.1734 -0.9140 0.3667
vn 0.4243 0.1223 0.8972
vn 0.0732 0.9852 0.1547
vn 0.1540 -0.9328 0.3257
vn 0.4264 0.0735 0.9015
vn 0.0938 0.9756 0.1983
vn 0.1343 -0.9494 0.2839
vn 0.4274 0.0245 0.9037
vn 0.1142 0.9637 0.2414
vn 0.1142 -0.9637 0.2414
vn 0.4274 -0.0245 0.9037
vn 0.1343 0.9494 0.2839
vn 0.0938 -0.9756 0.1983
vn 0.4264 -0.0735 0.9015
vn 0.1540 0.9328 0.3257
vn 0.0732 -0.9852 0.1547
vn 0.4243 -0.1223 0.8972
vn 0.1734 0.9140 0.3667
vn 0.0083 -0.9997 0.0231
vn 0.3247 -0.2664 0.9075
vn 0.1804 0.8446 0.5042
vn 0.3199 -0.3133 0.8941
vn 0.1941 0.8173 0.5426
vn 0.3144 -0.3595 0.8786
vn 0.2074 0.7880 0.5797
vn 0.3080 -0.4048 0.8609
vn 0.2202 0.7568 0.6154
vn 0.3010 -0.4492 0.8412
vn 0.2324 0.7238 0.6496
vn 0.2932 -0.4924 0.8195
vn 0.2441 0.6891 0.6823
vn 0.2847 -0.5345 0.7957
vn 0.2552 0.6527 0.7133
vn 0.2755 -0.5753 0.7701
vn 0.2657 0.6148 0.7426
vn 0.2657 -0.6148 0.7426
vn 0.2755 0.5753 0.7701
vn 0.2552 -0.6527 0.7133
vn 0.2847 0.5345 0.7957
vn 0.2441 -0.6891 0.6823
vn 0.2932 0.4924 0.8195
vn 0.2324 -0.7238 0.6496
vn 0.3010 0.4492 0.8412
vn 0.2202 -0.7568 0.6154
vn 0.3080 0.4048 0.8609
vn 0.2074 -0.7880 0.5797
vn 0.3144 0.3595 0.8786
vn 0.1941 -0.8173 0.5426
vn 0.3199 0.3133 0.8941
vn 0.1804 -0.8446 0.5042
vn 0.3247 0.2664 0.9075
vn 0.0083 0.9997 0.0231
vn 0.1662 -0.8698 0.4645
vn 0.3287 0.2189 0.9187
vn 0.0248 0.9973 0.0693
vn 0.1516 -0.8930 0.4237
vn 0.3319 0.1708 0.9277
vn 0.0413 0.9925 0.1154
vn 0.1367 -0.9140 0.3819
vn 0.3344 0.1223 0.9345
vn 0.0577 0.9852 0.1612
vn 0.1214 -0.9328 0.3392
vn 0.3360 0.0735 0.9390
vn 0.0739 0.9756 0.2065
vn 0.1058 -0.9494 0.2957
vn 0.3368 0.0245 0.9413
vn 0.0900 0.9637 0.2514
vn 0.0900 -0.9637 0.2514
vn 0.3368 -0.0245 0.9413
vn 0.1058 0.9494 0.2957
vn 0.0739 -0.9756 0.2065
vn 0.3360 -0.0735 0.9390
vn 0.1214 0.9328 0.3392
vn 0.0577 -0.9852 0.1612
vn 0.3344 -0.1223 0.9345
vn 0.1367 0.9140 0.3819
vn 0.0413 -0.9925 0.1154
vn 0.3319 -0.1708 0.9277
vn 0.1516 0.8930 0.4237
vn 0.0248 -0.9973 0.0693
vn 0.3287 -0.2189 0.9187
vn 0.1662 0.8698 0.4645
vn 0.2267 -0.3595 0.9052
vn 0.1496 0.7880 0.5972
vn 0.2222 -0.4048 0.8870
vn 0.1588 0.7568 0.6340
vn 0.2171 -0.4492 0.8667
vn 0.1677 0.7238 0.6693
vn 0.2115 -0.4924 0.8443
vn 0.1761 0.6891 0.7029
vn 0.2054 -0.5345 0.8198
vn 0.1841 0.6527 0.7349
vn 0.1987 -0.5753 0.7934
vn 0.1916 0.6148 0.7651
vn 0.1916 -0.6148 0.7651
vn 0.1987 0.5753 0.7934
vn 0.1841 -0.6527 0.7349
vn 0.2054 0.5345 0.8198
vn 0.1761 -0.6891 0.7029
vn 0.2115 0.4924 0.8443
vn 0.1677 -0.7238 0.6693
vn 0.2171 0.4492 0.8667
vn 0.1588 -0.7568 0.6340
vn 0.2222 0.4048 0.8870
vn 0.1496 -0.7880 0.5972
vn 0.2267 0.3595 0.9052
vn 0.1400 -0.8173 0.5590
vn 0.2307 0.3133 0.9212
vn 0.1301 -0.8446 0.5194
vn 0.2342 0.2664 0.9350
vn 0.0060 0.9997 0.0238
vn 0.1199 -0.8698 0.4786
vn 0.2371 0.2189 0.9465
vn 0.0179 0.9973 0.0714
vn 0.1094 -0.8930 0.4366
vn 0.2394 0.1708 0.9558
vn 0.0298 0.9925 0.1189
vn 0.0986 -0.9140 0.3935
vn 0.2412 0.1223 0.9628
vn 0.0416 0.9852 0.1660
vn 0.0875 -0.9328 0.3495
vn 0.2423 0.0735 0.9674
vn 0.0533 0.9756 0.2128
vn 0.0763 -0.9494 0.3046
vn 0.2429 0.0245 0.9697
vn 0.0649 0.9637 0.2590
vn 0.0649 -0.9637 0.2590
vn 0.2429 -0.0245 0.9697
vn 0.0763 0.9494 0.3046
vn 0.0533 -0.9756 0.2128
vn 0.2423 -0.0735 0.9674
vn 0.0875 0.9328 0.3495
vn 0.0416 -0.9852 0.1660
vn 0.2412 -0.1223 0.9628
vn 0.0986 0.9140 0.3935
vn 0.0298 -0.9925 0.1189
vn 0.2394 -0.1708 0.9558
vn 0.1094 0.8930 0.4366
vn 0.0179 -0.9973 0.0714
vn 0.2371 -0.2189 0.9465
vn 0.1199 0.8698 0.4786
vn 0.0060 -0.9997 0.0238
vn 0.2342 -0.2664 0.9350
vn 0.1301 0.8446 0.5194
vn 0.2307 -0.3133 0.9212
vn 0.1400 0.8173 0.5590
vn 0.1311 -0.4492 0.8838
vn 0.1012 0.7238 0.6825
vn 0.1277 -0.4924 0.8609
vn 0.1063 0.6891 0.7168
vn 0.1240 -0.5345 0.8360
vn 0.1112 0.6527 0.7494
vn 0.1200 -0.5753 0.8091
vn 0.1157 0.6148 0.7802
vn 0.1157 -0.6148 0.7802
vn 0.1200 0.5753 0.8091
vn 0.1112 -0.6527 0.7494
vn 0.1240 0.5345 0.8360
vn 0.1063 -0.6891 0.7168
vn 0.1277 0.4924 0.8609
vn 0.1012 -0.7238 0.6825
vn 0.1311 0.4492 0.8838
vn 0.0959 -0.7568 0.6465
vn 0.1342 0.4048 0.9045
vn 0.0903 -0.7880 0.6090
vn 0.1369 0.3595 0.9230
vn 0.0846 -0.8173 0.5700
vn 0.1393 0.3133 0.9394
vn 0.0786 -0.8446 0.5297
vn 0.1414 0.2664 0.9534
vn 0.0036 0.9997 0.0243
vn 0.0724 -0.8698 0.4880
vn 0.1432 0.2189 0.9652
vn 0.0108 0.9973 0.0729
vn 0.0660 -0.8930 0.4452
vn 0.1446 0.1708 0.9746
vn 0.0180 0.9925 0.1212
vn 0.0595 -0.9140 0.4013
vn 0.1456 0.1223 0.9818
vn 0.0251 0.9852 0.1693
vn 0.0529 -0.9328 0.3564
vn 0.1463 0.0735 0.9865
vn 0.0322 0.9756 0.2170
vn 0.0461 -0.9494 0.3106
vn 0.1467 0.0245 0.9889
vn 0.0392 0.9637 0.2641
vn 0.0392 -0.9637 0.2641
vn 0.1467 -0.0245 0.9889
vn 0.0461 0.9494 0.3106
vn 0.0322 -0.9756 0.2170
vn 0.1463 -0.0735 0.9865
vn 0.0529 0.9328 0.3564
vn 0.0251 -0.9852 0.1693
vn 0.1456 -0.1223 0.9818
vn 0.0595 0.9140 0.4013
vn 0.0180 -0.9925 0.1212
vn 0.1446 -0.1708 0.9746
vn 0.0660 0.8930 0.4452
vn 0.0108 -0.9973 0.0729
vn 0.1432 -0.2189 0.9652
vn 0.0724 0.8698 0.4880
vn 0.0036 -0.9997 0.0243
vn 0.1414 -0.2664 0.9534
vn 0.0786 0.8446 0.5297
vn 0.1393 -0.3133 0.9394
vn 0.0846 0.8173 0.5700
vn 0.1369 -0.3595 0.9230
vn 0.0903 0.7880 0.6090
vn 0.1342 -0.4048 0.9045
vn 0.0959 0.7568 0.6465
vn 0.0415 -0.5345 0.8441
vn 0.0372 0.6527 0.7567
vn 0.0401 -0.5753 0.8169
vn 0.0387 0.6148 0.7878
vn 0.0387 -0.6148 0.7878
vn 0.0401 0.5753 0.8169
vn 0.0372 -0.6527 0.7567
vn 0.0415 0.5345 0.8441
vn 0.0356 -0.6891 0.7238
vn 0.0427 0.4924 0.8693
vn 0.0339 -0.7238 0.6891
vn 0.0438 0.4492 0.8924
vn 0.0321 -0.7568 0.6528
vn 0.0449 0.4048 0.9133
vn 0.0302 -0.7880 0.6149
vn 0.0458 0.3595 0.9320
vn 0.0283 -0.8173 0.5756
vn 0.0466 0.3133 0.9485
vn 0.0263 -0.8446 0.5348
vn 0.0473 0.2664 0.9627
vn 0.0012 0.9997 0.0245
vn 0.0242 -0.8698 0.4928
vn 0.0479 0.2189 0.9746
vn 0.0036 0.9973 0.0736
vn 0.0221 -0.8930 0.4495
vn 0.0483 0.1708 0.9841
vn 0.0060 0.9925 0.1224
vn 0.0199 -0.9140 0.4052
vn 0.0487 0.1223 0.9913
vn 0.0084 0.9852 0.1710
vn 0.0177 -0.9328 0.3598
vn 0.0489 0.0735 0.9961
vn 0.0108 0.9756 0.2191
vn 0.0154 -0.9494 0.3136
vn 0.0491 0.0245 0.9985
vn 0.0131 0.9637 0.2667
vn 0.0131 -0.9637 0.2667
vn 0.0491 -0.0245 0.9985
vn 0.0154 0.9494 0.3136
vn 0.0108 -0.9756 0.2191
vn 0.0489 -0.0735 0.9961
vn 0.0177 0.9328 0.3598
vn 0.0084 -0.9852 0.1710
vn 0.0487 -0.1223 0.9913
vn 0.0199 0.9140 0.4052
vn 0.0060 -0.9925 0.1224
vn 0.0483 -0.1708 0.9841
vn 0.0221 0.8930 0.4495
vn 0.0036 -0.9973 0.0736
vn 0.0479 -0.2189 0.9746
vn 0.0242 0.8698 0.4928
vn 0.0012 -0.9997 0.0245
vn 0.0473 -0.2664 0.9627
vn 0.0263 0.8446 0.5348
vn 0.0466 -0.3133 0.9485
vn 0.0283 0.8173 0.5756
vn 0.0458 -0.3595 0.9320
vn 0.0302 0.7880 0.6149
vn 0.0449 -0.4048 0.9133
vn 0.0321 0.7568 0.6528
vn 0.0438 -0.4492 0.8924
vn 0.0339 0.7238 0.6891
vn 0.0427 -0.4924 0.8693
vn 0.0356 0.6891 0.7238
vn -0.0387 -0.6148 0.7878
vn -0.0401 0.5753 0.8169
vn -0.0372 -0.6527 0.7567
vn -0.0415 0.5345 0.8441
vn -0.0356 -0.6891 0.7238
vn -0.0427 0.4924 0.8693
vn -0.0339 -0.7238 0.6891
vn -0.0438 0.4492 0.8924
vn -0.0321 -0.7568 0.6528
vn -0.0449 0.4048 0.9133
vn -0.0302 -0.7880 0.6149
vn -0.0458 0.3595 0.9320
vn -0.0283 -0.8173 0.5756
vn -0.0466 0.3133 0.9485
vn -0.0263 -0.8446 0.5348
vn -0.0473 0.2664 0.9627
vn -0.0012 0.9997 0.0245
vn -0.0242 -0.8698 0.4928
vn -0.0479 0.2189 0.9746
vn -0.0036 0.9973 0.0736
vn -0.0221 -0.8930 0.4495
vn -0.0483 0.1707 0.9841
vn -0.0060 0.9925 0.1224
vn -0.0199 -0.9140 0.4052
vn -0.0487 0.1223 0.9913
vn -0.0084 0.9852 0.1710
vn -0.0177 -0.9328 0.3598
vn -0.0489 0.0735 0.9961
vn -0.0108 0.9756 0.2191
vn -0.0154 -0.9494 0.3136
vn -0.0491 0.0245 0.9985
vn -0.0131 0.9637 0.2667
vn -0.0131 -0.9637 0.2667
vn -0.0491 -0.0245 0.9985
vn -0.0154 0.9494 0.3136
vn -0.0108 -0.9756 0.2191
vn -0.0489 -0.0735 0.9961
vn -0.0177 0.9328 0.3598
vn -0.0084 -0.9852 0.1710
vn -0.0487 -0.1223 0.9913
vn -0.0199 0.9140 0.4052
vn -0.0060 -0.9925 0.1224
vn -0.0483 -0.1707 0.9841
vn -0.0221 0.8930 0.4495
vn -0.0036 -0.9973 0.0736
vn -0.0479 -0.2189 0.9746
vn -0.0242 0.8698 0.4928
vn -0.0012 -0.9997 0.0245
vn -0.0473 -0.2664 0.9627
vn -0.0263 0.8446 0.5348
vn -0.0466 -0.3133 0.9485
vn -0.0283 0.8173 0.5756
vn -0.0458 -0.3595 0.9320
vn -0.0302 0.7880 0.6149
vn -0.0449 -0.4048 0.9133
vn -0.0321 0.7568 0.6528
vn -0.0438 -0.4492 0.8924
vn -0.0339 0.7238 0.6891
vn -0.0427 -0.4924 0.8693
vn -0.0356 0.6891 0.7238
vn -0.0415 -0.5345 0.8441
vn -0.0372 0.6527 0.7567
vn -0.0401 -0.5753 0.8169
vn -0.0387 0.6148 0.7878
vn -0.1063 -0.6891 0.7168
vn -0.1277 0.4924 0.8609
vn -0.1012 -0.7238 0.6825
vn -0.1311 0.4492 0.8838
vn -0.0959 -0.7568 0.6465
vn -0.1342 0.4048 0.9045
vn -0.0903 -0.7880 0.6090
vn -0.1369 0.3595 0.9230
vn -0.0846 -0.8173 0.5700
vn -0.1393 0.3133 0.9394
vn -0.0786 -0.8446 0.5297
vn -0.1414 0.2664 0.9534
vn -0.0036 0.9997 0.0243
vn -0.0724 -0.8698 0.4880
vn -0.1432 0.2189 0.9652
vn -0.0108 0.9973 0.0729
vn -0.0660 -0.8930 0.4452
vn -0.1446 0.1708 0.9746
vn -0.0180 0.9925 0.1212
vn -0.0595 -0.9140 0.4013
vn -0.1456 0.1223 0.9818
vn -0.0251 0.9852 0.1693
vn -0.0529 -0.9328 0.3564
vn -0.1463 0.0735 0.9865
vn -0.0322 0.9756 0.2170
vn -0.0461 -0.9494 0.3106
vn -0.1467 0.0245 0.9889
vn -0.0392 0.9637 0.2641
vn -0.0392 -0.9637 0.2641
vn -0.1467 -0.0245 0.9889
vn -0.0461 0.9494 0.3106
vn -0.0322 -0.9756 0.2170
vn -0.1463 -0.0735 0.9865
vn -0.0529 0.9328 0.3564
vn -0.0251 -0.9852 0.1693
vn -0.1456 -0.1223 0.9818
vn -0.0595 0.9140 0.4013
vn -0.0180 -0.9925 0.1212
vn -0.1446 -0.1708 0.9746
vn -0.0660 0.8930 0.4452
vn -0.0108 -0.9973 0.0729
vn -0.1432 -0.2189 0.9652
vn -0.0724 0.8698 0.4880
vn -0.0036 -0.9997 0.0243
vn -0.1414 -0.2664 0.9534
vn -0.0786 0.8446 0.5297
vn -0.1393 -0.3133 0.9394
vn -0.0846 0.8173 0.5700
vn -0.1369 -0.3595 0.9230
vn -0.0903 0.7880 0.6090
vn -0.1342 -0.4048 0.9045
vn -0.0959 0.7568 0.6465
vn -0.1311 -0.4492 0.8838
vn -0.1012 0.7238 0.6825
vn -0.1277 -0.4924 0.8609
vn -0.1063 0.6891 0.7168
vn -0.1240 -0.5345 0.8360
vn -0.1112 0.6527 0.7494
vn -0.1200 -0.5753 0.8091
vn -0.1157 0.6148 0.7802
vn -0.1157 -0.6148 0.7802
vn -0.1200 0.5753 0.8091
vn -0.1112 -0.6527 0.7494
vn -0.1240 0.5345 0.8360
vn -0.1588 -0.7568 0.6340
vn -0.2222 0.4048 0.8870
vn -0.1496 -0.7880 0.5972
vn -0.2267 0.3595 0.9052
vn -0.1400 -0.8173 0.5590
vn -0.2307 0.3133 0.9212
vn -0.1301 -0.8446 0.5194
vn -0.2342 0.2664 0.9350
vn -0.0060 0.9997 0.0238
vn -0.1199 -0.8698 0.4786
vn -0.2371 0.2189 0.9465
vn -0.0179 0.9973 0.0714
vn -0.1094 -0.8930 0.4366
vn -0.2394 0.1708 0.9558
vn -0.0298 0.9925 0.1189
vn -0.0986 -0.9140 0.3935
vn -0.2412 0.1223 0.9628
vn -0.0416 0.9852 0.1660
vn -0.0875 -0.9328 0.3495
vn -0.2423 0.0735 0.9674
vn -0.0533 0.9756 0.2128
vn -0.0763 -0.9494 0.3046
vn -0.2429 0.0245 0.9697
vn -0.0649 0.9637 0.2590
vn -0.0649 -0.9637 0.2590
vn -0.2429 -0.0245 0.9697
vn -0.0763 0.9494 0.3046
vn -0.0533 -0.9756 0.2128
vn -0.2423 -0.0735 0.9674
vn -0.0875 0.9328 0.3495
vn -0.0416 -0.9852 0.1660
vn -0.2412 -0.1223 0.9628
vn -0.0986 0.9140 0.3935
vn -0.0298 -0.9925 0.1189
vn -0.2394 -0.1708 0.9558
vn -0.1094 0.8930 0.4366
vn -0.0179 -0.9973 0.0714
vn -0.2371 -0.2189 0.9465
vn -0.1199 0.8698 0.4786
vn -0.0060 -0.9997 0.0238
vn -0.2342 -0.2664 0.9350
vn -0.1301 0.8446 0.5194
vn -0.2307 -0.3133 0.9212
vn -0.1400 0.8173 0.5590
vn -0.2267 -0.3595 0.9052
vn -0.1496 0.7880 0.5972
vn -0.2222 -0.4048 0.8870
vn -0.1588 0.7568 0.6340
vn -0.2171 -0.4492 0.8667
vn -0.1677 0.7238 0.6693
vn -0.2115 -0.4924 0.8443
vn -0.1761 0.6891 0.7029
vn -0.2054 -0.5345 0.8198
vn -0.1841 0.6527 0.7349
vn -0.1987 -0.5753 0.7934
vn -0.1916 0.6148 0.7651
vn -0.1916 -0.6148 0.7651
vn -0.1987 0.5753 0.7934
vn -0.1841 -0.6527 0.7349
vn -0.2054 0.5345 0.8198
vn -0.1761 -0.6891 0.7029
vn -0.2115 0.4924 0.8443
vn -0.1677 -0.7238 0.6693
vn -0.2171 0.4492 0.8667
vn -0.1941 -0.8173 0.5426
vn -0.3199 0.3133 0.8941
vn -0.1804 -0.8446 0.5042
vn -0.3247 0.2664 0.9075
vn -0.0083 0.9997 0.0231
vn -0.1662 -0.8698 0.4645
vn -0.3287 0.2189 0.9187
vn -0.0248 0.9973 0.0693
vn -0.1516 -0.8930 0.4237
vn -0.3319 0.1708 0.9277
vn -0.0413 0.9925 0.1154
vn -0.1367 -0.9140 0.3819
vn -0.3344 0.1223 0.9345
vn -0.0577 0.9852 0.1612
vn -0.1214 -0.9328 0.3392
vn -0.3360 0.0735 0.9390
vn -0.0739 0.9756 0.2065
vn -0.1058 -0.9494 0.2957
vn -0.3368 0.0245 0.9413
vn -0.0900 0.9637 0.2514
vn -0.0900 -0.9637 0.2514
vn -0.3368 -0.0245 0.9413
vn -0.1058 0.9494 0.2957
vn -0.0739 -0.9756 0.2065
vn -0.3360 -0.0735 0.9390
vn -0.1214 0.9328 0.3392
vn -0.0577 -0.9852 0.1612
vn -0.3344 -0.1223 0.9345
vn -0.1367 0.9140 0.3819
vn -0.0413 -0.9925 0.1154
vn -0.3319 -0.1708 0.9277
vn -0.1516 0.8930 0.4237
vn -0.0248 -0.9973 0.0693
vn -0.3287 -0.2189 0.9187
vn -0.1662 0.8698 0.4645
vn -0.0083 -0.9997 0.0231
vn -0.3247 -0.2664 0.9075
vn -0.1804 0.8446 0.5042
vn -0.3199 -0.3133 0.8941
vn -0.1941 0.8173 0.5426
vn -0.3144 -0.3595 0.8786
vn -0.2074 0.7880 0.5797
vn -0.3080 -0.4048 0.8609
vn -0.2202 0.7568 0.6154
vn -0.3010 -0.4492 0.8412
vn -0.2324 0.7238 0.6496
vn -0.2932 -0.4924 0.8195
vn -0.2441 0.6891 0.6823
vn -0.2847 -0.5345 0.7957
vn -0.2552 0.6527 0.7133
vn -0.2755 -0.5753 0.7701
vn -0.2657 0.6148 0.7426
vn -0.2657 -0.6148 0.7426
vn -0.2755 0.5753 0.7701
vn -0.2552 -0.6527 0.7133
vn -0.2847 0.5345 0.7957
vn -0.2441 -0.6891 0.6823
vn -0.2932 0.4924 0.8195
vn -0.2324 -0.7238 0.6496
vn -0.3010 0.4492 0.8412
vn -0.2202 -0.7568 0.6154
vn -0.3081 0.4048 0.8609
vn -0.2074 -0.7880 0.5797
vn -0.3144 0.3595 0.8786
vn -0.0105 0.9997 0.0222
vn -0.2109 -0.8698 0.4460
vn -0.4172 0.2189 0.8821
vn -0.0315 0.9973 0.0666
vn -0.1924 -0.8930 0.4068
vn -0.4213 0.1708 0.8907
vn -0.0524 0.9925 0.1108
vn -0.1734 -0.9140 0.3667
vn -0.4243 0.1223 0.8972
vn -0.0732 0.9852 0.1547
vn -0.1540 -0.9328 0.3257
vn -0.4264 0.0735 0.9015
vn -0.0938 0.9756 0.1983
vn -0.1343 -0.9494 0.2839
vn -0.4274 0.0245 0.9037
vn -0.1142 0.9637 0.2414
vn -0.1142 -0.9637 0.2414
vn -0.4274 -0.0245 0.9037
vn -0.1343 0.9494 0.2839
vn -0.0938 -0.9756 0.1983
vn -0.4264 -0.0735 0.9015
vn -0.1540 0.9328 0.3257
vn -0.0732 -0.9852 0.1547
vn -0.4243 -0.1223 0.8972
vn -0.1734 0.9140 0.3667
vn -0.0524 -0.9925 0.1108
vn -0.4213 -0.1708 0.8907
vn -0.1924 0.8930 0.4068
vn -0.0315 -0.9973 0.0666
vn -0.4172 -0.2189 0.8821
vn -0.2109 0.8698 0.4460
vn -0.0105 -0.9997 0.0222
vn -0.4121 -0.2664 0.8713
vn -0.2289 0.8446 0.4840
vn -0.4060 -0.3133 0.8585
vn -0.2464 0.8173 0.5209
vn -0.3990 -0.3595 0.8435
vn -0.2632 0.7880 0.5566
vn -0.3910 -0.4048 0.8266
vn -0.2795 0.7568 0.5909
vn -0.3820 -0.4492 0.8077
vn -0.2950 0.7238 0.6237
vn -0.3721 -0.4924 0.7868
vn -0.3098 0.6891 0.6551
vn -0.3613 -0.5345 0.7640
vn -0.3239 0.6527 0.6849
vn -0.3497 -0.5753 0.7394
vn -0.3372 0.6148 0.7130
vn -0.3372 -0.6148 0.7130
vn -0.3497 0.5753 0.7394
vn -0.3239 -0.6527 0.6849
vn -0.3613 0.5345 0.7640
vn -0.3098 -0.6891 0.6551
vn -0.3721 0.4924 0.7868
vn -0.2950 -0.7238 0.6237
vn -0.3820 0.4492 0.8077
vn -0.2795 -0.7568 0.5909
vn -0.3910 0.4048 0.8266
vn -0.2632 -0.7880 0.5566
vn -0.3990 0.3595 0.8435
vn -0.2464 -0.8173 0.5209
vn -0.4060 0.3133 0.8585
vn -0.2289 -0.8446 0.4840
vn -0.4121 0.2664 0.8713
vn -0.0630 0.9925 0.1051
vn -0.2085 -0.9140 0.3479
vn -0.5102 0.1223 0.8513
vn -0.0880 0.9852 0.1468
vn -0.1852 -0.9328 0.3090
vn -0.5127 0.0735 0.8554
vn -0.1128 0.9756 0.1881
vn -0.1614 -0.9494 0.2693
vn -0.5139 0.0245 0.8575
vn -0.1373 0.9637 0.2290
vn -0.1373 -0.9637 0.2290
vn -0.5139 -0.0245 0.8575
vn -0.1614 0.9494 0.2693
vn -0.1128 -0.9756 0.1881
vn -0.5127 -0.0735 0.8554
vn -0.1852 0.9328 0.3090
vn -0.0880 -0.9852 0.1468
vn -0.5102 -0.1223 0.8513
vn -0.2085 0.9140 0.3479
vn -0.0630 -0.9925 0.1051
vn -0.5066 -0.1707 0.8451
vn -0.2314 0.8930 0.3860
vn -0.0379 -0.9973 0.0632
vn -0.5016 -0.2189 0.8369
vn -0.2536 0.8698 0.4232
vn -0.0126 -0.9997 0.0211
vn -0.4955 -0.2664 0.8267
vn -0.2753 0.8446 0.4593
vn -0.4882 -0.3133 0.8145
vn -0.2963 0.8173 0.4943
vn -0.4797 -0.3595 0.8004
vn -0.3165 0.7880 0.5281
vn -0.4701 -0.4048 0.7843
vn -0.3360 0.7568 0.5606
vn -0.4593 -0.4492 0.7663
vn -0.3547 0.7238 0.5918
vn -0.4474 -0.4924 0.7465
vn -0.3726 0.6891 0.6216
vn -0.4345 -0.5345 0.7249
vn -0.3895 0.6527 0.6498
vn -0.4205 -0.5753 0.7015
vn -0.4055 0.6148 0.6765
vn -0.4055 -0.6148 0.6765
vn -0.4205 0.5753 0.7015
vn -0.3895 -0.6527 0.6498
vn -0.4345 0.5345 0.7249
vn -0.3726 -0.6891 0.6216
vn -0.4474 0.4924 0.7465
vn -0.3547 -0.7238 0.5918
vn -0.4593 0.4492 0.7663
vn -0.3360 -0.7568 0.5606
vn -0.4701 0.4048 0.7843
vn -0.3165 -0.7880 0.5281
vn -0.4797 0.3595 0.8004
vn -0.2963 -0.8173 0.4943
vn -0.4882 0.3133 0.8145
vn -0.2753 -0.8446 0.4593
vn -0.4955 0.2664 0.8267
vn -0.0126 0.9997 0.0211
vn -0.2536 -0.8698 0.4232
vn -0.5016 0.2189 0.8369
vn -0.0379 0.9973 0.0632
vn -0.2314 -0.8930 0.3860
vn -0.5066 0.1707 0.8451
vn -0.1307 0.9756 0.1762
vn -0.1871 -0.9494 0.2522
vn -0.5955 0.0245 0.8030
vn -0.1591 0.9637 0.2145
vn -0.1591 -0.9637 0.2145
vn -0.5955 -0.0245 0.8030
vn -0.1871 0.9494 0.2522
vn -0.1307 -0.9756 0.1762
vn -0.5941 -0.0735 0.8010
vn -0.2146 0.9328 0.2894
vn -0.1020 -0.9852 0.1375
vn -0.5912 -0.1223 0.7972
vn -0.2416 0.9140 0.3258
vn -0.0730 -0.9925 0.0984
vn -0.5870 -0.1707 0.7914
vn -0.2681 0.8930 0.3615
vn -0.0439 -0.9973 0.0592
vn -0.5813 -0.2189 0.7837
vn -0.2939 0.8698 0.3963
vn -0.0146 -0.9997 0.0197
vn -0.5742 -0.2664 0.7742
vn -0.3190 0.8446 0.4301
vn -0.5657 -0.3133 0.7628
vn -0.3433 0.8173 0.4629
vn -0.5559 -0.3595 0.7495
vn -0.3668 0.7880 0.4945
vn -0.5447 -0.4048 0.7344
vn -0.3894 0.7568 0.5250
vn -0.5322 -0.4492 0.7176
vn -0.4110 0.7238 0.5542
vn -0.5185 -0.4924 0.6991
vn -0.4317 0.6891 0.5821
vn -0.5035 -0.5345 0.6788
vn -0.4513 0.6527 0.6085
vn -0.4872 -0.5754 0.6569
vn -0.4698 0.6148 0.6335
vn -0.4698 -0.6148 0.6335
vn -0.4872 0.5754 0.6569
vn -0.4513 -0.6527 0.6085
vn -0.5035 0.5345 0.6788
vn -0.4317 -0.6891 0.5821
vn -0.5185 0.4924 0.6991
vn -0.4110 -0.7238 0.5542
vn -0.5322 0.4492 0.7176
vn -0.3894 -0.7568 0.5250
vn -0.5447 0.4048 0.7344
vn -0.3668 -0.7880 0.4945
vn -0.5559 0.3595 0.7495
vn -0.3433 -0.8173 0.4629
vn -0.5657 0.3133 0.7628
vn -0.3190 -0.8446 0.4301
vn -0.5742 0.2664 0.7742
vn -0.0146 0.9997 0.0197
vn -0.2939 -0.8698 0.3963
vn -0.5813 0.2189 0.7837
vn -0.0439 0.9973 0.0592
vn -0.2681 -0.8930 0.3615
vn -0.5870 0.1707 0.7914
vn -0.0730 0.9925 0.0984
vn -0.2416 -0.9140 0.3258
vn -0.5912 0.1223 0.7972
vn -0.1020 0.9852 0.1375
vn -0.2146 -0.9328 0.2894
vn -0.5941 0.0735 0.8010
vn -0.5493 -0.5754 0.6060
vn -0.5297 0.6148 0.5844
vn -0.5297 -0.6148 0.5844
vn -0.5493 0.5754 0.6060
vn -0.5088 -0.6527 0.5613
vn -0.5676 0.5345 0.6262
vn -0.4867 -0.6891 0.5369
vn -0.5845 0.4924 0.6449
vn -0.4634 -0.7238 0.5112
vn -0.6000 0.4492 0.6620
vn -0.4389 -0.7568 0.4843
vn -0.6141 0.4048 0.6775
vn -0.4135 -0.7880 0.4562
vn -0.6267 0.3595 0.6914
vn -0.3870 -0.8173 0.4270
vn -0.6377 0.3133 0.7036
vn -0.3596 -0.8446 0.3967
vn -0.6473 0.2664 0.7142
vn -0.0165 0.9997 0.0182
vn -0.3313 -0.8698 0.3655
vn -0.6553 0.2189 0.7230
vn -0.0495 0.9973 0.0546
vn -0.3022 -0.8930 0.3335
vn -0.6617 0.1707 0.7301
vn -0.0823 0.9925 0.0908
vn -0.2724 -0.9140 0.3006
vn -0.6665 0.1223 0.7354
vn -0.1149 0.9852 0.1268
vn -0.2419 -0.9328 0.2669
vn -0.6697 0.0735 0.7389
vn -0.1473 0.9756 0.1625
vn -0.2109 -0.9494 0.2327
vn -0.6714 0.0245 0.7407
vn -0.1793 0.9637 0.1978
vn -0.1793 -0.9637 0.1978
vn -0.6714 -0.0245 0.7407
vn -0.2109 0.9494 0.2327
vn -0.1473 -0.9756 0.1625
vn -0.6697 -0.0735 0.7389
vn -0.2419 0.9328 0.2669
vn -0.1149 -0.9852 0.1268
vn -0.6665 -0.1223 0.7354
vn -0.2724 0.9140 0.3006
vn -0.0823 -0.9925 0.0908
vn -0.6617 -0.1707 0.7301
vn -0.3022 0.8930 0.3335
vn -0.0495 -0.9973 0.0546
vn -0.6553 -0.2189 0.7230
vn -0.3313 0.8698 0.3655
vn -0.0165 -0.9997 0.0182
vn -0.6473 -0.2664 0.7142
vn -0.3596 0.8446 0.3967
vn -0.6377 -0.3133 0.7036
vn -0.3870 0.8173 0.4270
vn -0.6267 -0.3595 0.6914
vn -0.4135 0.7880 0.4562
vn -0.6141 -0.4048 0.6775
vn -0.4389 0.7568 0.4843
vn -0.6000 -0.4492 0.6620
vn -0.4634 0.7238 0.5112
vn -0.5845 -0.4924 0.6449
vn -0.4867 0.6891 0.5369
vn -0.5676 -0.5345 0.6262
vn -0.5088 0.6527 0.5613
vn -0.5613 -0.6527 0.5088
vn -0.6262 0.5345 0.5676
vn -0.5369 -0.6891 0.4867
vn -0.6449 0.4924 0.5845
vn -0.5112 -0.7238 0.4634
vn -0.6620 0.4492 0.6000
vn -0.4843 -0.7568 0.4389
vn -0.6775 0.4048 0.6141
vn -0.4562 -0.7880 0.4135
vn -0.6914 0.3595 0.6267
vn -0.4270 -0.8173 0.3870
vn -0.7036 0.3133 0.6377
vn -0.3967 -0.8446 0.3596
vn -0.7142 0.2664 0.6473
vn -0.0182 0.9997 0.0165
vn -0.3655 -0.8698 0.3313
vn -0.7230 0.2189 0.6553
vn -0.0546 0.9973 0.0495
vn -0.3335 -0.8930 0.3022
vn -0.7301 0.1707 0.6617
vn -0.0908 0.9925 0.0823
vn -0.3006 -0.9140 0.2724
vn -0.7354 0.1223 0.6665
vn -0.1268 0.9852 0.1149
vn -0.2669 -0.9328 0.2419
vn -0.7389 0.0735 0.6697
vn -0.1625 0.9756 0.1473
vn -0.2327 -0.9494 0.2109
vn -0.7407 0.0245 0.6714
vn -0.1978 0.9637 0.1793
vn -0.1978 -0.9637 0.1793
vn -0.7407 -0.0245 0.6714
vn -0.2327 0.9494 0.2109
vn -0.1625 -0.9756 0.1473
vn -0.7389 -0.0735 0.6697
vn -0.2669 0.9328 0.2419
vn -0.1268 -0.9852 0.1149
vn -0.7354 -0.1223 0.6665
vn -0.3006 0.9140 0.2724
vn -0.0908 -0.9925 0.0823
vn -0.7301 -0.1707 0.6617
vn -0.3335 0.8930 0.3022
vn -0.0546 -0.9973 0.0495
vn -0.7230 -0.2189 0.6553
vn -0.3655 0.8698 0.3313
vn -0.0182 -0.9997 0.0165
vn -0.7142 -0.2664 0.6473
vn -0.3967 0.8446 0.3596
vn -0.7036 -0.3133 0.6377
vn -0.4270 0.8173 0.3870
vn -0.6914 -0.3595 0.6267
vn -0.4562 0.7880 0.4135
vn -0.6775 -0.4048 0.6141
vn -0.4843 0.7568 0.4389
vn -0.6620 -0.4492 0.6000
vn -0.5112 0.7238 0.4634
vn -0.6449 -0.4924 0.5845
vn -0.5369 0.6891 0.4867
vn -0.6262 -0.5345 0.5676
vn -0.5613 0.6527 0.5088
vn -0.6060 -0.5754 0.5493
vn -0.5844 0.6148 0.5297
vn -0.5844 -0.6148 0.5297
vn -0.6060 0.5754 0.5493
vn -0.5542 -0.7238 0.4110
vn -0.7176 0.4492 0.5322
vn -0.5250 -0.7568 0.3894
vn -0.7344 0.4048 0.5447
vn -0.4945 -0.7880 0.3668
vn -0.7495 0.3595 0.5559
vn -0.4629 -0.8173 0.3433
vn -0.7628 0.3133 0.5657
vn -0.4301 -0.8446 0.3190
vn -0.7742 0.2664 0.5742
vn -0.0197 0.9997 0.0146
vn -0.3963 -0.8698 0.2939
vn -0.7837 0.2189 0.5813
vn -0.0592 0.9973 0.0439
vn -0.3615 -0.8930 0.2681
vn -0.7914 0.1707 0.5870
vn -0.0984 0.9925 0.0730
vn -0.3258 -0.9140 0.2416
vn -0.7972 0.1223 0.5912
vn -0.1375 0.9852 0.1020
vn -0.2894 -0.9328 0.2146
vn -0.8010 0.0735 0.5941
vn -0.1762 0.9756 0.1307
vn -0.2522 -0.9494 0.1871
vn -0.8030 0.0245 0.5955
vn -0.2145 0.9637 0.1591
vn -0.2145 -0.9637 0.1591
vn -0.8030 -0.0245 0.5955
vn -0.2522 0.9494 0.1871
vn -0.1762 -0.9756 0.1307
vn -0.8010 -0.0735 0.5941
vn -0.2894 0.9328 0.2146
vn -0.1375 -0.9852 0.1020
vn -0.7972 -0.1223 0.5912
vn -0.3258 0.9140 0.2416
vn -0.0984 -0.9925 0.0730
vn -0.7914 -0.1707 0.5870
vn -0.3615 0.8930 0.2681
vn -0.0592 -0.9973 0.0439
vn -0.7837 -0.2189 0.5813
vn -0.3963 0.8698 0.2939
vn -0.0197 -0.9997 0.0146
vn -0.7742 -0.2664 0.5742
vn -0.4301 0.8446 0.3190
vn -0.7628 -0.3133 0.5657
vn -0.4629 0.8173 0.3433
vn -0.7495 -0.3595 0.5559
vn -0.4945 0.7880 0.3668
vn -0.7344 -0.4048 0.5447
vn -0.5250 0.7568 0.3894
vn -0.7176 -0.4492 0.5322
vn -0.5542 0.7238 0.4110
vn -0.6991 -0.4924 0.5185
vn -0.5821 0.6891 0.4317
vn -0.6788 -0.5345 0.5035
vn -0.6085 0.6527 0.4513
vn -0.6569 -0.5754 0.4872
vn -0.6335 0.6148 0.4698
vn -0.6335 -0.6148 0.4698
vn -0.6569 0.5754 0.4872
vn -0.6085 -0.6527 0.4513
vn -0.6788 0.5345 0.5035
vn -0.5821 -0.6891 0.4317
vn -0.6991 0.4924 0.5185
vn -0.5281 -0.7880 0.3165
vn -0.8004 0.3595 0.4797
vn -0.4943 -0.8173 0.2963
vn -0.8145 0.3133 0.4882
vn -0.4593 -0.8446 0.2753
vn -0.8267 0.2664 0.4955
vn -0.0211 0.9997 0.0126
vn -0.4232 -0.8698 0.2536
vn -0.8369 0.2189 0.5016
vn -0.0632 0.9973 0.0379
vn -0.3860 -0.8930 0.2314
vn -0.8451 0.1707 0.5066
vn -0.1051 0.9925 0.0630
vn -0.3479 -0.9140 0.2085
vn -0.8513 0.1223 0.5102
vn -0.1468 0.9852 0.0880
vn -0.3090 -0.9328 0.1852
vn -0.8554 0.0735 0.5127
vn -0.1881 0.9756 0.1128
vn -0.2693 -0.9494 0.1614
vn -0.8575 0.0245 0.5139
vn -0.2290 0.9637 0.1373
vn -0.2290 -0.9637 0.1373
vn -0.8575 -0.0245 0.5139
vn -0.2693 0.9494 0.1614
vn -0.1881 -0.9756 0.1128
vn -0.8554 -0.0735 0.5127
vn -0.3090 0.9328 0.1852
vn -0.1468 -0.9852 0.0880
vn -0.8513 -0.1223 0.5102
vn -0.3479 0.9140 0.2085
vn -0.1051 -0.9925 0.0630
vn -0.8451 -0.1707 0.5066
vn -0.3860 0.8930 0.2314
vn -0.0632 -0.9973 0.0379
vn -0.8369 -0.2189 0.5016
vn -0.4232 0.8698 0.2536
vn -0.0211 -0.9997 0.0126
vn -0.8267 -0.2664 0.4955
vn -0.4593 0.8446 0.2753
vn -0.8145 -0.3133 0.4882
vn -0.4943 0.8173 0.2963
vn -0.8004 -0.3595 0.4797
vn -0.5281 0.7880 0.3165
vn -0.7843 -0.4048 0.4701
vn -0.5606 0.7568 0.3360
vn -0.7663 -0.4492 0.4593
vn -0.5918 0.7238 0.3547
vn -0.7465 -0.4924 0.4474
vn -0.6216 0.6891 0.3726
vn -0.7249 -0.5345 0.4345
vn -0.6498 0.6527 0.3895
vn -0.7015 -0.5754 0.4205
vn -0.6765 0.6148 0.4055
vn -0.6765 -0.6148 0.4055
vn -0.7015 0.5754 0.4205
vn -0.6498 -0.6527 0.3895
vn -0.7249 0.5345 0.4345
vn -0.6216 -0.6891 0.3726
vn -0.7465 0.4924 0.4474
vn -0.5918 -0.7238 0.3547
vn -0.7663 0.4492 0.4593
vn -0.5606 -0.7568 0.3360
vn -0.7843 0.4048 0.4701
vn -0.4840 -0.8446 0.2289
vn -0.8713 0.2664 0.4121
vn -0.0222 0.9997 0.0105
vn -0.4460 -0.8698 0.2109
vn -0.8821 0.2189 0.4172
vn -0.0666 0.9973 0.0315
vn -0.4068 -0.8930 0.1924
vn -0.8907 0.1707 0.4213
vn -0.1108 0.9925 0.0524
vn -0.3667 -0.9140 0.1734
vn -0.8972 0.1223 0.4243
vn -0.1547 0.9852 0.0732
vn -0.3257 -0.9328 0.1540
vn -0.9015 0.0735 0.4264
vn -0.1983 0.9756 0.0938
vn -0.2839 -0.9494 0.1343
vn -0.9037 0.0245 0.4274
vn -0.2414 0.9637 0.1142
vn -0.2414 -0.9637 0.1142
vn -0.9037 -0.0245 0.4274
vn -0.2839 0.9494 0.1343
vn -0.1983 -0.9756 0.0938
vn -0.9015 -0.0735 0.4264
vn -0.3257 0.9328 0.1540
vn -0.1547 -0.9852 0.0732
vn -0.8972 -0.1223 0.4243
vn -0.3667 0.9140 0.1734
vn -0.1108 -0.9925 0.0524
vn -0.8907 -0.1707 0.4213
vn -0.4068 0.8930 0.1924
vn -0.0666 -0.9973 0.0315
vn -0.8821 -0.2189 0.4172
vn -0.4460 0.8698 0.2109
vn -0.0222 -0.9997 0.0105
vn -0.8713 -0.2664 0.4121
vn -0.4840 0.8446 0.2289
vn -0.8585 -0.3133 0.4060
vn -0.5210 0.8173 0.2464
vn -0.8435 -0.3595 0.3990
vn -0.5566 0.7880 0.2632
vn -0.8266 -0.4048 0.3910
vn -0.5909 0.7568 0.2795
vn -0.8077 -0.4492 0.3820
vn -0.6237 0.7238 0.2950
vn -0.7868 -0.4924 0.3721
vn -0.6551 0.6891 0.3098
vn -0.7640 -0.5345 0.3613
vn -0.6849 0.6527 0.3239
vn -0.7394 -0.5754 0.3497
vn -0.7130 0.6148 0.3372
vn -0.7130 -0.6148 0.3372
vn -0.7394 0.5754 0.3497
vn -0.6849 -0.6527 0.3239
vn -0.7640 0.5345 0.3613
vn -0.6551 -0.6891 0.3098
vn -0.7868 0.4924 0.3721
vn -0.6237 -0.7238 0.2950
vn -0.8077 0.4492 0.3820
vn -0.5909 -0.7568 0.2795
vn -0.8266 0.4048 0.3910
vn -0.5566 -0.7880 0.2632
vn -0.8435 0.3595 0.3990
vn -0.5210 -0.8173 0.2464
vn -0.8585 0.3133 0.4060
vn -0.4237 -0.8930 0.1516
vn -0.9277 0.1707 0.3319
vn -0.1154 0.9925 0.0413
vn -0.3819 -0.9140 0.1367
vn -0.9345 0.1223 0.3344
vn -0.1612 0.9852 0.0577
vn -0.3392 -0.9328 0.1214
vn -0.9390 0.0735 0.3360
vn -0.2065 0.9756 0.0739
vn -0.2957 -0.9494 0.1058
vn -0.9413 0.0245 0.3368
vn -0.2514 0.9637 0.0900
vn -0.2514 -0.9637 0.0900
vn -0.9413 -0.0245 0.3368
vn -0.2957 0.9494 0.1058
vn -0.2065 -0.9756 0.0739
vn -0.9390 -0.0735 0.3360
vn -0.3392 0.9328 0.1214
vn -0.1612 -0.9852 0.0577
vn -0.9345 -0.1223 0.3344
vn -0.3819 0.9140 0.1367
vn -0.1154 -0.9925 0.0413
vn -0.9277 -0.1707 0.3319
vn -0.4237 0.8930 0.1516
vn -0.0693 -0.9973 0.0248
vn -0.9187 -0.2189 0.3287
vn -0.4645 0.8698 0.1662
vn -0.0231 -0.9997 0.0083
vn -0.9075 -0.2664 0.3247
vn -0.5042 0.8446 0.1804
vn -0.8941 -0.3133 0.3199
vn -0.5426 0.8173 0.1941
vn -0.8786 -0.3595 0.3144
vn -0.5797 0.7880 0.2074
vn -0.8609 -0.4048 0.3080
vn -0.6154 0.7568 0.2202
vn -0.8412 -0.4492 0.3010
vn -0.6496 0.7238 0.2324
vn -0.8195 -0.4924 0.2932
vn -0.6823 0.6891 0.2441
vn -0.7957 -0.5345 0.2847
vn -0.7133 0.6527 0.2552
vn -0.7701 -0.5754 0.2755
vn -0.7426 0.6148 0.2657
vn -0.7426 -0.6148 0.2657
vn -0.7701 0.5754 0.2755
vn -0.7133 -0.6527 0.2552
vn -0.7957 0.5345 0.2847
vn -0.6823 -0.6891 0.2441
vn -0.8195 0.4924 0.2932
vn -0.6496 -0.7238 0.2324
vn -0.8412 0.4492 0.3010
vn -0.6154 -0.7568 0.2202
vn -0.8609 0.4048 0.3080
vn -0.5797 -0.7880 0.2074
vn -0.8786 0.3595 0.3144
vn -0.5426 -0.8173 0.1941
vn -0.8941 0.3133 0.3199
vn -0.5042 -0.8446 0.1804
vn -0.9075 0.2664 0.3247
vn -0.0231 0.9997 0.0083
vn -0.4645 -0.8698 0.1662
vn -0.9187 0.2189 0.3287
vn -0.0693 0.9973 0.0248
vn -0.3495 -0.9328 0.0875
vn -0.9674 0.0735 0.2423
vn -0.2128 0.9756 0.0533
vn -0.3046 -0.9494 0.0763
vn -0.9697 0.0245 0.2429
vn -0.2590 0.9637 0.0649
vn -0.2590 -0.9637 0.0649
vn -0.9697 -0.0245 0.2429
vn -0.3046 0.9494 0.0763
vn -0.2128 -0.9756 0.0533
vn -0.9674 -0.0735 0.2423
vn -0.3495 0.9328 0.0875
vn -0.1660 -0.9852 0.0416
vn -0.9628 -0.1223 0.2412
vn -0.3935 0.9140 0.0986
vn -0.1189 -0.9925 0.0298
vn -0.9558 -0.1707 0.2394
vn -0.4366 0.8930 0.1094
vn -0.0714 -0.9973 0.0179
vn -0.9465 -0.2189 0.2371
vn -0.4786 0.8698 0.1199
vn -0.0238 -0.9997 0.0060
vn -0.9350 -0.2664 0.2342
vn -0.5194 0.8446 0.1301
vn -0.9212 -0.3133 0.2307
vn -0.5590 0.8173 0.1400
vn -0.9052 -0.3595 0.2267
vn -0.5972 0.7880 0.1496
vn -0.8870 -0.4048 0.2222
vn -0.6340 0.7568 0.1588
vn -0.8667 -0.4492 0.2171
vn -0.6693 0.7238 0.1677
vn -0.8443 -0.4924 0.2115
vn -0.7029 0.6891 0.1761
vn -0.8198 -0.5345 0.2054
vn -0.7349 0.6527 0.1841
vn -0.7934 -0.5754 0.1987
vn -0.7651 0.6148 0.1916
vn -0.7651 -0.6148 0.1916
vn -0.7934 0.5754 0.1987
vn -0.7349 -0.6527 0.1841
vn -0.8198 0.5345 0.2054
vn -0.7029 -0.6891 0.1761
vn -0.8443 0.4924 0.2115
vn -0.6693 -0.7238 0.1677
vn -0.8667 0.4492 0.2171
vn -0.6340 -0.7568 0.1588
vn -0.8870 0.4048 0.2222
vn -0.5972 -0.7880 0.1496
vn -0.9052 0.3595 0.2267
vn -0.5590 -0.8173 0.1400
vn -0.9212 0.3133 0.2307
vn -0.5194 -0.8446 0.1301
vn -0.9350 0.2664 0.2342
vn -0.0238 0.9997 0.0060
vn -0.4786 -0.8698 0.1199
vn -0.9465 0.2189 0.2371
vn -0.0714 0.9973 0.0179
vn -0.4366 -0.8930 0.1094
vn -0.9558 0.1707 0.2394
vn -0.1189 0.9925 0.0298
vn -0.3935 -0.9140 0.0986
vn -0.9628 0.1223 0.2412
vn -0.1660 0.9852 0.0416
vn -0.2641 -0.9637 0.0392
vn -0.9889 -0.0245 0.1467
vn -0.3106 0.9494 0.0461
vn -0.2170 -0.9756 0.0322
vn -0.9865 -0.0735 0.1463
vn -0.3564 0.9328 0.0529
vn -0.1693 -0.9852 0.0251
vn -0.9818 -0.1223 0.1456
vn -0.4013 0.9140 0.0595
vn -0.1212 -0.9925 0.0180
vn -0.9747 -0.1707 0.1446
vn -0.4452 0.8930 0.0660
vn -0.0729 -0.9973 0.0108
vn -0.9652 -0.2189 0.1432
vn -0.4880 0.8698 0.0724
vn -0.0243 -0.9997 0.0036
vn -0.9534 -0.2664 0.1414
vn -0.5297 0.8446 0.0786
vn -0.9394 -0.3133 0.1393
vn -0.5700 0.8173 0.0846
vn -0.9230 -0.3595 0.1369
vn -0.6090 0.7880 0.0903
vn -0.9045 -0.4048 0.1342
vn -0.6466 0.7568 0.0959
vn -0.8838 -0.4492 0.1311
vn -0.6825 0.7238 0.1012
vn -0.8609 -0.4924 0.1277
vn -0.7168 0.6891 0.1063
vn -0.8360 -0.5345 0.1240
vn -0.7494 0.6527 0.1112
vn -0.8091 -0.5754 0.1200
vn -0.7802 0.6148 0.1157
vn -0.7802 -0.6148 0.1157
vn -0.8091 0.5754 0.1200
vn -0.7494 -0.6527 0.1112
vn -0.8360 0.5345 0.1240
vn -0.7168 -0.6891 0.1063
vn -0.8609 0.4924 0.1277
vn -0.6825 -0.7238 0.1012
vn -0.8838 0.4492 0.1311
vn -0.6466 -0.7568 0.0959
vn -0.9045 0.4048 0.1342
vn -0.6090 -0.7880 0.0903
vn -0.9230 0.3595 0.1369
vn -0.5700 -0.8173 0.0846
vn -0.9394 0.3133 0.1393
vn -0.5297 -0.8446 0.0786
vn -0.9534 0.2664 0.1414
vn -0.0243 0.9997 0.0036
vn -0.4880 -0.8698 0.0724
vn -0.9652 0.2189 0.1432
vn -0.0729 0.9973 0.0108
vn -0.4452 -0.8930 0.0660
vn -0.9747 0.1707 0.1446
vn -0.1212 0.9925 0.0180
vn -0.4013 -0.9140 0.0595
vn -0.9818 0.1223 0.1456
vn -0.1693 0.9852 0.0251
vn -0.3564 -0.9328 0.0529
vn -0.9865 0.0735 0.1463
vn -0.2170 0.9756 0.0322
vn -0.3106 -0.9494 0.0461
vn -0.9889 0.0245 0.1467
vn -0.2641 0.9637 0.0392
vn -0.1710 -0.9852 0.0084
vn -0.9913 -0.1223 0.0487
vn -0.4052 0.9140 0.0199
vn -0.1224 -0.9925 0.0060
vn -0.9841 -0.1707 0.0483
vn -0.4495 0.8930 0.0221
vn -0.0736 -0.9973 0.0036
vn -0.9746 -0.2189 0.0479
vn -0.4928 0.8698 0.0242
vn -0.0245 -0.9997 0.0012
vn -0.9627 -0.2664 0.0473
vn -0.5348 0.8446 0.0263
vn -0.9485 -0.3133 0.0466
vn -0.5756 0.8173 0.0283
vn -0.9320 -0.3595 0.0458
vn -0.6149 0.7880 0.0302
vn -0.9133 -0.4048 0.0449
vn -0.6528 0.7568 0.0321
vn -0.8924 -0.4492 0.0438
vn -0.6891 0.7238 0.0339
vn -0.8693 -0.4924 0.0427
vn -0.7238 0.6891 0.0356
vn -0.8441 -0.5345 0.0415
vn -0.7567 0.6527 0.0372
vn -0.8169 -0.5754 0.0401
vn -0.7878 0.6148 0.0387
vn -0.7878 -0.6148 0.0387
vn -0.8169 0.5754 0.0401
vn -0.7567 -0.6527 0.0372
vn -0.8441 0.5345 0.0415
vn -0.7238 -0.6891 0.0356
vn -0.8693 0.4924 0.0427
vn -0.6891 -0.7238 0.0339
vn -0.8924 0.4492 0.0438
vn -0.6528 -0.7568 0.0321
vn -0.9133 0.4048 0.0449
vn -0.6149 -0.7880 0.0302
vn -0.9320 0.3595 0.0458
vn -0.5756 -0.8173 0.0283
vn -0.9485 0.3133 0.0466
vn -0.5348 -0.8446 0.0263
vn -0.9627 0.2664 0.0473
vn -0.0245 0.9997 0.0012
vn -0.4928 -0.8698 0.0242
vn -0.9746 0.2189 0.0479
vn -0.0736 0.9973 0.0036
vn -0.4495 -0.8930 0.0221
vn -0.9841 0.1707 0.0483
vn -0.1224 0.9925 0.0060
vn -0.4052 -0.9140 0.0199
vn -0.9913 0.1223 0.0487
vn -0.1710 0.9852 0.0084
vn -0.3598 -0.9328 0.0177
vn -0.9961 0.0735 0.0489
vn -0.2191 0.9756 0.0108
vn -0.3136 -0.9494 0.0154
vn -0.9985 0.0245 0.0491
vn -0.2667 0.9637 0.0131
vn -0.2667 -0.9637 0.0131
vn -0.9985 -0.0245 0.0491
vn -0.3136 0.9494 0.0154
vn -0.2191 -0.9756 0.0108
vn -0.9961 -0.0735 0.0489
vn -0.3598 0.9328 0.0177
vn -0.0736 -0.9973 -0.0036
vn -0.9746 -0.2189 -0.0479
vn -0.4928 0.8698 -0.0242
vn -0.0245 -0.9997 -0.0012
vn -0.9627 -0.2664 -0.0473
vn -0.5348 0.8446 -0.0263
vn -0.9485 -0.3133 -0.0466
vn -0.5756 0.8173 -0.0283
vn -0.9320 -0.3595 -0.0458
vn -0.6149 0.7880 -0.0302
vn -0.9133 -0.4048 -0.0449
vn -0.6528 0.7568 -0.0321
vn -0.8924 -0.4492 -0.0438
vn -0.6891 0.7238 -0.0339
vn -0.8693 -0.4924 -0.0427
vn -0.7238 0.6891 -0.0356
vn -0.8441 -0.5345 -0.0415
vn -0.7567 0.6527 -0.0372
vn -0.8169 -0.5754 -0.0401
vn -0.7878 0.6148 -0.0387
vn -0.7878 -0.6148 -0.0387
vn -0.8169 0.5754 -0.0401
vn -0.7567 -0.6527 -0.0372
vn -0.8441 0.5345 -0.0415
vn -0.7238 -0.6891 -0.0356
vn -0.8693 0.4924 -0.0427
vn -0.6891 -0.7238 -0.0339
vn -0.8924 0.4492 -0.0438
vn -0.6528 -0.7568 -0.0321
vn -0.9133 0.4048 -0.0449
vn -0.6149 -0.7880 -0.0302
vn -0.9320 0.3595 -0.0458
vn -0.5756 -0.8173 -0.0283
vn -0.9485 0.3133 -0.0466
vn -0.5348 -0.8446 -0.0263
vn -0.9627 0.2664 -0.0473
vn -0.0245 0.9997 -0.0012
vn -0.4928 -0.8698 -0.0242
vn -0.9746 0.2189 -0.0479
vn -0.0736 0.9973 -0.0036
vn -0.4495 -0.8930 -0.0221
vn -0.9841 0.1707 -0.0483
vn -0.1224 0.9925 -0.0060
vn -0.4052 -0.9140 -0.0199
vn -0.9913 0.1223 -0.0487
vn -0.1710 0.9852 -0.0084
vn -0.3598 -0.9328 -0.0177
vn -0.9961 0.0735 -0.0489
vn -0.2191 0.9756 -0.0108
vn -0.3136 -0.9494 -0.0154
vn -0.9985 0.0245 -0.0491
vn -0.2667 0.9637 -0.0131
vn -0.2667 -0.9637 -0.0131
vn -0.9985 -0.0245 -0.0491
vn -0.3136 0.9494 -0.0154
vn -0.2191 -0.9756 -0.0108
vn -0.9961 -0.0735 -0.0489
vn -0.3598 0.9328 -0.0177
vn -0.1710 -0.9852 -0.0084
vn -0.9913 -0.1223 -0.0487
vn -0.4052 0.9140 -0.0199
vn -0.1224 -0.9925 -0.0060
vn -0.9841 -0.1707 -0.0483
vn -0.4495 0.8930 -0.0221
vn -0.9394 -0.3133 -0.1393
vn -0.5700 0.8173 -0.0846
vn -0.9230 -0.3595 -0.1369
vn -0.6090 0.7880 -0.0903
vn -0.9045 -0.4048 -0.1342
vn -0.6466 0.7568 -0.0959
vn -0.8838 -0.4492 -0.1311
vn -0.6825 0.7238 -0.1012
vn -0.8609 -0.4924 -0.1277
vn -0.7168 0.6891 -0.1063
vn -0.8360 -0.5345 -0.1240
vn -0.7494 0.6527 -0.1112
vn -0.8091 -0.5754 -0.1200
vn -0.7802 0.6148 -0.1157
vn -0.7802 -0.6148 -0.1157
vn -0.8091 0.5754 -0.1200
vn -0.7494 -0.6527 -0.1112
vn -0.8360 0.5345 -0.1240
vn -0.7168 -0.6891 -0.1063
vn -0.8609 0.4924 -0.1277
vn -0.6825 -0.7238 -0.1012
vn -0.8838 0.4492 -0.1311
vn -0.6466 -0.7568 -0.0959
vn -0.9045 0.4048 -0.1342
vn -0.6090 -0.7880 -0.0903
vn -0.9230 0.3595 -0.1369
vn -0.5700 -0.8173 -0.0846
vn -0.9394 0.3133 -0.1393
vn -0.5297 -0.8446 -0.0786
vn -0.9534 0.2664 -0.1414
vn -0.0243 0.9997 -0.0036
vn -0.4880 -0.8698 -0.0724
vn -0.9652 0.2189 -0.1432
vn -0.0729 0.9973 -0.0108
vn -0.4452 -0.8930 -0.0660
vn -0.9747 0.1707 -0.1446
vn -0.1212 0.9925 -0.0180
vn -0.4013 -0.9140 -0.0595
vn -0.9818 0.1223 -0.1456
vn -0.1693 0.9852 -0.0251
vn -0.3564 -0.9328 -0.0529
vn -0.9865 0.0735 -0.1463
vn -0.2170 0.9756 -0.0322
vn -0.3106 -0.9494 -0.0461
vn -0.9889 0.0245 -0.1467
vn -0.2641 0.9637 -0.0392
vn -0.2641 -0.9637 -0.0392
vn -0.9889 -0.0245 -0.1467
vn -0.3106 0.9494 -0.0461
vn -0.2170 -0.9756 -0.0322
vn -0.9865 -0.0735 -0.1463
vn -0.3564 0.9328 -0.0529
vn -0.1693 -0.9852 -0.0251
vn -0.9818 -0.1223 -0.1456
vn -0.4013 0.9140 -0.0595
vn -0.1212 -0.9925 -0.0180
vn -0.9747 -0.1707 -0.1446
vn -0.4452 0.8930 -0.0660
vn -0.0729 -0.9973 -0.0108
vn -0.9652 -0.2189 -0.1432
vn -0.4880 0.8698 -0.0724
vn -0.0243 -0.9997 -0.0036
vn -0.9534 -0.2664 -0.1414
vn -0.5297 0.8446 -0.0786
vn -0.8870 -0.4048 -0.2222
vn -0.6340 0.7568 -0.1588
vn -0.8667 -0.4492 -0.2171
vn -0.6693 0.7238 -0.1677
vn -0.8443 -0.4924 -0.2115
vn -0.7029 0.6891 -0.1761
vn -0.8198 -0.5345 -0.2054
vn -0.7349 0.6527 -0.1841
vn -0.7934 -0.5754 -0.1987
vn -0.7651 0.6148 -0.1916
vn -0.7651 -0.6148 -0.1916
vn -0.7934 0.5754 -0.1987
vn -0.7349 -0.6527 -0.1841
vn -0.8198 0.5345 -0.2054
vn -0.7029 -0.6891 -0.1761
vn -0.8443 0.4924 -0.2115
vn -0.6693 -0.7238 -0.1677
vn -0.8667 0.4492 -0.2171
vn -0.6340 -0.7568 -0.1588
vn -0.8870 0.4048 -0.2222
vn -0.5972 -0.7880 -0.1496
vn -0.9052 0.3595 -0.2267
vn -0.5590 -0.8173 -0.1400
vn -0.9212 0.3133 -0.2307
vn -0.5194 -0.8446 -0.1301
vn -0.9350 0.2664 -0.2342
vn -0.0238 0.9997 -0.0060
vn -0.4786 -0.8698 -0.1199
vn -0.9465 0.2189 -0.2371
vn -0.0714 0.9973 -0.0179
vn -0.4366 -0.8930 -0.1094
vn -0.9558 0.1707 -0.2394
vn -0.1189 0.9925 -0.0298
vn -0.3935 -0.9140 -0.0986
vn -0.9628 0.1223 -0.2412
vn -0.1660 0.9852 -0.0416
vn -0.3495 -0.9328 -0.0875
vn -0.9674 0.0735 -0.2423
vn -0.2128 0.9756 -0.0533
vn -0.3046 -0.9494 -0.0763
vn -0.9697 0.0245 -0.2429
vn -0.2590 0.9637 -0.0649
vn -0.2590 -0.9637 -0.0649
vn -0.9697 -0.0245 -0.2429
vn -0.3046 0.9494 -0.0763
vn -0.2128 -0.9756 -0.0533
vn -0.9674 -0.0735 -0.2423
vn -0.3495 0.9328 -0.0875
vn -0.1660 -0.9852 -0.0416
vn -0.9628 -0.1223 -0.2412
vn -0.3935 0.9140 -0.0986
vn -0.1189 -0.9925 -0.0298
vn -0.9558 -0.1707 -0.2394
vn -0.4366 0.8930 -0.1094
vn -0.0714 -0.9973 -0.0179
vn -0.9465 -0.2189 -0.2371
vn -0.4786 0.8698 -0.1199
vn -0.0238 -0.9997 -0.0060
vn -0.9350 -0.2664 -0.2342
vn -0.5194 0.8446 -0.1301
vn -0.9212 -0.3133 -0.2307
vn -0.5590 0.8173 -0.1400
vn -0.9052 -0.3595 -0.2267
vn -0.5972 0.7880 -0.1496
vn -0.7701 -0.5754 -0.2755
vn -0.6823 0.6891 -0.2441
vn -0.7426 -0.6148 -0.2657
vn -0.7133 0.6527 -0.2552
vn -0.7133 -0.6527 -0.2552
vn -0.7426 0.6148 -0.2657
vn -0.6823 -0.6891 -0.2441
vn -0.7701 0.5754 -0.2755
vn -0.6496 -0.7238 -0.2324
vn -0.7957 0.5345 -0.2847
vn -0.6154 -0.7568 -0.2202
vn -0.8195 0.4924 -0.2932
vn -0.5797 -0.7880 -0.2074
vn -0.8412 0.4492 -0.3010
vn -0.5426 -0.8173 -0.1941
vn -0.8609 0.4048 -0.3081
vn -0.5041 -0.8446 -0.1804
vn -0.8786 0.3595 -0.3144
vn -0.4645 -0.8698 -0.1662
vn -0.8941 0.3133 -0.3199
vn -0.4237 -0.8930 -0.1516
vn -0.9075 0.2664 -0.3247
vn -0.0231 0.9997 -0.0083
vn -0.3819 -0.9140 -0.1367
vn -0.9187 0.2189 -0.3287
vn -0.0693 0.9973 -0.0248
vn -0.3392 -0.9328 -0.1214
vn -0.9277 0.1707 -0.3319
vn -0.1154 0.9925 -0.0413
vn -0.2957 -0.9494 -0.1058
vn -0.9345 0.1223 -0.3344
vn -0.1612 0.9852 -0.0577
vn -0.2514 -0.9637 -0.0900
vn -0.9390 0.0735 -0.3360
vn -0.2065 0.9756 -0.0739
vn -0.2065 -0.9756 -0.0739
vn -0.9413 0.0245 -0.3368
vn -0.2514 0.9637 -0.0900
vn -0.1612 -0.9852 -0.0577
vn -0.9413 -0.0245 -0.3368
vn -0.2957 0.9494 -0.1058
vn -0.1154 -0.9925 -0.0413
vn -0.9390 -0.0735 -0.3360
vn -0.3392 0.9328 -0.1214
vn -0.0693 -0.9973 -0.0248
vn -0.9345 -0.1223 -0.3344
vn -0.3819 0.9140 -0.1367
vn -0.0231 -0.9997 -0.0083
vn -0.9277 -0.1707 -0.3319
vn -0.4237 0.8930 -0.1516
vn -0.9187 -0.2189 -0.3287
vn -0.8941 -0.3133 -0.3199
vn -0.4645 0.8698 -0.1662
vn -0.9075 -0.2664 -0.3247
vn -0.8786 -0.3595 -0.3144
vn -0.5041 0.8446 -0.1804
vn -0.8609 -0.4048 -0.3081
vn -0.5426 0.8173 -0.1941
vn -0.8412 -0.4492 -0.3010
vn -0.5797 0.7880 -0.2074
vn -0.8195 -0.4924 -0.2932
vn -0.6154 0.7568 -0.2202
vn -0.7957 -0.5345 -0.2847
vn -0.6496 0.7238 -0.2324
vn -0.6849 -0.6527 -0.3239
vn -0.7640 0.5345 -0.3613
vn -0.6551 -0.6891 -0.3098
vn -0.7868 0.4924 -0.3721
vn -0.6237 -0.7238 -0.2950
vn -0.8077 0.4492 -0.3820
vn -0.5909 -0.7568 -0.2795
vn -0.8266 0.4048 -0.3910
vn -0.5566 -0.7880 -0.2632
vn -0.8435 0.3595 -0.3990
vn -0.5210 -0.8173 -0.2464
vn -0.8585 0.3133 -0.4060
vn -0.4840 -0.8446 -0.2289
vn -0.8713 0.2664 -0.4121
vn -0.0222 0.9997 -0.0105
vn -0.4460 -0.8698 -0.2109
vn -0.8821 0.2189 -0.4172
vn -0.0666 0.9973 -0.0315
vn -0.4068 -0.8930 -0.1924
vn -0.8907 0.1707 -0.4213
vn -0.1108 0.9925 -0.0524
vn -0.3667 -0.9140 -0.1734
vn -0.8972 0.1223 -0.4243
vn -0.1547 0.9852 -0.0732
vn -0.3257 -0.9328 -0.1540
vn -0.9015 0.0735 -0.4264
vn -0.1983 0.9756 -0.0938
vn -0.2839 -0.9494 -0.1343
vn -0.9037 0.0245 -0.4274
vn -0.2414 0.9637 -0.1142
vn -0.2414 -0.9637 -0.1142
vn -0.9037 -0.0245 -0.4274
vn -0.2839 0.9494 -0.1343
vn -0.1983 -0.9756 -0.0938
vn -0.9015 -0.0735 -0.4264
vn -0.3257 0.9328 -0.1540
vn -0.1547 -0.9852 -0.0732
vn -0.8972 -0.1223 -0.4243
vn -0.3667 0.9140 -0.1734
vn -0.1108 -0.9925 -0.0524
vn -0.8907 -0.1707 -0.4213
vn -0.4068 0.8930 -0.1924
vn -0.0666 -0.9973 -0.0315
vn -0.8821 -0.2189 -0.4172
vn -0.4460 0.8698 -0.2109
vn -0.0222 -0.9997 -0.0105
vn -0.8713 -0.2664 -0.4121
vn -0.4840 0.8446 -0.2289
vn -0.8585 -0.3133 -0.4060
vn -0.5210 0.8173 -0.2464
vn -0.8435 -0.3595 -0.3990
vn -0.5566 0.7880 -0.2632
vn -0.8266 -0.4048 -0.3910
vn -0.5909 0.7568 -0.2795
vn -0.8077 -0.4492 -0.3820
vn -0.6237 0.7238 -0.2950
vn -0.7868 -0.4924 -0.3721
vn -0.6551 0.6891 -0.3098
vn -0.7640 -0.5345 -0.3613
vn -0.6849 0.6527 -0.3239
vn -0.7394 -0.5754 -0.3497
vn -0.7130 0.6148 -0.3372
vn -0.7130 -0.6148 -0.3372
vn -0.7394 0.5754 -0.3497
vn -0.5918 -0.7238 -0.3547
vn -0.7663 0.4492 -0.4593
vn -0.5606 -0.7568 -0.3360
vn -0.7843 0.4048 -0.4701
vn -0.5281 -0.7880 -0.3165
vn -0.8004 0.3595 -0.4797
vn -0.4943 -0.8173 -0.2963
vn -0.8145 0.3133 -0.4882
vn -0.4593 -0.8446 -0.2753
vn -0.8267 0.2664 -0.4955
vn -0.0211 0.9997 -0.0126
vn -0.4232 -0.8698 -0.2536
vn -0.8369 0.2189 -0.5016
vn -0.0632 0.9973 -0.0379
vn -0.3860 -0.8930 -0.2314
vn -0.8451 0.1707 -0.5066
vn -0.1051 0.9925 -0.0630
vn -0.3479 -0.9140 -0.2085
vn -0.8513 0.1223 -0.5102
vn -0.1468 0.9852 -0.0880
vn -0.3090 -0.9328 -0.1852
vn -0.8554 0.0735 -0.5127
vn -0.1881 0.9756 -0.1128
vn -0.2693 -0.9494 -0.1614
vn -0.8575 0.0245 -0.5139
vn -0.2290 0.9637 -0.1373
vn -0.2290 -0.9637 -0.1373
vn -0.8575 -0.0245 -0.5139
vn -0.2693 0.9494 -0.1614
vn -0.1881 -0.9756 -0.1128
vn -0.8554 -0.0735 -0.5127
vn -0.3090 0.9328 -0.1852
vn -0.1468 -0.9852 -0.0880
vn -0.8513 -0.1223 -0.5102
vn -0.3479 0.9140 -0.2085
vn -0.1051 -0.9925 -0.0630
vn -0.8451 -0.1707 -0.5066
vn -0.3860 0.8930 -0.2314
vn -0.0632 -0.9973 -0.0379
vn -0.8369 -0.2189 -0.5016
vn -0.4232 0.8698 -0.2536
vn -0.0211 -0.9997 -0.0126
vn -0.8267 -0.2664 -0.4955
vn -0.4593 0.8446 -0.2753
vn -0.8145 -0.3133 -0.4882
vn -0.4943 0.8173 -0.2963
vn -0.8004 -0.3595 -0.4797
vn -0.5281 0.7880 -0.3165
vn -0.7843 -0.4048 -0.4701
vn -0.5606 0.7568 -0.3360
vn -0.7663 -0.4492 -0.4593
vn -0.5918 0.7238 -0.3547
vn -0.7465 -0.4924 -0.4474
vn -0.6216 0.6891 -0.3726
vn -0.7249 -0.5345 -0.4345
vn -0.6498 0.6527 -0.3895
vn -0.7015 -0.5754 -0.4205
vn -0.6765 0.6148 -0.4055
vn -0.6765 -0.6148 -0.4055
vn -0.7015 0.5754 -0.4205
vn -0.6498 -0.6527 -0.3895
vn -0.7249 0.5345 -0.4345
vn -0.6216 -0.6891 -0.3726
vn -0.7465 0.4924 -0.4474
vn -0.4945 -0.7880 -0.3668
vn -0.7495 0.3595 -0.5559
vn -0.4629 -0.8173 -0.3433
vn -0.7628 0.3133 -0.5657
vn -0.4301 -0.8446 -0.3190
vn -0.7742 0.2664 -0.5742
vn -0.0197 0.9997 -0.0146
vn -0.3963 -0.8698 -0.2939
vn -0.7837 0.2189 -0.5813
vn -0.0592 0.9973 -0.0439
vn -0.3615 -0.8930 -0.2681
vn -0.7914 0.1707 -0.5870
vn -0.0984 0.9925 -0.0730
vn -0.3258 -0.9140 -0.2416
vn -0.7972 0.1223 -0.5912
vn -0.1375 0.9852 -0.1020
vn -0.2894 -0.9328 -0.2146
vn -0.8010 0.0735 -0.5941
vn -0.1762 0.9756 -0.1307
vn -0.2522 -0.9494 -0.1871
vn -0.8030 0.0245 -0.5955
vn -0.2145 0.9637 -0.1591
vn -0.2145 -0.9637 -0.1591
vn -0.8030 -0.0245 -0.5955
vn -0.2522 0.9494 -0.1871
vn -0.1762 -0.9756 -0.1307
vn -0.8010 -0.0735 -0.5941
vn -0.2894 0.9328 -0.2146
vn -0.1375 -0.9852 -0.1020
vn -0.7972 -0.1223 -0.5912
vn -0.3258 0.9140 -0.2416
vn -0.0984 -0.9925 -0.0730
vn -0.7914 -0.1707 -0.5870
vn -0.3615 0.8930 -0.2681
vn -0.0592 -0.9973 -0.0439
vn -0.7837 -0.2189 -0.5813
vn -0.3963 0.8698 -0.2939
vn -0.0197 -0.9997 -0.0146
vn -0.7742 -0.2664 -0.5742
vn -0.4301 0.8446 -0.3190
vn -0.7628 -0.3133 -0.5657
vn -0.4629 0.8173 -0.3433
vn -0.7495 -0.3595 -0.5559
vn -0.4945 0.7880 -0.3668
vn -0.7344 -0.4048 -0.5447
vn -0.5250 0.7568 -0.3894
vn -0.7176 -0.4492 -0.5322
vn -0.5542 0.7238 -0.4110
vn -0.6991 -0.4924 -0.5185
vn -0.5821 0.6891 -0.4317
vn -0.6788 -0.5345 -0.5035
vn -0.6085 0.6527 -0.4513
vn -0.6569 -0.5754 -0.4872
vn -0.6335 0.6148 -0.4698
vn -0.6335 -0.6148 -0.4698
vn -0.6569 0.5754 -0.4872
vn -0.6085 -0.6527 -0.4513
vn -0.6788 0.5345 -0.5035
vn -0.5821 -0.6891 -0.4317
vn -0.6991 0.4924 -0.5185
vn -0.5542 -0.7238 -0.4110
vn -0.7176 0.4492 -0.5322
vn -0.5250 -0.7568 -0.3894
vn -0.7344 0.4048 -0.5447
vn -0.3967 -0.8446 -0.3596
vn -0.7142 0.2664 -0.6473
vn -0.0182 0.9997 -0.0165
vn -0.3655 -0.8698 -0.3313
vn -0.7230 0.2189 -0.6553
vn -0.0546 0.9973 -0.0495
vn -0.3335 -0.8930 -0.3022
vn -0.7301 0.1707 -0.6617
vn -0.0908 0.9925 -0.0823
vn -0.3006 -0.9140 -0.2724
vn -0.7354 0.1223 -0.6665
vn -0.1268 0.9852 -0.1149
vn -0.2669 -0.9328 -0.2419
vn -0.7389 0.0735 -0.6697
vn -0.1625 0.9756 -0.1473
vn -0.2327 -0.9494 -0.2109
vn -0.7407 0.0245 -0.6714
vn -0.1978 0.9637 -0.1793
vn -0.1978 -0.9637 -0.1793
vn -0.7407 -0.0245 -0.6714
vn -0.2327 0.9494 -0.2109
vn -0.1625 -0.9756 -0.1473
vn -0.7389 -0.0735 -0.6697
vn -0.2669 0.9328 -0.2419
vn -0.1268 -0.9852 -0.1149
vn -0.7354 -0.1223 -0.6665
vn -0.3006 0.9140 -0.2724
vn -0.0908 -0.9925 -0.0823
vn -0.7301 -0.1707 -0.6617
vn -0.3335 0.8930 -0.3022
vn -0.0546 -0.9973 -0.0495
vn -0.7230 -0.2189 -0.6553
vn -0.3655 0.8698 -0.3313
vn -0.0182 -0.9997 -0.0165
vn -0.7142 -0.2664 -0.6473
vn -0.3967 0.8446 -0.3596
vn -0.7036 -0.3133 -0.6377
vn -0.4270 0.8173 -0.3870
vn -0.6914 -0.3595 -0.6267
vn -0.4562 0.7880 -0.4135
vn -0.6775 -0.4048 -0.6141
vn -0.4843 0.7568 -0.4389
vn -0.6620 -0.4492 -0.6000
vn -0.5112 0.7238 -0.4634
vn -0.6449 -0.4924 -0.5845
vn -0.5369 0.6891 -0.4867
vn -0.6262 -0.5345 -0.5676
vn -0.5613 0.6527 -0.5088
vn -0.6060 -0.5754 -0.5493
vn -0.5844 0.6148 -0.5297
vn -0.5844 -0.6148 -0.5297
vn -0.6060 0.5754 -0.5493
vn -0.5613 -0.6527 -0.5088
vn -0.6262 0.5345 -0.5676
vn -0.5369 -0.6891 -0.4867
vn -0.6449 0.4924 -0.5845
vn -0.5112 -0.7238 -0.4634
vn -0.6620 0.4492 -0.6000
vn -0.4843 -0.7568 -0.4389
vn -0.6775 0.4048 -0.6141
vn -0.4562 -0.7880 -0.4135
vn -0.6914 0.3595 -0.6267
vn -0.4270 -0.8173 -0.3870
vn -0.7036 0.3133 -0.6377
vn -0.3022 -0.8930 -0.3335
vn -0.6617 0.1707 -0.7301
vn -0.0823 0.9925 -0.0908
vn -0.2724 -0.9140 -0.3006
vn -0.6665 0.1223 -0.7354
vn -0.1149 0.9852 -0.1268
vn -0.2419 -0.9328 -0.2669
vn -0.6697 0.0735 -0.7389
vn -0.1473 0.9756 -0.1625
vn -0.2109 -0.9494 -0.2327
vn -0.6714 0.0245 -0.7407
vn -0.1793 0.9637 -0.1978
vn -0.1793 -0.9637 -0.1978
vn -0.6714 -0.0245 -0.7407
vn -0.2109 0.9494 -0.2327
vn -0.1473 -0.9756 -0.1625
vn -0.6697 -0.0735 -0.7389
vn -0.2419 0.9328 -0.2669
vn -0.1149 -0.9852 -0.1268
vn -0.6665 -0.1223 -0.7354
vn -0.2724 0.9140 -0.3006
vn -0.0823 -0.9925 -0.0908
vn -0.6617 -0.1707 -0.7301
vn -0.3022 0.8930 -0.3335
vn -0.0495 -0.9973 -0.0546
vn -0.6553 -0.2189 -0.7230
vn -0.3313 0.8698 -0.3655
vn -0.0165 -0.9997 -0.0182
vn -0.6473 -0.2664 -0.7142
vn -0.3596 0.8446 -0.3967
vn -0.6377 -0.3133 -0.7036
vn -0.3870 0.8173 -0.4270
vn -0.6267 -0.3595 -0.6914
vn -0.4135 0.7880 -0.4562
vn -0.6141 -0.4048 -0.6775
vn -0.4389 0.7568 -0.4843
vn -0.6000 -0.4492 -0.6620
vn -0.4634 0.7238 -0.5112
vn -0.5845 -0.4924 -0.6449
vn -0.4867 0.6891 -0.5369
vn -0.5676 -0.5345 -0.6262
vn -0.5088 0.6527 -0.5613
vn -0.5493 -0.5754 -0.6060
vn -0.5297 0.6148 -0.5844
vn -0.5297 -0.6148 -0.5844
vn -0.5493 0.5754 -0.6060
vn -0.5088 -0.6527 -0.5613
vn -0.5676 0.5345 -0.6262
vn -0.4867 -0.6891 -0.5369
vn -0.5845 0.4925 -0.6449
vn -0.4634 -0.7238 -0.5112
vn -0.6000 0.4492 -0.6620
vn -0.4389 -0.7568 -0.4843
vn -0.6141 0.4048 -0.6775
vn -0.4135 -0.7880 -0.4562
vn -0.6267 0.3595 -0.6914
vn -0.3870 -0.8173 -0.4270
vn -0.6377 0.3133 -0.7036
vn -0.3596 -0.8446 -0.3967
vn -0.6473 0.2664 -0.7142
vn -0.0165 0.9997 -0.0182
vn -0.3313 -0.8698 -0.3655
vn -0.6553 0.2189 -0.7230
vn -0.0495 0.9973 -0.0546
vn -0.2146 -0.9328 -0.2894
vn -0.5941 0.0735 -0.8010
vn -0.1307 0.9756 -0.1762
vn -0.1871 -0.9494 -0.2522
vn -0.5955 0.0245 -0.8030
vn -0.1591 0.9637 -0.2145
vn -0.1591 -0.9637 -0.2145
vn -0.5955 -0.0245 -0.8030
vn -0.1871 0.9494 -0.2522
vn -0.1307 -0.9756 -0.1762
vn -0.5941 -0.0735 -0.8010
vn -0.2146 0.9328 -0.2894
vn -0.1020 -0.9852 -0.1375
vn -0.5912 -0.1223 -0.7972
vn -0.2416 0.9140 -0.3258
vn -0.0730 -0.9925 -0.0984
vn -0.5870 -0.1707 -0.7914
vn -0.2681 0.8930 -0.3615
vn -0.0439 -0.9973 -0.0592
vn -0.5813 -0.2189 -0.7837
vn -0.2939 0.8698 -0.3963
vn -0.0146 -0.9997 -0.0197
vn -0.5742 -0.2664 -0.7742
vn -0.3190 0.8446 -0.4301
vn -0.5657 -0.3133 -0.7628
vn -0.3433 0.8173 -0.4629
vn -0.5559 -0.3595 -0.7495
vn -0.3668 0.7880 -0.4945
vn -0.5447 -0.4048 -0.7344
vn -0.3894 0.7568 -0.5250
vn -0.5322 -0.4492 -0.7176
vn -0.4110 0.7238 -0.5542
vn -0.5185 -0.4924 -0.6991
vn -0.4317 0.6891 -0.5821
vn -0.5035 -0.5345 -0.6788
vn -0.4513 0.6527 -0.6085
vn -0.4872 -0.5754 -0.6569
vn -0.4698 0.6148 -0.6335
vn -0.4698 -0.6148 -0.6335
vn -0.4872 0.5754 -0.6569
vn -0.4513 -0.6527 -0.6085
vn -0.5035 0.5345 -0.6788
vn -0.4317 -0.6891 -0.5821
vn -0.5185 0.4924 -0.6991
vn -0.4110 -0.7238 -0.5542
vn -0.5322 0.4492 -0.7176
vn -0.3894 -0.7568 -0.5250
vn -0.5447 0.4048 -0.7344
vn -0.3668 -0.7880 -0.4945
vn -0.5559 0.3595 -0.7495
vn -0.3433 -0.8173 -0.4629
vn -0.5657 0.3133 -0.7628
vn -0.3190 -0.8446 -0.4301
vn -0.5742 0.2664 -0.7742
vn -0.0146 0.9997 -0.0197
vn -0.2939 -0.8698 -0.3963
vn -0.5813 0.2189 -0.7837
vn -0.0439 0.9973 -0.0592
vn -0.2681 -0.8930 -0.3615
vn -0.5870 0.1707 -0.7914
vn -0.0730 0.9925 -0.0984
vn -0.2416 -0.9140 -0.3258
vn -0.5912 0.1223 -0.7972
vn -0.1020 0.9852 -0.1375
vn -0.1373 -0.9637 -0.2290
vn -0.5139 -0.0245 -0.8575
vn -0.1614 0.9494 -0.2693
vn -0.1128 -0.9756 -0.1881
vn -0.5127 -0.0735 -0.8554
vn -0.1852 0.9328 -0.3090
vn -0.0880 -0.9852 -0.1468
vn -0.5102 -0.1223 -0.8513
vn -0.2085 0.9140 -0.3479
vn -0.0630 -0.9925 -0.1051
vn -0.5066 -0.1707 -0.8451
vn -0.2314 0.8930 -0.3860
vn -0.0379 -0.9973 -0.0632
vn -0.5016 -0.2189 -0.8369
vn -0.2536 0.8698 -0.4232
vn -0.0126 -0.9997 -0.0211
vn -0.4955 -0.2664 -0.8267
vn -0.2753 0.8446 -0.4593
vn -0.4882 -0.3133 -0.8145
vn -0.2963 0.8173 -0.4943
vn -0.4797 -0.3595 -0.8004
vn -0.3165 0.7880 -0.5281
vn -0.4701 -0.4048 -0.7843
vn -0.3360 0.7568 -0.5606
vn -0.4593 -0.4492 -0.7663
vn -0.3547 0.7238 -0.5918
vn -0.4474 -0.4925 -0.7465
vn -0.3726 0.6891 -0.6216
vn -0.4345 -0.5345 -0.7249
vn -0.3895 0.6527 -0.6498
vn -0.4205 -0.5754 -0.7015
vn -0.4055 0.6148 -0.6765
vn -0.4055 -0.6148 -0.6765
vn -0.4205 0.5754 -0.7015
vn -0.3895 -0.6527 -0.6498
vn -0.4345 0.5345 -0.7249
vn -0.3726 -0.6891 -0.6216
vn -0.4474 0.4924 -0.7465
vn -0.3547 -0.7238 -0.5918
vn -0.4593 0.4492 -0.7663
vn -0.3360 -0.7568 -0.5606
vn -0.4701 0.4048 -0.7843
vn -0.3165 -0.7880 -0.5281
vn -0.4797 0.3595 -0.8004
vn -0.2963 -0.8173 -0.4943
vn -0.4882 0.3133 -0.8145
vn -0.2753 -0.8446 -0.4593
vn -0.4955 0.2664 -0.8267
vn -0.0126 0.9997 -0.0211
vn -0.2536 -0.8698 -0.4232
vn -0.5016 0.2189 -0.8369
vn -0.0379 0.9973 -0.0632
vn -0.2314 -0.8930 -0.3860
vn -0.5066 0.1707 -0.8451
vn -0.0630 0.9925 -0.1051
vn -0.2085 -0.9140 -0.3479
vn -0.5102 0.1223 -0.8513
vn -0.0880 0.9852 -0.1468
vn -0.1852 -0.9328 -0.3090
vn -0.5127 0.0735 -0.8554
vn -0.1128 0.9756 -0.1881
vn -0.1614 -0.9494 -0.2693
vn -0.5139 0.0245 -0.8575
vn -0.1373 0.9637 -0.2290
vn -0.0732 -0.9852 -0.1547
vn -0.4243 -0.1223 -0.8972
vn -0.1734 0.9140 -0.3667
vn -0.0524 -0.9925 -0.1108
vn -0.4213 -0.1707 -0.8907
vn -0.1924 0.8930 -0.4068
vn -0.0315 -0.9973 -0.0666
vn -0.4172 -0.2189 -0.8821
vn -0.2109 0.8698 -0.4460
vn -0.0105 -0.9997 -0.0222
vn -0.4121 -0.2664 -0.8713
vn -0.2289 0.8446 -0.4840
vn -0.4060 -0.3133 -0.8585
vn -0.2464 0.8173 -0.5210
vn -0.3990 -0.3595 -0.8435
vn -0.2632 0.7880 -0.5566
vn -0.3910 -0.4048 -0.8266
vn -0.2795 0.7568 -0.5909
vn -0.3820 -0.4492 -0.8077
vn -0.2950 0.7238 -0.6237
vn -0.3721 -0.4925 -0.7868
vn -0.3098 0.6891 -0.6551
vn -0.3613 -0.5345 -0.7640
vn -0.3239 0.6527 -0.6849
vn -0.3497 -0.5754 -0.7394
vn -0.3372 0.6148 -0.7130
vn -0.3372 -0.6148 -0.7130
vn -0.3497 0.5754 -0.7394
vn -0.3239 -0.6527 -0.6849
vn -0.3613 0.5345 -0.7640
vn -0.3098 -0.6891 -0.6551
vn -0.3721 0.4925 -0.7868
vn -0.2950 -0.7238 -0.6237
vn -0.3820 0.4492 -0.8077
vn -0.2795 -0.7568 -0.5909
vn -0.3910 0.4048 -0.8266
vn -0.2632 -0.7880 -0.5566
vn -0.3990 0.3595 -0.8435
vn -0.2464 -0.8173 -0.5210
vn -0.4060 0.3133 -0.8585
vn -0.2289 -0.8446 -0.4840
vn -0.4121 0.2664 -0.8713
vn -0.0105 0.9997 -0.0222
vn -0.2109 -0.8698 -0.4460
vn -0.4172 0.2189 -0.8821
vn -0.0315 0.9973 -0.0666
vn -0.1924 -0.8930 -0.4068
vn -0.4213 0.1707 -0.8907
vn -0.0524 0.9925 -0.1108
vn -0.1734 -0.9140 -0.3667
vn -0.4243 0.1223 -0.8972
vn -0.0732 0.9852 -0.1547
vn -0.1540 -0.9328 -0.3257
vn -0.4264 0.0735 -0.9015
vn -0.0938 0.9756 -0.1983
vn -0.1343 -0.9494 -0.2839
vn -0.4274 0.0245 -0.9037
vn -0.1142 0.9637 -0.2414
vn -0.1142 -0.9637 -0.2414
vn -0.4274 -0.0245 -0.9037
vn -0.1343 0.9494 -0.2839
vn -0.0938 -0.9756 -0.1983
vn -0.4264 -0.0735 -0.9015
vn -0.1540 0.9328 -0.3257
vn -0.0248 -0.9973 -0.0693
vn -0.3287 -0.2189 -0.9187
vn -0.1662 0.8698 -0.4645
vn -0.0083 -0.9997 -0.0231
vn -0.3247 -0.2664 -0.9075
vn -0.1804 0.8446 -0.5041
vn -0.3199 -0.3133 -0.8941
vn -0.1941 0.8173 -0.5426
vn -0.3144 -0.3595 -0.8786
vn -0.2074 0.7880 -0.5797
vn -0.3081 -0.4048 -0.8609
vn -0.2202 0.7568 -0.6154
vn -0.3010 -0.4492 -0.8412
vn -0.2324 0.7238 -0.6496
vn -0.2932 -0.4925 -0.8195
vn -0.2441 0.6891 -0.6823
vn -0.2847 -0.5345 -0.7957
vn -0.2552 0.6527 -0.7133
vn -0.2755 -0.5754 -0.7701
vn -0.2657 0.6148 -0.7426
vn -0.2657 -0.6148 -0.7426
vn -0.2755 0.5754 -0.7701
vn -0.2552 -0.6527 -0.7133
vn -0.2847 0.5345 -0.7957
vn -0.2441 -0.6891 -0.6823
vn -0.2932 0.4925 -0.8195
vn -0.2324 -0.7238 -0.6496
vn -0.3010 0.4492 -0.8412
vn -0.2202 -0.7568 -0.6154
vn -0.3081 0.4048 -0.8609
vn -0.2074 -0.7880 -0.5797
vn -0.3144 0.3595 -0.8786
vn -0.1941 -0.8173 -0.5426
vn -0.3199 0.3133 -0.8941
vn -0.1804 -0.8446 -0.5041
vn -0.3247 0.2664 -0.9075
vn -0.0083 0.9997 -0.0231
vn -0.1662 -0.8698 -0.4645
vn -0.3287 0.2189 -0.9187
vn -0.0248 0.9973 -0.0693
vn -0.1516 -0.8930 -0.4237
vn -0.3319 0.1707 -0.9277
vn -0.0413 0.9925 -0.1154
vn -0.1367 -0.9140 -0.3819
vn -0.3344 0.1223 -0.9345
vn -0.0577 0.9852 -0.1612
vn -0.1214 -0.9328 -0.3392
vn -0.3360 0.0735 -0.9390
vn -0.0739 0.9756 -0.2065
vn -0.1058 -0.9494 -0.2957
vn -0.3368 0.0245 -0.9413
vn -0.0900 0.9637 -0.2514
vn -0.0900 -0.9637 -0.2514
vn -0.3368 -0.0245 -0.9413
vn -0.1058 0.9494 -0.2957
vn -0.0739 -0.9756 -0.2065
vn -0.3360 -0.0735 -0.9390
vn -0.1214 0.9328 -0.3392
vn -0.0577 -0.9852 -0.1612
vn -0.3344 -0.1223 -0.9345
vn -0.1367 0.9140 -0.3819
vn -0.0413 -0.9925 -0.1154
vn -0.3319 -0.1707 -0.9277
vn -0.1516 0.8930 -0.4237
vn -0.2307 -0.3133 -0.9212
vn -0.1400 0.8173 -0.5590
vn -0.2267 -0.3595 -0.9052
vn -0.1496 0.7880 -0.5972
vn -0.2222 -0.4048 -0.8870
vn -0.1588 0.7568 -0.6340
vn -0.2171 -0.4492 -0.8667
vn -0.1677 0.7238 -0.6693
vn -0.2115 -0.4925 -0.8443
vn -0.1761 0.6891 -0.7029
vn -0.2054 -0.5345 -0.8198
vn -0.1841 0.6527 -0.7349
vn -0.1987 -0.5754 -0.7934
vn -0.1916 0.6148 -0.7651
vn -0.1916 -0.6148 -0.7651
vn -0.1987 0.5754 -0.7934
vn -0.1841 -0.6527 -0.7349
vn -0.2054 0.5345 -0.8198
vn -0.1761 -0.6891 -0.7029
vn -0.2115 0.4925 -0.8443
vn -0.1677 -0.7238 -0.6693
vn -0.2171 0.4492 -0.8667
vn -0.1588 -0.7568 -0.6340
vn -0.2222 0.4048 -0.8870
vn -0.1496 -0.7880 -0.5972
vn -0.2267 0.3595 -0.9052
vn -0.1400 -0.8173 -0.5590
vn -0.2307 0.3133 -0.9212
vn -0.1301 -0.8446 -0.5194
vn -0.2342 0.2664 -0.9350
vn -0.0060 0.9997 -0.0238
vn -0.1199 -0.8698 -0.4786
vn -0.2371 0.2189 -0.9465
vn -0.0179 0.9973 -0.0714
vn -0.1094 -0.8930 -0.4366
vn -0.2394 0.1707 -0.9558
vn -0.0298 0.9925 -0.1189
vn -0.0986 -0.9140 -0.3935
vn -0.2412 0.1223 -0.9628
vn -0.0416 0.9852 -0.1660
vn -0.0875 -0.9328 -0.3495
vn -0.2423 0.0735 -0.9674
vn -0.0533 0.9756 -0.2128
vn -0.0763 -0.9494 -0.3046
vn -0.2429 0.0245 -0.9697
vn -0.0649 0.9637 -0.2590
vn -0.0649 -0.9637 -0.2590
vn -0.2429 -0.0245 -0.9697
vn -0.0763 0.9494 -0.3046
vn -0.0533 -0.9756 -0.2128
vn -0.2423 -0.0735 -0.9674
vn -0.0875 0.9328 -0.3495
vn -0.0416 -0.9852 -0.1660
vn -0.2412 -0.1223 -0.9628
vn -0.0986 0.9140 -0.3935
vn -0.0298 -0.9925 -0.1189
vn -0.2394 -0.1707 -0.9558
vn -0.1094 0.8930 -0.4366
vn -0.0179 -0.9973 -0.0714
vn -0.2371 -0.2189 -0.9465
vn -0.1199 0.8698 -0.4786
vn -0.0060 -0.9997 -0.0238
vn -0.2342 -0.2664 -0.9350
vn -0.1301 0.8446 -0.5194
vn -0.1342 -0.4048 -0.9045
vn -0.0959 0.7568 -0.6466
vn -0.1311 -0.4492 -0.8838
vn -0.1012 0.7238 -0.6825
vn -0.1277 -0.4925 -0.8609
vn -0.1063 0.6891 -0.7168
vn -0.1240 -0.5345 -0.8360
vn -0.1112 0.6527 -0.7494
vn -0.1200 -0.5754 -0.8091
vn -0.1157 0.6148 -0.7802
vn -0.1157 -0.6148 -0.7802
vn -0.1200 0.5754 -0.8091
vn -0.1112 -0.6527 -0.7494
vn -0.1240 0.5345 -0.8360
vn -0.1063 -0.6891 -0.7168
vn -0.1277 0.4925 -0.8609
vn -0.1012 -0.7238 -0.6825
vn -0.1311 0.4492 -0.8838
vn -0.0959 -0.7568 -0.6466
vn -0.1342 0.4048 -0.9045
vn -0.0903 -0.7880 -0.6090
vn -0.1369 0.3595 -0.9230
vn -0.0846 -0.8173 -0.5700
vn -0.1393 0.3133 -0.9394
vn -0.0786 -0.8446 -0.5297
vn -0.1414 0.2664 -0.9534
vn -0.0036 0.9997 -0.0243
vn -0.0724 -0.8698 -0.4880
vn -0.1432 0.2189 -0.9652
vn -0.0108 0.9973 -0.0729
vn -0.0660 -0.8930 -0.4452
vn -0.1446 0.1707 -0.9747
vn -0.0180 0.9925 -0.1212
vn -0.0595 -0.9140 -0.4013
vn -0.1456 0.1223 -0.9818
vn -0.0251 0.9852 -0.1693
vn -0.0529 -0.9328 -0.3564
vn -0.1463 0.0735 -0.9865
vn -0.0322 0.9756 -0.2170
vn -0.0461 -0.9494 -0.3106
vn -0.1467 0.0245 -0.9889
vn -0.0392 0.9637 -0.2641
vn -0.0392 -0.9637 -0.2641
vn -0.1467 -0.0245 -0.9889
vn -0.0461 0.9494 -0.3106
vn -0.0322 -0.9756 -0.2170
vn -0.1463 -0.0735 -0.9865
vn -0.0529 0.9328 -0.3564
vn -0.0251 -0.9852 -0.1693
vn -0.1456 -0.1223 -0.9818
vn -0.0595 0.9140 -0.4013
vn -0.0180 -0.9925 -0.1212
vn -0.1446 -0.1707 -0.9747
vn -0.0660 0.8930 -0.4452
vn -0.0108 -0.9973 -0.0729
vn -0.1432 -0.2189 -0.9652
vn -0.0724 0.8698 -0.4880
vn -0.0036 -0.9997 -0.0243
vn -0.1414 -0.2664 -0.9534
vn -0.0786 0.8446 -0.5297
vn -0.1393 -0.3133 -0.9394
vn -0.0846 0.8173 -0.5700
vn -0.1369 -0.3595 -0.9230
vn -0.0903 0.7880 -0.6090
vn -0.0427 -0.4924 -0.8693
vn -0.0356 0.6891 -0.7238
vn -0.0415 -0.5345 -0.8441
vn -0.0372 0.6527 -0.7567
vn -0.0401 -0.5754 -0.8169
vn -0.0387 0.6148 -0.7878
vn -0.0387 -0.6148 -0.7878
vn -0.0401 0.5754 -0.8169
vn -0.0372 -0.6527 -0.7567
vn -0.0415 0.5345 -0.8441
vn -0.0356 -0.6891 -0.7238
vn -0.0427 0.4924 -0.8693
vn -0.0339 -0.7238 -0.6891
vn -0.0438 0.4492 -0.8924
vn -0.0321 -0.7568 -0.6528
vn -0.0449 0.4048 -0.9133
vn -0.0302 -0.7880 -0.6149
vn -0.0458 0.3595 -0.9320
vn -0.0283 -0.8173 -0.5756
vn -0.0466 0.3133 -0.9485
vn -0.0263 -0.8446 -0.5348
vn -0.0473 0.2664 -0.9627
vn -0.0012 0.9997 -0.0245
vn -0.0242 -0.8698 -0.4928
vn -0.0479 0.2189 -0.9746
vn -0.0036 0.9973 -0.0736
vn -0.0221 -0.8930 -0.4495
vn -0.0484 0.1707 -0.9841
vn -0.0060 0.9925 -0.1224
vn -0.0199 -0.9140 -0.4052
vn -0.0487 0.1223 -0.9913
vn -0.0084 0.9852 -0.1710
vn -0.0177 -0.9328 -0.3598
vn -0.0489 0.0735 -0.9961
vn -0.0108 0.9756 -0.2191
vn -0.0154 -0.9494 -0.3136
vn -0.0491 0.0245 -0.9985
vn -0.0131 0.9637 -0.2667
vn -0.0131 -0.9637 -0.2667
vn -0.0491 -0.0245 -0.9985
vn -0.0154 0.9494 -0.3136
vn -0.0108 -0.9756 -0.2191
vn -0.0489 -0.0735 -0.9961
vn -0.0177 0.9328 -0.3598
vn -0.0084 -0.9852 -0.1710
vn -0.0487 -0.1223 -0.9913
vn -0.0199 0.9140 -0.4052
vn -0.0060 -0.9925 -0.1224
vn -0.0484 -0.1707 -0.9841
vn -0.0221 0.8930 -0.4495
vn -0.0036 -0.9973 -0.0736
vn -0.0479 -0.2189 -0.9746
vn -0.0242 0.8698 -0.4928
vn -0.0012 -0.9997 -0.0245
vn -0.0473 -0.2664 -0.9627
vn -0.0263 0.8446 -0.5348
vn -0.0466 -0.3133 -0.9485
vn -0.0283 0.8173 -0.5756
vn -0.0458 -0.3595 -0.9320
vn -0.0302 0.7880 -0.6149
vn -0.0449 -0.4048 -0.9133
vn -0.0321 0.7568 -0.6528
vn -0.0438 -0.4492 -0.8924
vn -0.0339 0.7238 -0.6891
vt 0.750000 0.187500
vt 0.750000 0.203125
vt 0.734375 0.203125
vt 0.734375 0.187500
vt 0.750000 0.593750
vt 0.750000 0.609375
vt 0.734375 0.609375
vt 0.734375 0.593750
vt 0.750000 0.171875
vt 0.734375 0.171875
vt 0.750000 0.578125
vt 0.734375 0.578125
vt 0.750000 0.984375
vt 0.742188 1.000000
vt 0.734375 0.984375
vt 0.750000 0.156250
vt 0.734375 0.156250
vt 0.750000 0.562500
vt 0.734375 0.562500
vt 0.750000 0.968750
vt 0.734375 0.968750
vt 0.750000 0.140625
vt 0.734375 0.140625
vt 0.750000 0.546875
vt 0.734375 0.546875
vt 0.750000 0.953125
vt 0.734375 0.953125
vt 0.750000 0.125000
vt 0.734375 0.125000
vt 0.750000 0.531250
vt 0.734375 0.531250
vt 0.750000 0.937500
vt 0.734375 0.937500
vt 0.750000 0.109375
vt 0.734375 0.109375
vt 0.750000 0.515625
vt 0.734375 0.515625
vt 0.750000 0.921875
vt 0.734375 0.921875
vt 0.750000 0.093750
vt 0.734375 0.093750
vt 0.750000 0.500000
vt 0.734375 0.500000
vt 0.750000 0.906250
vt 0.734375 0.906250
vt 0.750000 0.078125
vt 0.734375 0.078125
vt 0.750000 0.484375
vt 0.734375 0.484375
vt 0.750000 0.890625
vt 0.734375 0.890625
vt 0.750000 0.062500
vt 0.734375 0.062500
vt 0.750000 0.468750
vt 0.734375 0.468750
vt 0.750000 0.875000
vt 0.734375 0.875000
vt 0.750000 0.046875
vt 0.734375 0.046875
vt 0.750000 0.453125
vt 0.734375 0.453125
vt 0.750000 0.859375
vt 0.734375 0.859375
vt 0.750000 0.031250
vt 0.734375 0.031250
vt 0.750000 0.437500
vt 0.734375 0.437500
vt 0.750000 0.843750
vt 0.734375 0.843750
vt 0.750000 0.015625
vt 0.734375 0.015625
vt 0.750000 0.421875
vt 0.734375 0.421875
vt 0.750000 0.828125
vt 0.734375 0.828125
vt 0.742188 0.000000
vt 0.750000 0.406250
vt 0.734375 0.406250
vt 0.750000 0.812500
vt 0.734375 0.812500
vt 0.750000 0.390625
vt 0.734375 0.390625
vt 0.750000 0.796875
vt 0.734375 0.796875
vt 0.750000 0.375000
vt 0.734375 0.375000
vt 0.750000 0.781250
vt 0.734375 0.781250
vt 0.750000 0.359375
vt 0.734375 0.359375
vt 0.750000 0.765625
vt 0.734375 0.765625
vt 0.750000 0.343750
vt 0.734375 0.343750
vt 0.750000 0.750000
vt 0.734375 0.750000
vt 0.750000 0.328125
vt 0.734375 0.328125
vt 0.750000 0.734375
vt 0.734375 0.734375
vt 0.750000 0.312500
vt 0.734375 0.312500
vt 0.750000 0.718750
vt 0.734375 0.718750
vt 0.750000 0.296875
vt 0.734375 0.296875
vt 0.750000 0.703125
vt 0.734375 0.703125
vt 0.750000 0.281250
vt 0.734375 0.281250
vt 0.750000 0.687500
vt 0.734375 0.687500
vt 0.750000 0.265625
vt 0.734375 0.265625
vt 0.750000 0.671875
vt 0.734375 0.671875
vt 0.750000 0.250000
vt 0.734375 0.250000
vt 0.750000 0.656250
vt 0.734375 0.656250
vt 0.750000 0.234375
vt 0.734375 0.234375
vt 0.750000 0.640625
vt 0.734375 0.640625
vt 0.750000 0.218750
vt 0.734375 0.218750
vt 0.750000 0.625000
vt 0.734375 0.625000
vt 0.718750 0.390625
vt 0.718750 0.375000
vt 0.718750 0.796875
vt 0.718750 0.781250
vt 0.718750 0.359375
vt 0.718750 0.765625
vt 0.718750 0.343750
vt 0.718750 0.750000
vt 0.718750 0.328125
vt 0.718750 0.734375
vt 0.718750 0.312500
vt 0.718750 0.718750
vt 0.718750 0.296875
vt 0.718750 0.703125
vt 0.718750 0.281250
vt 0.718750 0.687500
vt 0.718750 0.265625
vt 0.718750 0.671875
vt 0.718750 0.250000
vt 0.718750 0.656250
vt 0.718750 0.234375
vt 0.718750 0.640625
vt 0.718750 0.218750
vt 0.718750 0.625000
vt 0.718750 0.203125
vt 0.718750 0.609375
vt 0.718750 0.187500
vt 0.718750 0.593750
vt 0.718750 0.171875
vt 0.718750 0.578125
vt 0.726562 1.000000
vt 0.718750 0.984375
vt 0.718750 0.156250
vt 0.718750 0.562500
vt 0.718750 0.968750
vt 0.718750 0.140625
vt 0.718750 0.546875
vt 0.718750 0.953125
vt 0.718750 0.125000
vt 0.718750 0.531250
vt 0.718750 0.937500
vt 0.718750 0.109375
vt 0.718750 0.515625
vt 0.718750 0.921875
vt 0.718750 0.093750
vt 0.718750 0.500000
vt 0.718750 0.906250
vt 0.718750 0.078125
vt 0.718750 0.484375
vt 0.718750 0.890625
vt 0.718750 0.062500
vt 0.718750 0.468750
vt 0.718750 0.875000
vt 0.718750 0.046875
vt 0.718750 0.453125
vt 0.718750 0.859375
vt 0.718750 0.031250
vt 0.718750 0.437500
vt 0.718750 0.843750
vt 0.718750 0.015625
vt 0.718750 0.421875
vt 0.718750 0.828125
vt 0.726562 0.000000
vt 0.718750 0.406250
vt 0.718750 0.812500
vt 0.703125 0.359375
vt 0.703125 0.343750
vt 0.703125 0.765625
vt 0.703125 0.750000
vt 0.703125 0.328125
vt 0.703125 0.734375
vt 0.703125 0.312500
vt 0.703125 0.718750
vt 0.703125 0.296875
vt 0.703125 0.703125
vt 0.703125 0.281250
vt 0.703125 0.687500
vt 0.703125 0.265625
vt 0.703125 0.671875
vt 0.703125 0.250000
vt 0.703125 0.656250
vt 0.703125 0.234375
vt 0.703125 0.640625
vt 0.703125 0.218750
vt 0.703125 0.625000
vt 0.703125 0.203125
vt 0.703125 0.609375
vt 0.703125 0.187500
vt 0.703125 0.593750
vt 0.703125 0.171875
vt 0.703125 0.578125
vt 0.710938 1.000000
vt 0.703125 0.984375
vt 0.703125 0.156250
vt 0.703125 0.562500
vt 0.703125 0.968750
vt 0.703125 0.140625
vt 0.703125 0.546875
vt 0.703125 0.953125
vt 0.703125 0.125000
vt 0.703125 0.531250
vt 0.703125 0.937500
vt 0.703125 0.109375
vt 0.703125 0.515625
vt 0.703125 0.921875
vt 0.703125 0.093750
vt 0.703125 0.500000
vt 0.703125 0.906250
vt 0.703125 0.078125
vt 0.703125 0.484375
vt 0.703125 0.890625
vt 0.703125 0.062500
vt 0.703125 0.468750
vt 0.703125 0.875000
vt 0.703125 0.046875
vt 0.703125 0.453125
vt 0.703125 0.859375
vt 0.703125 0.031250
vt 0.703125 0.437500
vt 0.703125 0.843750
vt 0.703125 0.015625
vt 0.703125 0.421875
vt 0.703125 0.828125
vt 0.710938 0.000000
vt 0.703125 0.406250
vt 0.703125 0.812500
vt 0.703125 0.390625
vt 0.703125 0.796875
vt 0.703125 0.375000
vt 0.703125 0.781250
vt 0.687500 0.328125
vt 0.687500 0.312500
vt 0.687500 0.734375
vt 0.687500 0.718750
vt 0.687500 0.296875
vt 0.687500 0.703125
vt 0.687500 0.281250
vt 0.687500 0.687500
vt 0.687500 0.265625
vt 0.687500 0.671875
vt 0.687500 0.250000
vt 0.687500 0.656250
vt 0.687500 0.234375
vt 0.687500 0.640625
vt 0.687500 0.218750
vt 0.687500 0.625000
vt 0.687500 0.203125
vt 0.687500 0.609375
vt 0.687500 0.187500
vt 0.687500 0.593750
vt 0.687500 0.171875
vt 0.687500 0.578125
vt 0.695312 1.000000
vt 0.687500 0.984375
vt 0.687500 0.156250
vt 0.687500 0.562500
vt 0.687500 0.968750
vt 0.687500 0.140625
vt 0.687500 0.546875
vt 0.687500 0.953125
vt 0.687500 0.125000
vt 0.687500 0.531250
vt 0.687500 0.937500
vt 0.687500 0.109375
vt 0.687500 0.515625
vt 0.687500 0.921875
vt 0.687500 0.093750
vt 0.687500 0.500000
vt 0.687500 0.906250
vt 0.687500 0.078125
vt 0.687500 0.484375
vt 0.687500 0.890625
vt 0.687500 0.062500
vt 0.687500 0.468750
vt 0.687500 0.875000
vt 0.687500 0.046875
vt 0.687500 0.453125
vt 0.687500 0.859375
vt 0.687500 0.031250
vt 0.687500 0.437500
vt 0.687500 0.843750
vt 0.687500 0.015625
vt 0.687500 0.421875
vt 0.687500 0.828125
vt 0.695312 0.000000
vt 0.687500 0.406250
vt 0.687500 0.812500
vt 0.687500 0.390625
vt 0.687500 0.796875
vt 0.687500 0.375000
vt 0.687500 0.781250
vt 0.687500 0.359375
vt 0.687500 0.765625
vt 0.687500 0.343750
vt 0.687500 0.750000
vt 0.671875 0.296875
vt 0.671875 0.281250
vt 0.671875 0.703125
vt 0.671875 0.687500
vt 0.671875 0.265625
vt 0.671875 0.671875
vt 0.671875 0.250000
vt 0.671875 0.656250
vt 0.671875 0.234375
vt 0.671875 0.640625
vt 0.671875 0.218750
vt 0.671875 0.625000
vt 0.671875 0.203125
vt 0.671875 0.609375
vt 0.671875 0.187500
vt 0.671875 0.593750
vt 0.671875 0.171875
vt 0.671875 0.578125
vt 0.679688 1.000000
vt 0.671875 0.984375
vt 0.671875 0.156250
vt 0.671875 0.562500
vt 0.671875 0.968750
vt 0.671875 0.140625
vt 0.671875 0.546875
vt 0.671875 0.953125
vt 0.671875 0.125000
vt 0.671875 0.531250
vt 0.671875 0.937500
vt 0.671875 0.109375
vt 0.671875 0.515625
vt 0.671875 0.921875
vt 0.671875 0.093750
vt 0.671875 0.500000
vt 0.671875 0.906250
vt 0.671875 0.078125
vt 0.671875 0.484375
vt 0.671875 0.890625
vt 0.671875 0.062500
vt 0.671875 0.468750
vt 0.671875 0.875000
vt 0.671875 0.046875
vt 0.671875 0.453125
vt 0.671875 0.859375
vt 0.671875 0.031250
vt 0.671875 0.437500
vt 0.671875 0.843750
vt 0.671875 0.015625
vt 0.671875 0.421875
vt 0.671875 0.828125
vt 0.679688 0.000000
vt 0.671875 0.406250
vt 0.671875 0.812500
vt 0.671875 0.390625
vt 0.671875 0.796875
vt 0.671875 0.375000
vt 0.671875 0.781250
vt 0.671875 0.359375
vt 0.671875 0.765625
vt 0.671875 0.343750
vt 0.671875 0.750000
vt 0.671875 0.328125
vt 0.671875 0.734375
vt 0.671875 0.312500
vt 0.671875 0.718750
vt 0.656250 0.265625
vt 0.656250 0.250000
vt 0.656250 0.671875
vt 0.656250 0.656250
vt 0.656250 0.234375
vt 0.656250 0.640625
vt 0.656250 0.218750
vt 0.656250 0.625000
vt 0.656250 0.203125
vt 0.656250 0.609375
vt 0.656250 0.187500
vt 0.656250 0.593750
vt 0.656250 0.171875
vt 0.656250 0.578125
vt 0.664062 1.000000
vt 0.656250 0.984375
vt 0.656250 0.156250
vt 0.656250 0.562500
vt 0.656250 0.968750
vt 0.656250 0.140625
vt 0.656250 0.546875
vt 0.656250 0.953125
vt 0.656250 0.125000
vt 0.656250 0.531250
vt 0.656250 0.937500
vt 0.656250 0.109375
vt 0.656250 0.515625
vt 0.656250 0.921875
vt 0.656250 0.093750
vt 0.656250 0.500000
vt 0.656250 0.906250
vt 0.656250 0.078125
vt 0.656250 0.484375
vt 0.656250 0.890625
vt 0.656250 0.062500
vt 0.656250 0.468750
vt 0.656250 0.875000
vt 0.656250 0.046875
vt 0.656250 0.453125
vt 0.656250 0.859375
vt 0.656250 0.031250
vt 0.656250 0.437500
vt 0.656250 0.843750
vt 0.656250 0.015625
vt 0.656250 0.421875
vt 0.656250 0.828125
vt 0.664062 0.000000
vt 0.656250 0.406250
vt 0.656250 0.812500
vt 0.656250 0.390625
vt 0.656250 0.796875
vt 0.656250 0.375000
vt 0.656250 0.781250
vt 0.656250 0.359375
vt 0.656250 0.765625
vt 0.656250 0.343750
vt 0.656250 0.750000
vt 0.656250 0.328125
vt 0.656250 0.734375
vt 0.656250 0.312500
vt 0.656250 0.718750
vt 0.656250 0.296875
vt 0.656250 0.703125
vt 0.656250 0.281250
vt 0.656250 0.687500
vt 0.640625 0.234375
vt 0.640625 0.218750
vt 0.640625 0.640625
vt 0.640625 0.625000
vt 0.640625 0.203125
vt 0.640625 0.609375
vt 0.640625 0.187500
vt 0.640625 0.593750
vt 0.640625 0.171875
vt 0.640625 0.578125
vt 0.648438 1.000000
vt 0.640625 0.984375
vt 0.640625 0.156250
vt 0.640625 0.562500
vt 0.640625 0.968750
vt 0.640625 0.140625
vt 0.640625 0.546875
vt 0.640625 0.953125
vt 0.640625 0.125000
vt 0.640625 0.531250
vt 0.640625 0.937500
vt 0.640625 0.109375
vt 0.640625 0.515625
vt 0.640625 0.921875
vt 0.640625 0.093750
vt 0.640625 0.500000
vt 0.640625 0.906250
vt 0.640625 0.078125
vt 0.640625 0.484375
vt 0.640625 0.890625
vt 0.640625 0.062500
vt 0.640625 0.468750
vt 0.640625 0.875000
vt 0.640625 0.046875
vt 0.640625 0.453125
vt 0.640625 0.859375
vt 0.640625 0.031250
vt 0.640625 0.437500
vt 0.640625 0.843750
vt 0.640625 0.015625
vt 0.640625 0.421875
vt 0.640625 0.828125
vt 0.648438 0.000000
vt 0.640625 0.406250
vt 0.640625 0.812500
vt 0.640625 0.390625
vt 0.640625 0.796875
vt 0.640625 0.375000
vt 0.640625 0.781250
vt 0.640625 0.359375
vt 0.640625 0.765625
vt 0.640625 0.343750
vt 0.640625 0.750000
vt 0.640625 0.328125
vt 0.640625 0.734375
vt 0.640625 0.312500
vt 0.640625 0.718750
vt 0.640625 0.296875
vt 0.640625 0.703125
vt 0.640625 0.281250
vt 0.640625 0.687500
vt 0.640625 0.265625
vt 0.640625 0.671875
vt 0.640625 0.250000
vt 0.640625 0.656250
vt 0.625000 0.203125
vt 0.625000 0.187500
vt 0.625000 0.609375
vt 0.625000 0.593750
vt 0.625000 0.171875
vt 0.625000 0.578125
vt 0.632812 1.000000
vt 0.625000 0.984375
vt 0.625000 0.156250
vt 0.625000 0.562500
vt 0.625000 0.968750
vt 0.625000 0.140625
vt 0.625000 0.546875
vt 0.625000 0.953125
vt 0.625000 0.125000
vt 0.625000 0.531250
vt 0.625000 0.937500
vt 0.625000 0.109375
vt 0.625000 0.515625
vt 0.625000 0.921875
vt 0.625000 0.093750
vt 0.625000 0.500000
vt 0.625000 0.906250
vt 0.625000 0.078125
vt 0.625000 0.484375
vt 0.625000 0.890625
vt 0.625000 0.062500
vt 0.625000 0.468750
vt 0.625000 0.875000
vt 0.625000 0.046875
vt 0.625000 0.453125
vt 0.625000 0.859375
vt 0.625000 0.031250
vt 0.625000 0.437500
vt 0.625000 0.843750
vt 0.625000 0.015625
vt 0.625000 0.421875
vt 0.625000 0.828125
vt 0.632812 0.000000
vt 0.625000 0.406250
vt 0.625000 0.812500
vt 0.625000 0.390625
vt 0.625000 0.796875
vt 0.625000 0.375000
vt 0.625000 0.781250
vt 0.625000 0.359375
vt 0.625000 0.765625
vt 0.625000 0.343750
vt 0.625000 0.750000
vt 0.625000 0.328125
vt 0.625000 0.734375
vt 0.625000 0.312500
vt 0.625000 0.718750
vt 0.625000 0.296875
vt 0.625000 0.703125
vt 0.625000 0.281250
vt 0.625000 0.687500
vt 0.625000 0.265625
vt 0.625000 0.671875
vt 0.625000 0.250000
vt 0.625000 0.656250
vt 0.625000 0.234375
vt 0.625000 0.640625
vt 0.625000 0.218750
vt 0.625000 0.625000
vt 0.609375 0.171875
vt 0.609375 0.156250
vt 0.609375 0.578125
vt 0.609375 0.562500
vt 0.609375 0.984375
vt 0.609375 0.968750
vt 0.609375 0.140625
vt 0.609375 0.546875
vt 0.609375 0.953125
vt 0.609375 0.125000
vt 0.609375 0.531250
vt 0.609375 0.937500
vt 0.609375 0.109375
vt 0.609375 0.515625
vt 0.609375 0.921875
vt 0.609375 0.093750
vt 0.609375 0.500000
vt 0.609375 0.906250
vt 0.609375 0.078125
vt 0.609375 0.484375
vt 0.609375 0.890625
vt 0.609375 0.062500
vt 0.609375 0.468750
vt 0.609375 0.875000
vt 0.609375 0.046875
vt 0.609375 0.453125
vt 0.609375 0.859375
vt 0.609375 0.031250
vt 0.609375 0.437500
vt 0.609375 0.843750
vt 0.609375 0.015625
vt 0.609375 0.421875
vt 0.609375 0.828125
vt 0.617188 0.000000
vt 0.609375 0.406250
vt 0.609375 0.812500
vt 0.609375 0.390625
vt 0.609375 0.796875
vt 0.609375 0.375000
vt 0.609375 0.781250
vt 0.609375 0.359375
vt 0.609375 0.765625
vt 0.609375 0.343750
vt 0.609375 0.750000
vt 0.609375 0.328125
vt 0.609375 0.734375
vt 0.609375 0.312500
vt 0.609375 0.718750
vt 0.609375 0.296875
vt 0.609375 0.703125
vt 0.609375 0.281250
vt 0.609375 0.687500
vt 0.609375 0.265625
vt 0.609375 0.671875
vt 0.609375 0.250000
vt 0.609375 0.656250
vt 0.609375 0.234375
vt 0.609375 0.640625
vt 0.609375 0.218750
vt 0.609375 0.625000
vt 0.609375 0.203125
vt 0.609375 0.609375
vt 0.609375 0.187500
vt 0.609375 0.593750
vt 0.617188 1.000000
vt 0.593750 0.140625
vt 0.593750 0.125000
vt 0.593750 0.546875
vt 0.593750 0.531250
vt 0.593750 0.953125
vt 0.593750 0.937500
vt 0.593750 0.109375
vt 0.593750 0.515625
vt 0.593750 0.921875
vt 0.593750 0.093750
vt 0.593750 0.500000
vt 0.593750 0.906250
vt 0.593750 0.078125
vt 0.593750 0.484375
vt 0.593750 0.890625
vt 0.593750 0.062500
vt 0.593750 0.468750
vt 0.593750 0.875000
vt 0.593750 0.046875
vt 0.593750 0.453125
vt 0.593750 0.859375
vt 0.593750 0.031250
vt 0.593750 0.437500
vt 0.593750 0.843750
vt 0.593750 0.015625
vt 0.593750 0.421875
vt 0.593750 0.828125
vt 0.601562 0.000000
vt 0.593750 0.406250
vt 0.593750 0.812500
vt 0.593750 0.390625
vt 0.593750 0.796875
vt 0.593750 0.375000
vt 0.593750 0.781250
vt 0.593750 0.359375
vt 0.593750 0.765625
vt 0.593750 0.343750
vt 0.593750 0.750000
vt 0.593750 0.328125
vt 0.593750 0.734375
vt 0.593750 0.312500
vt 0.593750 0.718750
vt 0.593750 0.296875
vt 0.593750 0.703125
vt 0.593750 0.281250
vt 0.593750 0.687500
vt 0.593750 0.265625
vt 0.593750 0.671875
vt 0.593750 0.250000
vt 0.593750 0.656250
vt 0.593750 0.234375
vt 0.593750 0.640625
vt 0.593750 0.218750
vt 0.593750 0.625000
vt 0.593750 0.203125
vt 0.593750 0.609375
vt 0.593750 0.187500
vt 0.593750 0.593750
vt 0.593750 0.171875
vt 0.593750 0.578125
vt 0.601562 1.000000
vt 0.593750 0.984375
vt 0.593750 0.156250
vt 0.593750 0.562500
vt 0.593750 0.968750
vt 0.578125 0.109375
vt 0.578125 0.093750
vt 0.578125 0.515625
vt 0.578125 0.500000
vt 0.578125 0.921875
vt 0.578125 0.906250
vt 0.578125 0.078125
vt 0.578125 0.484375
vt 0.578125 0.890625
vt 0.578125 0.062500
vt 0.578125 0.468750
vt 0.578125 0.875000
vt 0.578125 0.046875
vt 0.578125 0.453125
vt 0.578125 0.859375
vt 0.578125 0.031250
vt 0.578125 0.437500
vt 0.578125 0.843750
vt 0.578125 0.015625
vt 0.578125 0.421875
vt 0.578125 0.828125
vt 0.585938 0.000000
vt 0.578125 0.406250
vt 0.578125 0.812500
vt 0.578125 0.390625
vt 0.578125 0.796875
vt 0.578125 0.375000
vt 0.578125 0.781250
vt 0.578125 0.359375
vt 0.578125 0.765625
vt 0.578125 0.343750
vt 0.578125 0.750000
vt 0.578125 0.328125
vt 0.578125 0.734375
vt 0.578125 0.312500
vt 0.578125 0.718750
vt 0.578125 0.296875
vt 0.578125 0.703125
vt 0.578125 0.281250
vt 0.578125 0.687500
vt 0.578125 0.265625
vt 0.578125 0.671875
vt 0.578125 0.250000
vt 0.578125 0.656250
vt 0.578125 0.234375
vt 0.578125 0.640625
vt 0.578125 0.218750
vt 0.578125 0.625000
vt 0.578125 0.203125
vt 0.578125 0.609375
vt 0.578125 0.187500
vt 0.578125 0.593750
vt 0.578125 0.171875
vt 0.578125 0.578125
vt 0.585938 1.000000
vt 0.578125 0.984375
vt 0.578125 0.156250
vt 0.578125 0.562500
vt 0.578125 0.968750
vt 0.578125 0.140625
vt 0.578125 0.546875
vt 0.578125 0.953125
vt 0.578125 0.125000
vt 0.578125 0.531250
vt 0.578125 0.937500
vt 0.562500 0.078125
vt 0.562500 0.062500
vt 0.562500 0.484375
vt 0.562500 0.468750
vt 0.562500 0.890625
vt 0.562500 0.875000
vt 0.562500 0.046875
vt 0.562500 0.453125
vt 0.562500 0.859375
vt 0.562500 0.031250
vt 0.562500 0.437500
vt 0.562500 0.843750
vt 0.562500 0.015625
vt 0.562500 0.421875
vt 0.562500 0.828125
vt 0.570312 0.000000
vt 0.562500 0.406250
vt 0.562500 0.812500
vt 0.562500 0.390625
vt 0.562500 0.796875
vt 0.562500 0.375000
vt 0.562500 0.781250
vt 0.562500 0.359375
vt 0.562500 0.765625
vt 0.562500 0.343750
vt 0.562500 0.750000
vt 0.562500 0.328125
vt 0.562500 0.734375
vt 0.562500 0.312500
vt 0.562500 0.718750
vt 0.562500 0.296875
vt 0.562500 0.703125
vt 0.562500 0.281250
vt 0.562500 0.687500
vt 0.562500 0.265625
vt 0.562500 0.671875
vt 0.562500 0.250000
vt 0.562500 0.656250
vt 0.562500 0.234375
vt 0.562500 0.640625
vt 0.562500 0.218750
vt 0.562500 0.625000
vt 0.562500 0.203125
vt 0.562500 0.609375
vt 0.562500 0.187500
vt 0.562500 0.593750
vt 0.562500 0.171875
vt 0.562500 0.578125
vt 0.570312 1.000000
vt 0.562500 0.984375
vt 0.562500 0.156250
vt 0.562500 0.562500
vt 0.562500 0.968750
vt 0.562500 0.140625
vt 0.562500 0.546875
vt 0.562500 0.953125
vt 0.562500 0.125000
vt 0.562500 0.531250
vt 0.562500 0.937500
vt 0.562500 0.109375
vt 0.562500 0.515625
vt 0.562500 0.921875
vt 0.562500 0.093750
vt 0.562500 0.500000
vt 0.562500 0.906250
vt 0.546875 0.046875
vt 0.546875 0.031250
vt 0.546875 0.453125
vt 0.546875 0.437500
vt 0.546875 0.859375
vt 0.546875 0.843750
vt 0.546875 0.015625
vt 0.546875 0.421875
vt 0.546875 0.828125
vt 0.554688 0.000000
vt 0.546875 0.406250
vt 0.546875 0.812500
vt 0.546875 0.390625
vt 0.546875 0.796875
vt 0.546875 0.375000
vt 0.546875 0.781250
vt 0.546875 0.359375
vt 0.546875 0.765625
vt 0.546875 0.343750
vt 0.546875 0.750000
vt 0.546875 0.328125
vt 0.546875 0.734375
vt 0.546875 0.312500
vt 0.546875 0.718750
vt 0.546875 0.296875
vt 0.546875 0.703125
vt 0.546875 0.281250
vt 0.546875 0.687500
vt 0.546875 0.265625
vt 0.546875 0.671875
vt 0.546875 0.250000
vt 0.546875 0.656250
vt 0.546875 0.234375
vt 0.546875 0.640625
vt 0.546875 0.218750
vt 0.546875 0.625000
vt 0.546875 0.203125
vt 0.546875 0.609375
vt 0.546875 0.187500
vt 0.546875 0.593750
vt 0.546875 0.171875
vt 0.546875 0.578125
vt 0.554688 1.000000
vt 0.546875 0.984375
vt 0.546875 0.156250
vt 0.546875 0.562500
vt 0.546875 0.968750
vt 0.546875 0.140625
vt 0.546875 0.546875
vt 0.546875 0.953125
vt 0.546875 0.125000
vt 0.546875 0.531250
vt 0.546875 0.937500
vt 0.546875 0.109375
vt 0.546875 0.515625
vt 0.546875 0.921875
vt 0.546875 0.093750
vt 0.546875 0.500000
vt 0.546875 0.906250
vt 0.546875 0.078125
vt 0.546875 0.484375
vt 0.546875 0.890625
vt 0.546875 0.062500
vt 0.546875 0.468750
vt 0.546875 0.875000
vt 0.531250 0.828125
vt 0.531250 0.812500
vt 0.531250 0.390625
vt 0.531250 0.375000
vt 0.531250 0.796875
vt 0.531250 0.359375
vt 0.531250 0.781250
vt 0.531250 0.343750
vt 0.531250 0.765625
vt 0.531250 0.328125
vt 0.531250 0.750000
vt 0.531250 0.312500
vt 0.531250 0.734375
vt 0.531250 0.296875
vt 0.531250 0.281250
vt 0.531250 0.718750
vt 0.531250 0.265625
vt 0.531250 0.703125
vt 0.531250 0.687500
vt 0.531250 0.250000
vt 0.531250 0.671875
vt 0.531250 0.234375
vt 0.531250 0.656250
vt 0.531250 0.218750
vt 0.531250 0.640625
vt 0.531250 0.203125
vt 0.531250 0.187500
vt 0.531250 0.625000
vt 0.531250 0.171875
vt 0.531250 0.609375
vt 0.531250 0.593750
vt 0.531250 0.578125
vt 0.531250 0.156250
vt 0.531250 0.562500
vt 0.531250 0.140625
vt 0.539062 1.000000
vt 0.531250 0.984375
vt 0.531250 0.546875
vt 0.531250 0.125000
vt 0.531250 0.968750
vt 0.531250 0.531250
vt 0.531250 0.109375
vt 0.531250 0.953125
vt 0.531250 0.515625
vt 0.531250 0.093750
vt 0.531250 0.937500
vt 0.531250 0.500000
vt 0.531250 0.078125
vt 0.531250 0.484375
vt 0.531250 0.921875
vt 0.531250 0.062500
vt 0.531250 0.906250
vt 0.531250 0.468750
vt 0.531250 0.046875
vt 0.531250 0.890625
vt 0.531250 0.453125
vt 0.531250 0.031250
vt 0.531250 0.875000
vt 0.531250 0.437500
vt 0.531250 0.015625
vt 0.531250 0.859375
vt 0.531250 0.421875
vt 0.539062 0.000000
vt 0.531250 0.843750
vt 0.531250 0.406250
vt 0.515625 0.359375
vt 0.515625 0.343750
vt 0.515625 0.765625
vt 0.515625 0.750000
vt 0.515625 0.328125
vt 0.515625 0.734375
vt 0.515625 0.312500
vt 0.515625 0.718750
vt 0.515625 0.296875
vt 0.515625 0.703125
vt 0.515625 0.281250
vt 0.515625 0.687500
vt 0.515625 0.265625
vt 0.515625 0.671875
vt 0.515625 0.250000
vt 0.515625 0.656250
vt 0.515625 0.234375
vt 0.515625 0.640625
vt 0.515625 0.218750
vt 0.515625 0.625000
vt 0.515625 0.203125
vt 0.515625 0.609375
vt 0.515625 0.187500
vt 0.515625 0.593750
vt 0.515625 0.171875
vt 0.515625 0.578125
vt 0.523438 1.000000
vt 0.515625 0.984375
vt 0.515625 0.156250
vt 0.515625 0.562500
vt 0.515625 0.968750
vt 0.515625 0.140625
vt 0.515625 0.546875
vt 0.515625 0.953125
vt 0.515625 0.125000
vt 0.515625 0.531250
vt 0.515625 0.937500
vt 0.515625 0.109375
vt 0.515625 0.515625
vt 0.515625 0.921875
vt 0.515625 0.093750
vt 0.515625 0.500000
vt 0.515625 0.906250
vt 0.515625 0.078125
vt 0.515625 0.484375
vt 0.515625 0.890625
vt 0.515625 0.062500
vt 0.515625 0.468750
vt 0.515625 0.875000
vt 0.515625 0.046875
vt 0.515625 0.453125
vt 0.515625 0.859375
vt 0.515625 0.031250
vt 0.515625 0.437500
vt 0.515625 0.843750
vt 0.515625 0.015625
vt 0.515625 0.421875
vt 0.515625 0.828125
vt 0.523438 0.000000
vt 0.515625 0.406250
vt 0.515625 0.812500
vt 0.515625 0.390625
vt 0.515625 0.796875
vt 0.515625 0.375000
vt 0.515625 0.781250
vt 0.500000 0.328125
vt 0.500000 0.312500
vt 0.500000 0.734375
vt 0.500000 0.718750
vt 0.500000 0.296875
vt 0.500000 0.703125
vt 0.500000 0.281250
vt 0.500000 0.687500
vt 0.500000 0.265625
vt 0.500000 0.671875
vt 0.500000 0.250000
vt 0.500000 0.656250
vt 0.500000 0.234375
vt 0.500000 0.640625
vt 0.500000 0.218750
vt 0.500000 0.625000
vt 0.500000 0.203125
vt 0.500000 0.609375
vt 0.500000 0.187500
vt 0.500000 0.593750
vt 0.500000 0.171875
vt 0.500000 0.578125
vt 0.507812 1.000000
vt 0.500000 0.984375
vt 0.500000 0.156250
vt 0.500000 0.562500
vt 0.500000 0.968750
vt 0.500000 0.140625
vt 0.500000 0.546875
vt 0.500000 0.953125
vt 0.500000 0.125000
vt 0.500000 0.531250
vt 0.500000 0.937500
vt 0.500000 0.109375
vt 0.500000 0.515625
vt 0.500000 0.921875
vt 0.500000 0.093750
vt 0.500000 0.500000
vt 0.500000 0.906250
vt 0.500000 0.078125
vt 0.500000 0.484375
vt 0.500000 0.890625
vt 0.500000 0.062500
vt 0.500000 0.468750
vt 0.500000 0.875000
vt 0.500000 0.046875
vt 0.500000 0.453125
vt 0.500000 0.859375
vt 0.500000 0.031250
vt 0.500000 0.437500
vt 0.500000 0.843750
vt 0.500000 0.015625
vt 0.500000 0.421875
vt 0.500000 0.828125
vt 0.507812 0.000000
vt 0.500000 0.406250
vt 0.500000 0.812500
vt 0.500000 0.390625
vt 0.500000 0.796875
vt 0.500000 0.375000
vt 0.500000 0.781250
vt 0.500000 0.359375
vt 0.500000 0.765625
vt 0.500000 0.343750
vt 0.500000 0.750000
vt 0.484375 0.296875
vt 0.484375 0.281250
vt 0.484375 0.703125
vt 0.484375 0.687500
vt 0.484375 0.265625
vt 0.484375 0.671875
vt 0.484375 0.250000
vt 0.484375 0.656250
vt 0.484375 0.234375
vt 0.484375 0.640625
vt 0.484375 0.218750
vt 0.484375 0.625000
vt 0.484375 0.203125
vt 0.484375 0.609375
vt 0.484375 0.187500
vt 0.484375 0.593750
vt 0.484375 0.171875
vt 0.484375 0.578125
vt 0.492188 1.000000
vt 0.484375 0.984375
vt 0.484375 0.156250
vt 0.484375 0.562500
vt 0.484375 0.968750
vt 0.484375 0.140625
vt 0.484375 0.546875
vt 0.484375 0.953125
vt 0.484375 0.125000
vt 0.484375 0.531250
vt 0.484375 0.937500
vt 0.484375 0.109375
vt 0.484375 0.515625
vt 0.484375 0.921875
vt 0.484375 0.093750
vt 0.484375 0.500000
vt 0.484375 0.906250
vt 0.484375 0.078125
vt 0.484375 0.484375
vt 0.484375 0.890625
vt 0.484375 0.062500
vt 0.484375 0.468750
vt 0.484375 0.875000
vt 0.484375 0.046875
vt 0.484375 0.453125
vt 0.484375 0.859375
vt 0.484375 0.031250
vt 0.484375 0.437500
vt 0.484375 0.843750
vt 0.484375 0.015625
vt 0.484375 0.421875
vt 0.484375 0.828125
vt 0.492188 0.000000
vt 0.484375 0.406250
vt 0.484375 0.812500
vt 0.484375 0.390625
vt 0.484375 0.796875
vt 0.484375 0.375000
vt 0.484375 0.781250
vt 0.484375 0.359375
vt 0.484375 0.765625
vt 0.484375 0.343750
vt 0.484375 0.750000
vt 0.484375 0.328125
vt 0.484375 0.734375
vt 0.484375 0.312500
vt 0.484375 0.718750
vt 0.468750 0.265625
vt 0.468750 0.250000
vt 0.468750 0.671875
vt 0.468750 0.656250
vt 0.468750 0.234375
vt 0.468750 0.640625
vt 0.468750 0.218750
vt 0.468750 0.625000
vt 0.468750 0.203125
vt 0.468750 0.609375
vt 0.468750 0.187500
vt 0.468750 0.593750
vt 0.468750 0.171875
vt 0.468750 0.578125
vt 0.476562 1.000000
vt 0.468750 0.984375
vt 0.468750 0.156250
vt 0.468750 0.562500
vt 0.468750 0.968750
vt 0.468750 0.140625
vt 0.468750 0.546875
vt 0.468750 0.953125
vt 0.468750 0.125000
vt 0.468750 0.531250
vt 0.468750 0.937500
vt 0.468750 0.109375
vt 0.468750 0.515625
vt 0.468750 0.921875
vt 0.468750 0.093750
vt 0.468750 0.500000
vt 0.468750 0.906250
vt 0.468750 0.078125
vt 0.468750 0.484375
vt 0.468750 0.890625
vt 0.468750 0.062500
vt 0.468750 0.468750
vt 0.468750 0.875000
vt 0.468750 0.046875
vt 0.468750 0.453125
vt 0.468750 0.859375
vt 0.468750 0.031250
vt 0.468750 0.437500
vt 0.468750 0.843750
vt 0.468750 0.015625
vt 0.468750 0.421875
vt 0.468750 0.828125
vt 0.476562 0.000000
vt 0.468750 0.406250
vt 0.468750 0.812500
vt 0.468750 0.390625
vt 0.468750 0.796875
vt 0.468750 0.375000
vt 0.468750 0.781250
vt 0.468750 0.359375
vt 0.468750 0.765625
vt 0.468750 0.343750
vt 0.468750 0.750000
vt 0.468750 0.328125
vt 0.468750 0.734375
vt 0.468750 0.312500
vt 0.468750 0.718750
vt 0.468750 0.296875
vt 0.468750 0.703125
vt 0.468750 0.281250
vt 0.468750 0.687500
vt 0.453125 0.234375
vt 0.453125 0.218750
vt 0.453125 0.640625
vt 0.453125 0.625000
vt 0.453125 0.203125
vt 0.453125 0.609375
vt 0.453125 0.187500
vt 0.453125 0.593750
vt 0.453125 0.171875
vt 0.453125 0.578125
vt 0.460938 1.000000
vt 0.453125 0.984375
vt 0.453125 0.156250
vt 0.453125 0.562500
vt 0.453125 0.968750
vt 0.453125 0.140625
vt 0.453125 0.546875
vt 0.453125 0.953125
vt 0.453125 0.125000
vt 0.453125 0.531250
vt 0.453125 0.937500
vt 0.453125 0.109375
vt 0.453125 0.515625
vt 0.453125 0.921875
vt 0.453125 0.093750
vt 0.453125 0.500000
vt 0.453125 0.906250
vt 0.453125 0.078125
vt 0.453125 0.484375
vt 0.453125 0.890625
vt 0.453125 0.062500
vt 0.453125 0.468750
vt 0.453125 0.875000
vt 0.453125 0.046875
vt 0.453125 0.453125
vt 0.453125 0.859375
vt 0.453125 0.031250
vt 0.453125 0.437500
vt 0.453125 0.843750
vt 0.453125 0.015625
vt 0.453125 0.421875
vt 0.453125 0.828125
vt 0.460938 0.000000
vt 0.453125 0.406250
vt 0.453125 0.812500
vt 0.453125 0.390625
vt 0.453125 0.796875
vt 0.453125 0.375000
vt 0.453125 0.781250
vt 0.453125 0.359375
vt 0.453125 0.765625
vt 0.453125 0.343750
vt 0.453125 0.750000
vt 0.453125 0.328125
vt 0.453125 0.734375
vt 0.453125 0.312500
vt 0.453125 0.718750
vt 0.453125 0.296875
vt 0.453125 0.703125
vt 0.453125 0.281250
vt 0.453125 0.687500
vt 0.453125 0.265625
vt 0.453125 0.671875
vt 0.453125 0.250000
vt 0.453125 0.656250
vt 0.437500 0.203125
vt 0.437500 0.187500
vt 0.437500 0.609375
vt 0.437500 0.593750
vt 0.437500 0.171875
vt 0.437500 0.578125
vt 0.445312 1.000000
vt 0.437500 0.984375
vt 0.437500 0.156250
vt 0.437500 0.562500
vt 0.437500 0.968750
vt 0.437500 0.140625
vt 0.437500 0.546875
vt 0.437500 0.953125
vt 0.437500 0.125000
vt 0.437500 0.531250
vt 0.437500 0.937500
vt 0.437500 0.109375
vt 0.437500 0.515625
vt 0.437500 0.921875
vt 0.437500 0.093750
vt 0.437500 0.500000
vt 0.437500 0.906250
vt 0.437500 0.078125
vt 0.437500 0.484375
vt 0.437500 0.890625
vt 0.437500 0.062500
vt 0.437500 0.468750
vt 0.437500 0.875000
vt 0.437500 0.046875
vt 0.437500 0.453125
vt 0.437500 0.859375
vt 0.437500 0.031250
vt 0.437500 0.437500
vt 0.437500 0.843750
vt 0.437500 0.015625
vt 0.437500 0.421875
vt 0.437500 0.828125
vt 0.445312 0.000000
vt 0.437500 0.406250
vt 0.437500 0.812500
vt 0.437500 0.390625
vt 0.437500 0.796875
vt 0.437500 0.375000
vt 0.437500 0.781250
vt 0.437500 0.359375
vt 0.437500 0.765625
vt 0.437500 0.343750
vt 0.437500 0.750000
vt 0.437500 0.328125
vt 0.437500 0.734375
vt 0.437500 0.312500
vt 0.437500 0.718750
vt 0.437500 0.296875
vt 0.437500 0.703125
vt 0.437500 0.281250
vt 0.437500 0.687500
vt 0.437500 0.265625
vt 0.437500 0.671875
vt 0.437500 0.250000
vt 0.437500 0.656250
vt 0.437500 0.234375
vt 0.437500 0.640625
vt 0.437500 0.218750
vt 0.437500 0.625000
vt 0.429688 1.000000
vt 0.421875 0.984375
vt 0.421875 0.171875
vt 0.421875 0.156250
vt 0.421875 0.578125
vt 0.421875 0.562500
vt 0.421875 0.968750
vt 0.421875 0.140625
vt 0.421875 0.546875
vt 0.421875 0.953125
vt 0.421875 0.125000
vt 0.421875 0.531250
vt 0.421875 0.937500
vt 0.421875 0.109375
vt 0.421875 0.515625
vt 0.421875 0.921875
vt 0.421875 0.093750
vt 0.421875 0.500000
vt 0.421875 0.906250
vt 0.421875 0.078125
vt 0.421875 0.484375
vt 0.421875 0.890625
vt 0.421875 0.062500
vt 0.421875 0.468750
vt 0.421875 0.875000
vt 0.421875 0.046875
vt 0.421875 0.453125
vt 0.421875 0.859375
vt 0.421875 0.031250
vt 0.421875 0.437500
vt 0.421875 0.843750
vt 0.421875 0.015625
vt 0.421875 0.421875
vt 0.421875 0.828125
vt 0.429688 0.000000
vt 0.421875 0.406250
vt 0.421875 0.812500
vt 0.421875 0.390625
vt 0.421875 0.796875
vt 0.421875 0.375000
vt 0.421875 0.781250
vt 0.421875 0.359375
vt 0.421875 0.765625
vt 0.421875 0.343750
vt 0.421875 0.750000
vt 0.421875 0.328125
vt 0.421875 0.734375
vt 0.421875 0.312500
vt 0.421875 0.718750
vt 0.421875 0.296875
vt 0.421875 0.703125
vt 0.421875 0.281250
vt 0.421875 0.687500
vt 0.421875 0.265625
vt 0.421875 0.671875
vt 0.421875 0.250000
vt 0.421875 0.656250
vt 0.421875 0.234375
vt 0.421875 0.640625
vt 0.421875 0.218750
vt 0.421875 0.625000
vt 0.421875 0.203125
vt 0.421875 0.609375
vt 0.421875 0.187500
vt 0.421875 0.593750
vt 0.406250 0.968750
vt 0.406250 0.953125
vt 0.406250 0.140625
vt 0.406250 0.125000
vt 0.406250 0.546875
vt 0.406250 0.531250
vt 0.406250 0.937500
vt 0.406250 0.109375
vt 0.406250 0.515625
vt 0.406250 0.921875
vt 0.406250 0.093750
vt 0.406250 0.500000
vt 0.406250 0.906250
vt 0.406250 0.078125
vt 0.406250 0.484375
vt 0.406250 0.890625
vt 0.406250 0.062500
vt 0.406250 0.468750
vt 0.406250 0.875000
vt 0.406250 0.046875
vt 0.406250 0.453125
vt 0.406250 0.859375
vt 0.406250 0.031250
vt 0.406250 0.437500
vt 0.406250 0.843750
vt 0.406250 0.015625
vt 0.406250 0.421875
vt 0.406250 0.828125
vt 0.414062 0.000000
vt 0.406250 0.406250
vt 0.406250 0.812500
vt 0.406250 0.390625
vt 0.406250 0.796875
vt 0.406250 0.375000
vt 0.406250 0.781250
vt 0.406250 0.359375
vt 0.406250 0.765625
vt 0.406250 0.343750
vt 0.406250 0.750000
vt 0.406250 0.328125
vt 0.406250 0.734375
vt 0.406250 0.312500
vt 0.406250 0.718750
vt 0.406250 0.296875
vt 0.406250 0.703125
vt 0.406250 0.281250
vt 0.406250 0.687500
vt 0.406250 0.265625
vt 0.406250 0.671875
vt 0.406250 0.250000
vt 0.406250 0.656250
vt 0.406250 0.234375
vt 0.406250 0.640625
vt 0.406250 0.218750
vt 0.406250 0.625000
vt 0.406250 0.203125
vt 0.406250 0.609375
vt 0.406250 0.187500
vt 0.406250 0.593750
vt 0.406250 0.171875
vt 0.406250 0.578125
vt 0.414062 1.000000
vt 0.406250 0.984375
vt 0.406250 0.156250
vt 0.406250 0.562500
vt 0.390625 0.937500
vt 0.390625 0.921875
vt 0.390625 0.109375
vt 0.390625 0.093750
vt 0.390625 0.515625
vt 0.390625 0.500000
vt 0.390625 0.906250
vt 0.390625 0.078125
vt 0.390625 0.484375
vt 0.390625 0.890625
vt 0.390625 0.062500
vt 0.390625 0.468750
vt 0.390625 0.875000
vt 0.390625 0.046875
vt 0.390625 0.453125
vt 0.390625 0.859375
vt 0.390625 0.031250
vt 0.390625 0.437500
vt 0.390625 0.843750
vt 0.390625 0.015625
vt 0.390625 0.421875
vt 0.390625 0.828125
vt 0.398438 0.000000
vt 0.390625 0.406250
vt 0.390625 0.812500
vt 0.390625 0.390625
vt 0.390625 0.796875
vt 0.390625 0.375000
vt 0.390625 0.781250
vt 0.390625 0.359375
vt 0.390625 0.765625
vt 0.390625 0.343750
vt 0.390625 0.750000
vt 0.390625 0.328125
vt 0.390625 0.734375
vt 0.390625 0.312500
vt 0.390625 0.718750
vt 0.390625 0.296875
vt 0.390625 0.703125
vt 0.390625 0.281250
vt 0.390625 0.687500
vt 0.390625 0.265625
vt 0.390625 0.671875
vt 0.390625 0.250000
vt 0.390625 0.656250
vt 0.390625 0.234375
vt 0.390625 0.640625
vt 0.390625 0.218750
vt 0.390625 0.625000
vt 0.390625 0.203125
vt 0.390625 0.609375
vt 0.390625 0.187500
vt 0.390625 0.593750
vt 0.390625 0.171875
vt 0.390625 0.578125
vt 0.398438 1.000000
vt 0.390625 0.984375
vt 0.390625 0.156250
vt 0.390625 0.562500
vt 0.390625 0.968750
vt 0.390625 0.140625
vt 0.390625 0.546875
vt 0.390625 0.953125
vt 0.390625 0.125000
vt 0.390625 0.531250
vt 0.375000 0.906250
vt 0.375000 0.890625
vt 0.375000 0.078125
vt 0.375000 0.062500
vt 0.375000 0.484375
vt 0.375000 0.468750
vt 0.375000 0.875000
vt 0.375000 0.046875
vt 0.375000 0.453125
vt 0.375000 0.859375
vt 0.375000 0.031250
vt 0.375000 0.437500
vt 0.375000 0.843750
vt 0.375000 0.015625
vt 0.375000 0.421875
vt 0.375000 0.828125
vt 0.382812 0.000000
vt 0.375000 0.406250
vt 0.375000 0.812500
vt 0.375000 0.390625
vt 0.375000 0.796875
vt 0.375000 0.375000
vt 0.375000 0.781250
vt 0.375000 0.359375
vt 0.375000 0.765625
vt 0.375000 0.343750
vt 0.375000 0.750000
vt 0.375000 0.328125
vt 0.375000 0.734375
vt 0.375000 0.312500
vt 0.375000 0.718750
vt 0.375000 0.296875
vt 0.375000 0.703125
vt 0.375000 0.281250
vt 0.375000 0.687500
vt 0.375000 0.265625
vt 0.375000 0.671875
vt 0.375000 0.250000
vt 0.375000 0.656250
vt 0.375000 0.234375
vt 0.375000 0.640625
vt 0.375000 0.218750
vt 0.375000 0.625000
vt 0.375000 0.203125
vt 0.375000 0.609375
vt 0.375000 0.187500
vt 0.375000 0.593750
vt 0.375000 0.171875
vt 0.375000 0.578125
vt 0.382812 1.000000
vt 0.375000 0.984375
vt 0.375000 0.156250
vt 0.375000 0.562500
vt 0.375000 0.968750
vt 0.375000 0.140625
vt 0.375000 0.546875
vt 0.375000 0.953125
vt 0.375000 0.125000
vt 0.375000 0.531250
vt 0.375000 0.937500
vt 0.375000 0.109375
vt 0.375000 0.515625
vt 0.375000 0.921875
vt 0.375000 0.093750
vt 0.375000 0.500000
vt 0.359375 0.875000
vt 0.359375 0.859375
vt 0.359375 0.046875
vt 0.359375 0.031250
vt 0.359375 0.453125
vt 0.359375 0.437500
vt 0.359375 0.843750
vt 0.359375 0.015625
vt 0.359375 0.421875
vt 0.359375 0.828125
vt 0.367188 0.000000
vt 0.359375 0.406250
vt 0.359375 0.812500
vt 0.359375 0.390625
vt 0.359375 0.796875
vt 0.359375 0.375000
vt 0.359375 0.781250
vt 0.359375 0.359375
vt 0.359375 0.765625
vt 0.359375 0.343750
vt 0.359375 0.750000
vt 0.359375 0.328125
vt 0.359375 0.734375
vt 0.359375 0.312500
vt 0.359375 0.718750
vt 0.359375 0.296875
vt 0.359375 0.703125
vt 0.359375 0.281250
vt 0.359375 0.687500
vt 0.359375 0.265625
vt 0.359375 0.671875
vt 0.359375 0.250000
vt 0.359375 0.656250
vt 0.359375 0.234375
vt 0.359375 0.640625
vt 0.359375 0.218750
vt 0.359375 0.625000
vt 0.359375 0.203125
vt 0.359375 0.609375
vt 0.359375 0.187500
vt 0.359375 0.593750
vt 0.359375 0.171875
vt 0.359375 0.578125
vt 0.367188 1.000000
vt 0.359375 0.984375
vt 0.359375 0.156250
vt 0.359375 0.562500
vt 0.359375 0.968750
vt 0.359375 0.140625
vt 0.359375 0.546875
vt 0.359375 0.953125
vt 0.359375 0.125000
vt 0.359375 0.531250
vt 0.359375 0.937500
vt 0.359375 0.109375
vt 0.359375 0.515625
vt 0.359375 0.921875
vt 0.359375 0.093750
vt 0.359375 0.500000
vt 0.359375 0.906250
vt 0.359375 0.078125
vt 0.359375 0.484375
vt 0.359375 0.890625
vt 0.359375 0.062500
vt 0.359375 0.468750
vt 0.343750 0.843750
vt 0.343750 0.828125
vt 0.351562 0.000000
vt 0.343750 0.015625
vt 0.343750 0.421875
vt 0.343750 0.406250
vt 0.343750 0.812500
vt 0.343750 0.390625
vt 0.343750 0.796875
vt 0.343750 0.375000
vt 0.343750 0.781250
vt 0.343750 0.359375
vt 0.343750 0.765625
vt 0.343750 0.343750
vt 0.343750 0.750000
vt 0.343750 0.328125
vt 0.343750 0.734375
vt 0.343750 0.312500
vt 0.343750 0.718750
vt 0.343750 0.296875
vt 0.343750 0.703125
vt 0.343750 0.281250
vt 0.343750 0.687500
vt 0.343750 0.265625
vt 0.343750 0.671875
vt 0.343750 0.250000
vt 0.343750 0.656250
vt 0.343750 0.234375
vt 0.343750 0.640625
vt 0.343750 0.218750
vt 0.343750 0.625000
vt 0.343750 0.203125
vt 0.343750 0.609375
vt 0.343750 0.187500
vt 0.343750 0.593750
vt 0.343750 0.171875
vt 0.343750 0.578125
vt 0.351562 1.000000
vt 0.343750 0.984375
vt 0.343750 0.156250
vt 0.343750 0.562500
vt 0.343750 0.968750
vt 0.343750 0.140625
vt 0.343750 0.546875
vt 0.343750 0.953125
vt 0.343750 0.125000
vt 0.343750 0.531250
vt 0.343750 0.937500
vt 0.343750 0.109375
vt 0.343750 0.515625
vt 0.343750 0.921875
vt 0.343750 0.093750
vt 0.343750 0.500000
vt 0.343750 0.906250
vt 0.343750 0.078125
vt 0.343750 0.484375
vt 0.343750 0.890625
vt 0.343750 0.062500
vt 0.343750 0.468750
vt 0.343750 0.875000
vt 0.343750 0.046875
vt 0.343750 0.453125
vt 0.343750 0.859375
vt 0.343750 0.031250
vt 0.343750 0.437500
vt 0.328125 0.078125
vt 0.328125 0.062500
vt 0.328125 0.484375
vt 0.328125 0.468750
vt 0.328125 0.890625
vt 0.328125 0.875000
vt 0.328125 0.046875
vt 0.328125 0.453125
vt 0.328125 0.859375
vt 0.328125 0.031250
vt 0.328125 0.437500
vt 0.328125 0.843750
vt 0.328125 0.015625
vt 0.328125 0.421875
vt 0.328125 0.828125
vt 0.335937 0.000000
vt 0.328125 0.406250
vt 0.328125 0.812500
vt 0.328125 0.390625
vt 0.328125 0.796875
vt 0.328125 0.375000
vt 0.328125 0.781250
vt 0.328125 0.359375
vt 0.328125 0.765625
vt 0.328125 0.343750
vt 0.328125 0.750000
vt 0.328125 0.328125
vt 0.328125 0.734375
vt 0.328125 0.312500
vt 0.328125 0.718750
vt 0.328125 0.296875
vt 0.328125 0.703125
vt 0.328125 0.281250
vt 0.328125 0.687500
vt 0.328125 0.265625
vt 0.328125 0.671875
vt 0.328125 0.250000
vt 0.328125 0.656250
vt 0.328125 0.234375
vt 0.328125 0.640625
vt 0.328125 0.218750
vt 0.328125 0.625000
vt 0.328125 0.203125
vt 0.328125 0.609375
vt 0.328125 0.187500
vt 0.328125 0.593750
vt 0.328125 0.171875
vt 0.328125 0.578125
vt 0.335937 1.000000
vt 0.328125 0.984375
vt 0.328125 0.156250
vt 0.328125 0.562500
vt 0.328125 0.968750
vt 0.328125 0.140625
vt 0.328125 0.546875
vt 0.328125 0.953125
vt 0.328125 0.125000
vt 0.328125 0.531250
vt 0.328125 0.937500
vt 0.328125 0.109375
vt 0.328125 0.515625
vt 0.328125 0.921875
vt 0.328125 0.093750
vt 0.328125 0.500000
vt 0.328125 0.906250
vt 0.312500 0.046875
vt 0.312500 0.031250
vt 0.312500 0.453125
vt 0.312500 0.437500
vt 0.312500 0.859375
vt 0.312500 0.843750
vt 0.312500 0.015625
vt 0.312500 0.421875
vt 0.312500 0.828125
vt 0.320312 0.000000
vt 0.312500 0.406250
vt 0.312500 0.812500
vt 0.312500 0.390625
vt 0.312500 0.796875
vt 0.312500 0.375000
vt 0.312500 0.781250
vt 0.312500 0.359375
vt 0.312500 0.765625
vt 0.312500 0.343750
vt 0.312500 0.750000
vt 0.312500 0.328125
vt 0.312500 0.734375
vt 0.312500 0.312500
vt 0.312500 0.718750
vt 0.312500 0.296875
vt 0.312500 0.703125
vt 0.312500 0.281250
vt 0.312500 0.687500
vt 0.312500 0.265625
vt 0.312500 0.671875
vt 0.312500 0.250000
vt 0.312500 0.656250
vt 0.312500 0.234375
vt 0.312500 0.640625
vt 0.312500 0.218750
vt 0.312500 0.625000
vt 0.312500 0.203125
vt 0.312500 0.609375
vt 0.312500 0.187500
vt 0.312500 0.593750
vt 0.312500 0.171875
vt 0.312500 0.578125
vt 0.320312 1.000000
vt 0.312500 0.984375
vt 0.312500 0.156250
vt 0.312500 0.562500
vt 0.312500 0.968750
vt 0.312500 0.140625
vt 0.312500 0.546875
vt 0.312500 0.953125
vt 0.312500 0.125000
vt 0.312500 0.531250
vt 0.312500 0.937500
vt 0.312500 0.109375
vt 0.312500 0.515625
vt 0.312500 0.921875
vt 0.312500 0.093750
vt 0.312500 0.500000
vt 0.312500 0.906250
vt 0.312500 0.078125
vt 0.312500 0.484375
vt 0.312500 0.890625
vt 0.312500 0.062500
vt 0.312500 0.468750
vt 0.312500 0.875000
vt 0.304688 0.000000
vt 0.296875 0.015625
vt 0.296875 0.421875
vt 0.296875 0.406250
vt 0.296875 0.828125
vt 0.296875 0.812500
vt 0.296875 0.390625
vt 0.296875 0.796875
vt 0.296875 0.375000
vt 0.296875 0.781250
vt 0.296875 0.359375
vt 0.296875 0.765625
vt 0.296875 0.343750
vt 0.296875 0.750000
vt 0.296875 0.328125
vt 0.296875 0.734375
vt 0.296875 0.312500
vt 0.296875 0.718750
vt 0.296875 0.296875
vt 0.296875 0.703125
vt 0.296875 0.281250
vt 0.296875 0.687500
vt 0.296875 0.265625
vt 0.296875 0.671875
vt 0.296875 0.250000
vt 0.296875 0.656250
vt 0.296875 0.234375
vt 0.296875 0.640625
vt 0.296875 0.218750
vt 0.296875 0.625000
vt 0.296875 0.203125
vt 0.296875 0.609375
vt 0.296875 0.187500
vt 0.296875 0.593750
vt 0.296875 0.171875
vt 0.296875 0.578125
vt 0.304688 1.000000
vt 0.296875 0.984375
vt 0.296875 0.156250
vt 0.296875 0.562500
vt 0.296875 0.968750
vt 0.296875 0.140625
vt 0.296875 0.546875
vt 0.296875 0.953125
vt 0.296875 0.125000
vt 0.296875 0.531250
vt 0.296875 0.937500
vt 0.296875 0.109375
vt 0.296875 0.515625
vt 0.296875 0.921875
vt 0.296875 0.093750
vt 0.296875 0.500000
vt 0.296875 0.906250
vt 0.296875 0.078125
vt 0.296875 0.484375
vt 0.296875 0.890625
vt 0.296875 0.062500
vt 0.296875 0.468750
vt 0.296875 0.875000
vt 0.296875 0.046875
vt 0.296875 0.453125
vt 0.296875 0.859375
vt 0.296875 0.031250
vt 0.296875 0.437500
vt 0.296875 0.843750
vt 0.281250 0.390625
vt 0.281250 0.375000
vt 0.281250 0.796875
vt 0.281250 0.781250
vt 0.281250 0.359375
vt 0.281250 0.765625
vt 0.281250 0.343750
vt 0.281250 0.750000
vt 0.281250 0.328125
vt 0.281250 0.734375
vt 0.281250 0.312500
vt 0.281250 0.718750
vt 0.281250 0.296875
vt 0.281250 0.703125
vt 0.281250 0.281250
vt 0.281250 0.687500
vt 0.281250 0.265625
vt 0.281250 0.671875
vt 0.281250 0.250000
vt 0.281250 0.656250
vt 0.281250 0.234375
vt 0.281250 0.640625
vt 0.281250 0.218750
vt 0.281250 0.625000
vt 0.281250 0.203125
vt 0.281250 0.609375
vt 0.281250 0.187500
vt 0.281250 0.593750
vt 0.281250 0.171875
vt 0.281250 0.578125
vt 0.289062 1.000000
vt 0.281250 0.984375
vt 0.281250 0.156250
vt 0.281250 0.562500
vt 0.281250 0.968750
vt 0.281250 0.140625
vt 0.281250 0.546875
vt 0.281250 0.953125
vt 0.281250 0.125000
vt 0.281250 0.531250
vt 0.281250 0.937500
vt 0.281250 0.109375
vt 0.281250 0.515625
vt 0.281250 0.921875
vt 0.281250 0.093750
vt 0.281250 0.500000
vt 0.281250 0.906250
vt 0.281250 0.078125
vt 0.281250 0.484375
vt 0.281250 0.890625
vt 0.281250 0.062500
vt 0.281250 0.468750
vt 0.281250 0.875000
vt 0.281250 0.046875
vt 0.281250 0.453125
vt 0.281250 0.859375
vt 0.281250 0.031250
vt 0.281250 0.437500
vt 0.281250 0.843750
vt 0.281250 0.015625
vt 0.281250 0.421875
vt 0.281250 0.828125
vt 0.289062 0.000000
vt 0.281250 0.406250
vt 0.281250 0.812500
vt 0.265625 0.359375
vt 0.265625 0.343750
vt 0.265625 0.765625
vt 0.265625 0.750000
vt 0.265625 0.328125
vt 0.265625 0.734375
vt 0.265625 0.312500
vt 0.265625 0.718750
vt 0.265625 0.296875
vt 0.265625 0.703125
vt 0.265625 0.281250
vt 0.265625 0.687500
vt 0.265625 0.265625
vt 0.265625 0.671875
vt 0.265625 0.250000
vt 0.265625 0.656250
vt 0.265625 0.234375
vt 0.265625 0.640625
vt 0.265625 0.218750
vt 0.265625 0.625000
vt 0.265625 0.203125
vt 0.265625 0.609375
vt 0.265625 0.187500
vt 0.265625 0.593750
vt 0.265625 0.171875
vt 0.265625 0.578125
vt 0.273438 1.000000
vt 0.265625 0.984375
vt 0.265625 0.156250
vt 0.265625 0.562500
vt 0.265625 0.968750
vt 0.265625 0.140625
vt 0.265625 0.546875
vt 0.265625 0.953125
vt 0.265625 0.125000
vt 0.265625 0.531250
vt 0.265625 0.937500
vt 0.265625 0.109375
vt 0.265625 0.515625
vt 0.265625 0.921875
vt 0.265625 0.093750
vt 0.265625 0.500000
vt 0.265625 0.906250
vt 0.265625 0.078125
vt 0.265625 0.484375
vt 0.265625 0.890625
vt 0.265625 0.062500
vt 0.265625 0.468750
vt 0.265625 0.875000
vt 0.265625 0.046875
vt 0.265625 0.453125
vt 0.265625 0.859375
vt 0.265625 0.031250
vt 0.265625 0.437500
vt 0.265625 0.843750
vt 0.265625 0.015625
vt 0.265625 0.421875
vt 0.265625 0.828125
vt 0.273438 0.000000
vt 0.265625 0.406250
vt 0.265625 0.812500
vt 0.265625 0.390625
vt 0.265625 0.796875
vt 0.265625 0.375000
vt 0.265625 0.781250
vt 0.250000 0.328125
vt 0.250000 0.312500
vt 0.250000 0.734375
vt 0.250000 0.718750
vt 0.250000 0.296875
vt 0.250000 0.703125
vt 0.250000 0.281250
vt 0.250000 0.687500
vt 0.250000 0.265625
vt 0.250000 0.671875
vt 0.250000 0.250000
vt 0.250000 0.656250
vt 0.250000 0.234375
vt 0.250000 0.640625
vt 0.250000 0.218750
vt 0.250000 0.625000
vt 0.250000 0.203125
vt 0.250000 0.609375
vt 0.250000 0.187500
vt 0.250000 0.593750
vt 0.250000 0.171875
vt 0.250000 0.578125
vt 0.257812 1.000000
vt 0.250000 0.984375
vt 0.250000 0.156250
vt 0.250000 0.562500
vt 0.250000 0.968750
vt 0.250000 0.140625
vt 0.250000 0.546875
vt 0.250000 0.953125
vt 0.250000 0.125000
vt 0.250000 0.531250
vt 0.250000 0.937500
vt 0.250000 0.109375
vt 0.250000 0.515625
vt 0.250000 0.921875
vt 0.250000 0.093750
vt 0.250000 0.500000
vt 0.250000 0.906250
vt 0.250000 0.078125
vt 0.250000 0.484375
vt 0.250000 0.890625
vt 0.250000 0.062500
vt 0.250000 0.468750
vt 0.250000 0.875000
vt 0.250000 0.046875
vt 0.250000 0.453125
vt 0.250000 0.859375
vt 0.250000 0.031250
vt 0.250000 0.437500
vt 0.250000 0.843750
vt 0.250000 0.015625
vt 0.250000 0.421875
vt 0.250000 0.828125
vt 0.257812 0.000000
vt 0.250000 0.406250
vt 0.250000 0.812500
vt 0.250000 0.390625
vt 0.250000 0.796875
vt 0.250000 0.375000
vt 0.250000 0.781250
vt 0.250000 0.359375
vt 0.250000 0.765625
vt 0.250000 0.343750
vt 0.250000 0.750000
vt 0.234375 0.296875
vt 0.234375 0.281250
vt 0.234375 0.703125
vt 0.234375 0.687500
vt 0.234375 0.265625
vt 0.234375 0.671875
vt 0.234375 0.250000
vt 0.234375 0.656250
vt 0.234375 0.234375
vt 0.234375 0.640625
vt 0.234375 0.218750
vt 0.234375 0.625000
vt 0.234375 0.203125
vt 0.234375 0.609375
vt 0.234375 0.187500
vt 0.234375 0.593750
vt 0.234375 0.171875
vt 0.234375 0.578125
vt 0.242187 1.000000
vt 0.234375 0.984375
vt 0.234375 0.156250
vt 0.234375 0.562500
vt 0.234375 0.968750
vt 0.234375 0.140625
vt 0.234375 0.546875
vt 0.234375 0.953125
vt 0.234375 0.125000
vt 0.234375 0.531250
vt 0.234375 0.937500
vt 0.234375 0.109375
vt 0.234375 0.515625
vt 0.234375 0.921875
vt 0.234375 0.093750
vt 0.234375 0.500000
vt 0.234375 0.906250
vt 0.234375 0.078125
vt 0.234375 0.484375
vt 0.234375 0.890625
vt 0.234375 0.062500
vt 0.234375 0.468750
vt 0.234375 0.875000
vt 0.234375 0.046875
vt 0.234375 0.453125
vt 0.234375 0.859375
vt 0.234375 0.031250
vt 0.234375 0.437500
vt 0.234375 0.843750
vt 0.234375 0.015625
vt 0.234375 0.421875
vt 0.234375 0.828125
vt 0.242187 0.000000
vt 0.234375 0.406250
vt 0.234375 0.812500
vt 0.234375 0.390625
vt 0.234375 0.796875
vt 0.234375 0.375000
vt 0.234375 0.781250
vt 0.234375 0.359375
vt 0.234375 0.765625
vt 0.234375 0.343750
vt 0.234375 0.750000
vt 0.234375 0.328125
vt 0.234375 0.734375
vt 0.234375 0.312500
vt 0.234375 0.718750
vt 0.218750 0.265625
vt 0.218750 0.250000
vt 0.218750 0.671875
vt 0.218750 0.656250
vt 0.218750 0.234375
vt 0.218750 0.640625
vt 0.218750 0.218750
vt 0.218750 0.625000
vt 0.218750 0.203125
vt 0.218750 0.609375
vt 0.218750 0.187500
vt 0.218750 0.593750
vt 0.218750 0.171875
vt 0.218750 0.578125
vt 0.226562 1.000000
vt 0.218750 0.984375
vt 0.218750 0.156250
vt 0.218750 0.562500
vt 0.218750 0.968750
vt 0.218750 0.140625
vt 0.218750 0.546875
vt 0.218750 0.953125
vt 0.218750 0.125000
vt 0.218750 0.531250
vt 0.218750 0.937500
vt 0.218750 0.109375
vt 0.218750 0.515625
vt 0.218750 0.921875
vt 0.218750 0.093750
vt 0.218750 0.500000
vt 0.218750 0.906250
vt 0.218750 0.078125
vt 0.218750 0.484375
vt 0.218750 0.890625
vt 0.218750 0.062500
vt 0.218750 0.468750
vt 0.218750 0.875000
vt 0.218750 0.046875
vt 0.218750 0.453125
vt 0.218750 0.859375
vt 0.218750 0.031250
vt 0.218750 0.437500
vt 0.218750 0.843750
vt 0.218750 0.015625
vt 0.218750 0.421875
vt 0.218750 0.828125
vt 0.226562 0.000000
vt 0.218750 0.406250
vt 0.218750 0.812500
vt 0.218750 0.390625
vt 0.218750 0.796875
vt 0.218750 0.375000
vt 0.218750 0.781250
vt 0.218750 0.359375
vt 0.218750 0.765625
vt 0.218750 0.343750
vt 0.218750 0.750000
vt 0.218750 0.328125
vt 0.218750 0.734375
vt 0.218750 0.312500
vt 0.218750 0.718750
vt 0.218750 0.296875
vt 0.218750 0.703125
vt 0.218750 0.281250
vt 0.218750 0.687500
vt 0.203125 0.234375
vt 0.203125 0.218750
vt 0.203125 0.640625
vt 0.203125 0.625000
vt 0.203125 0.203125
vt 0.203125 0.609375
vt 0.203125 0.187500
vt 0.203125 0.593750
vt 0.203125 0.171875
vt 0.203125 0.578125
vt 0.210938 1.000000
vt 0.203125 0.984375
vt 0.203125 0.156250
vt 0.203125 0.562500
vt 0.203125 0.968750
vt 0.203125 0.140625
vt 0.203125 0.546875
vt 0.203125 0.953125
vt 0.203125 0.125000
vt 0.203125 0.531250
vt 0.203125 0.937500
vt 0.203125 0.109375
vt 0.203125 0.515625
vt 0.203125 0.921875
vt 0.203125 0.093750
vt 0.203125 0.500000
vt 0.203125 0.906250
vt 0.203125 0.078125
vt 0.203125 0.484375
vt 0.203125 0.890625
vt 0.203125 0.062500
vt 0.203125 0.468750
vt 0.203125 0.875000
vt 0.203125 0.046875
vt 0.203125 0.453125
vt 0.203125 0.859375
vt 0.203125 0.031250
vt 0.203125 0.437500
vt 0.203125 0.843750
vt 0.203125 0.015625
vt 0.203125 0.421875
vt 0.203125 0.828125
vt 0.210938 0.000000
vt 0.203125 0.406250
vt 0.203125 0.812500
vt 0.203125 0.390625
vt 0.203125 0.796875
vt 0.203125 0.375000
vt 0.203125 0.781250
vt 0.203125 0.359375
vt 0.203125 0.765625
vt 0.203125 0.343750
vt 0.203125 0.750000
vt 0.203125 0.328125
vt 0.203125 0.734375
vt 0.203125 0.312500
vt 0.203125 0.718750
vt 0.203125 0.296875
vt 0.203125 0.703125
vt 0.203125 0.281250
vt 0.203125 0.687500
vt 0.203125 0.265625
vt 0.203125 0.671875
vt 0.203125 0.250000
vt 0.203125 0.656250
vt 0.187500 0.203125
vt 0.187500 0.187500
vt 0.187500 0.609375
vt 0.187500 0.593750
vt 0.187500 0.171875
vt 0.187500 0.578125
vt 0.195312 1.000000
vt 0.187500 0.984375
vt 0.187500 0.156250
vt 0.187500 0.562500
vt 0.187500 0.968750
vt 0.187500 0.140625
vt 0.187500 0.546875
vt 0.187500 0.953125
vt 0.187500 0.125000
vt 0.187500 0.531250
vt 0.187500 0.937500
vt 0.187500 0.109375
vt 0.187500 0.515625
vt 0.187500 0.921875
vt 0.187500 0.093750
vt 0.187500 0.500000
vt 0.187500 0.906250
vt 0.187500 0.078125
vt 0.187500 0.484375
vt 0.187500 0.890625
vt 0.187500 0.062500
vt 0.187500 0.468750
vt 0.187500 0.875000
vt 0.187500 0.046875
vt 0.187500 0.453125
vt 0.187500 0.859375
vt 0.187500 0.031250
vt 0.187500 0.437500
vt 0.187500 0.843750
vt 0.187500 0.015625
vt 0.187500 0.421875
vt 0.187500 0.828125
vt 0.195312 0.000000
vt 0.187500 0.406250
vt 0.187500 0.812500
vt 0.187500 0.390625
vt 0.187500 0.796875
vt 0.187500 0.375000
vt 0.187500 0.781250
vt 0.187500 0.359375
vt 0.187500 0.765625
vt 0.187500 0.343750
vt 0.187500 0.750000
vt 0.187500 0.328125
vt 0.187500 0.734375
vt 0.187500 0.312500
vt 0.187500 0.718750
vt 0.187500 0.296875
vt 0.187500 0.703125
vt 0.187500 0.281250
vt 0.187500 0.687500
vt 0.187500 0.265625
vt 0.187500 0.671875
vt 0.187500 0.250000
vt 0.187500 0.656250
vt 0.187500 0.234375
vt 0.187500 0.640625
vt 0.187500 0.218750
vt 0.187500 0.625000
vt 0.179687 1.000000
vt 0.171875 0.984375
vt 0.171875 0.171875
vt 0.171875 0.156250
vt 0.171875 0.578125
vt 0.171875 0.562500
vt 0.171875 0.968750
vt 0.171875 0.140625
vt 0.171875 0.546875
vt 0.171875 0.953125
vt 0.171875 0.125000
vt 0.171875 0.531250
vt 0.171875 0.937500
vt 0.171875 0.109375
vt 0.171875 0.515625
vt 0.171875 0.921875
vt 0.171875 0.093750
vt 0.171875 0.500000
vt 0.171875 0.906250
vt 0.171875 0.078125
vt 0.171875 0.484375
vt 0.171875 0.890625
vt 0.171875 0.062500
vt 0.171875 0.468750
vt 0.171875 0.875000
vt 0.171875 0.046875
vt 0.171875 0.453125
vt 0.171875 0.859375
vt 0.171875 0.031250
vt 0.171875 0.437500
vt 0.171875 0.843750
vt 0.171875 0.015625
vt 0.171875 0.421875
vt 0.171875 0.828125
vt 0.179687 0.000000
vt 0.171875 0.406250
vt 0.171875 0.812500
vt 0.171875 0.390625
vt 0.171875 0.796875
vt 0.171875 0.375000
vt 0.171875 0.781250
vt 0.171875 0.359375
vt 0.171875 0.765625
vt 0.171875 0.343750
vt 0.171875 0.750000
vt 0.171875 0.328125
vt 0.171875 0.734375
vt 0.171875 0.312500
vt 0.171875 0.718750
vt 0.171875 0.296875
vt 0.171875 0.703125
vt 0.171875 0.281250
vt 0.171875 0.687500
vt 0.171875 0.265625
vt 0.171875 0.671875
vt 0.171875 0.250000
vt 0.171875 0.656250
vt 0.171875 0.234375
vt 0.171875 0.640625
vt 0.171875 0.218750
vt 0.171875 0.625000
vt 0.171875 0.203125
vt 0.171875 0.609375
vt 0.171875 0.187500
vt 0.171875 0.593750
vt 0.156250 0.968750
vt 0.156250 0.953125
vt 0.156250 0.140625
vt 0.156250 0.125000
vt 0.156250 0.546875
vt 0.156250 0.531250
vt 0.156250 0.937500
vt 0.156250 0.109375
vt 0.156250 0.515625
vt 0.156250 0.921875
vt 0.156250 0.093750
vt 0.156250 0.500000
vt 0.156250 0.906250
vt 0.156250 0.078125
vt 0.156250 0.484375
vt 0.156250 0.890625
vt 0.156250 0.062500
vt 0.156250 0.468750
vt 0.156250 0.875000
vt 0.156250 0.046875
vt 0.156250 0.453125
vt 0.156250 0.859375
vt 0.156250 0.031250
vt 0.156250 0.437500
vt 0.156250 0.843750
vt 0.156250 0.015625
vt 0.156250 0.421875
vt 0.156250 0.828125
vt 0.164062 0.000000
vt 0.156250 0.406250
vt 0.156250 0.812500
vt 0.156250 0.390625
vt 0.156250 0.796875
vt 0.156250 0.375000
vt 0.156250 0.781250
vt 0.156250 0.359375
vt 0.156250 0.765625
vt 0.156250 0.343750
vt 0.156250 0.750000
vt 0.156250 0.328125
vt 0.156250 0.734375
vt 0.156250 0.312500
vt 0.156250 0.718750
vt 0.156250 0.296875
vt 0.156250 0.703125
vt 0.156250 0.281250
vt 0.156250 0.687500
vt 0.156250 0.265625
vt 0.156250 0.671875
vt 0.156250 0.250000
vt 0.156250 0.656250
vt 0.156250 0.234375
vt 0.156250 0.640625
vt 0.156250 0.218750
vt 0.156250 0.625000
vt 0.156250 0.203125
vt 0.156250 0.609375
vt 0.156250 0.187500
vt 0.156250 0.593750
vt 0.156250 0.171875
vt 0.156250 0.578125
vt 0.164062 1.000000
vt 0.156250 0.984375
vt 0.156250 0.156250
vt 0.156250 0.562500
vt 0.140625 0.937500
vt 0.140625 0.921875
vt 0.140625 0.109375
vt 0.140625 0.093750
vt 0.140625 0.515625
vt 0.140625 0.500000
vt 0.140625 0.906250
vt 0.140625 0.078125
vt 0.140625 0.484375
vt 0.140625 0.890625
vt 0.140625 0.062500
vt 0.140625 0.468750
vt 0.140625 0.875000
vt 0.140625 0.046875
vt 0.140625 0.453125
vt 0.140625 0.859375
vt 0.140625 0.031250
vt 0.140625 0.437500
vt 0.140625 0.843750
vt 0.140625 0.015625
vt 0.140625 0.421875
vt 0.140625 0.828125
vt 0.148437 0.000000
vt 0.140625 0.406250
vt 0.140625 0.812500
vt 0.140625 0.390625
vt 0.140625 0.796875
vt 0.140625 0.375000
vt 0.140625 0.781250
vt 0.140625 0.359375
vt 0.140625 0.765625
vt 0.140625 0.343750
vt 0.140625 0.750000
vt 0.140625 0.328125
vt 0.140625 0.734375
vt 0.140625 0.312500
vt 0.140625 0.718750
vt 0.140625 0.296875
vt 0.140625 0.703125
vt 0.140625 0.281250
vt 0.140625 0.687500
vt 0.140625 0.265625
vt 0.140625 0.671875
vt 0.140625 0.250000
vt 0.140625 0.656250
vt 0.140625 0.234375
vt 0.140625 0.640625
vt 0.140625 0.218750
vt 0.140625 0.625000
vt 0.140625 0.203125
vt 0.140625 0.609375
vt 0.140625 0.187500
vt 0.140625 0.593750
vt 0.140625 0.171875
vt 0.140625 0.578125
vt 0.148437 1.000000
vt 0.140625 0.984375
vt 0.140625 0.156250
vt 0.140625 0.562500
vt 0.140625 0.968750
vt 0.140625 0.140625
vt 0.140625 0.546875
vt 0.140625 0.953125
vt 0.140625 0.125000
vt 0.140625 0.531250
vt 0.125000 0.312500
vt 0.125000 0.296875
vt 0.125000 0.718750
vt 0.125000 0.703125
vt 0.125000 0.281250
vt 0.125000 0.687500
vt 0.125000 0.265625
vt 0.125000 0.671875
vt 0.125000 0.250000
vt 0.125000 0.656250
vt 0.125000 0.234375
vt 0.125000 0.640625
vt 0.125000 0.218750
vt 0.125000 0.625000
vt 0.125000 0.203125
vt 0.125000 0.609375
vt 0.125000 0.187500
vt 0.125000 0.593750
vt 0.125000 0.171875
vt 0.125000 0.578125
vt 0.132812 1.000000
vt 0.125000 0.984375
vt 0.125000 0.156250
vt 0.125000 0.562500
vt 0.125000 0.968750
vt 0.125000 0.140625
vt 0.125000 0.546875
vt 0.125000 0.953125
vt 0.125000 0.125000
vt 0.125000 0.531250
vt 0.125000 0.937500
vt 0.125000 0.109375
vt 0.125000 0.515625
vt 0.125000 0.921875
vt 0.125000 0.093750
vt 0.125000 0.500000
vt 0.125000 0.906250
vt 0.125000 0.078125
vt 0.125000 0.484375
vt 0.125000 0.890625
vt 0.125000 0.062500
vt 0.125000 0.468750
vt 0.125000 0.875000
vt 0.125000 0.046875
vt 0.125000 0.453125
vt 0.125000 0.859375
vt 0.125000 0.031250
vt 0.125000 0.437500
vt 0.125000 0.843750
vt 0.125000 0.015625
vt 0.125000 0.421875
vt 0.125000 0.828125
vt 0.132812 0.000000
vt 0.125000 0.406250
vt 0.125000 0.812500
vt 0.125000 0.390625
vt 0.125000 0.796875
vt 0.125000 0.375000
vt 0.125000 0.781250
vt 0.125000 0.359375
vt 0.125000 0.765625
vt 0.125000 0.343750
vt 0.125000 0.750000
vt 0.125000 0.328125
vt 0.125000 0.734375
vt 0.109375 0.281250
vt 0.109375 0.265625
vt 0.109375 0.687500
vt 0.109375 0.671875
vt 0.109375 0.250000
vt 0.109375 0.656250
vt 0.109375 0.234375
vt 0.109375 0.640625
vt 0.109375 0.218750
vt 0.109375 0.625000
vt 0.109375 0.203125
vt 0.109375 0.609375
vt 0.109375 0.187500
vt 0.109375 0.593750
vt 0.109375 0.171875
vt 0.109375 0.578125
vt 0.117188 1.000000
vt 0.109375 0.984375
vt 0.109375 0.156250
vt 0.109375 0.562500
vt 0.109375 0.968750
vt 0.109375 0.140625
vt 0.109375 0.546875
vt 0.109375 0.953125
vt 0.109375 0.125000
vt 0.109375 0.531250
vt 0.109375 0.937500
vt 0.109375 0.109375
vt 0.109375 0.515625
vt 0.109375 0.921875
vt 0.109375 0.093750
vt 0.109375 0.500000
vt 0.109375 0.906250
vt 0.109375 0.078125
vt 0.109375 0.484375
vt 0.109375 0.890625
vt 0.109375 0.062500
vt 0.109375 0.468750
vt 0.109375 0.875000
vt 0.109375 0.046875
vt 0.109375 0.453125
vt 0.109375 0.859375
vt 0.109375 0.031250
vt 0.109375 0.437500
vt 0.109375 0.843750
vt 0.109375 0.015625
vt 0.109375 0.421875
vt 0.109375 0.828125
vt 0.117188 0.000000
vt 0.109375 0.406250
vt 0.109375 0.812500
vt 0.109375 0.390625
vt 0.109375 0.796875
vt 0.109375 0.375000
vt 0.109375 0.781250
vt 0.109375 0.359375
vt 0.109375 0.765625
vt 0.109375 0.343750
vt 0.109375 0.750000
vt 0.109375 0.328125
vt 0.109375 0.734375
vt 0.109375 0.312500
vt 0.109375 0.718750
vt 0.109375 0.296875
vt 0.109375 0.703125
vt 0.093750 0.250000
vt 0.093750 0.234375
vt 0.093750 0.656250
vt 0.093750 0.640625
vt 0.093750 0.218750
vt 0.093750 0.625000
vt 0.093750 0.203125
vt 0.093750 0.609375
vt 0.093750 0.187500
vt 0.093750 0.593750
vt 0.093750 0.171875
vt 0.093750 0.578125
vt 0.101562 1.000000
vt 0.093750 0.984375
vt 0.093750 0.156250
vt 0.093750 0.562500
vt 0.093750 0.968750
vt 0.093750 0.140625
vt 0.093750 0.546875
vt 0.093750 0.953125
vt 0.093750 0.125000
vt 0.093750 0.531250
vt 0.093750 0.937500
vt 0.093750 0.109375
vt 0.093750 0.515625
vt 0.093750 0.921875
vt 0.093750 0.093750
vt 0.093750 0.500000
vt 0.093750 0.906250
vt 0.093750 0.078125
vt 0.093750 0.484375
vt 0.093750 0.890625
vt 0.093750 0.062500
vt 0.093750 0.468750
vt 0.093750 0.875000
vt 0.093750 0.046875
vt 0.093750 0.453125
vt 0.093750 0.859375
vt 0.093750 0.031250
vt 0.093750 0.437500
vt 0.093750 0.843750
vt 0.093750 0.015625
vt 0.093750 0.421875
vt 0.093750 0.828125
vt 0.101562 0.000000
vt 0.093750 0.406250
vt 0.093750 0.812500
vt 0.093750 0.390625
vt 0.093750 0.796875
vt 0.093750 0.375000
vt 0.093750 0.781250
vt 0.093750 0.359375
vt 0.093750 0.765625
vt 0.093750 0.343750
vt 0.093750 0.750000
vt 0.093750 0.328125
vt 0.093750 0.734375
vt 0.093750 0.312500
vt 0.093750 0.718750
vt 0.093750 0.296875
vt 0.093750 0.703125
vt 0.093750 0.281250
vt 0.093750 0.687500
vt 0.093750 0.265625
vt 0.093750 0.671875
vt 0.078125 0.218750
vt 0.078125 0.203125
vt 0.078125 0.625000
vt 0.078125 0.609375
vt 0.078125 0.187500
vt 0.078125 0.593750
vt 0.078125 0.171875
vt 0.078125 0.578125
vt 0.085937 1.000000
vt 0.078125 0.984375
vt 0.078125 0.156250
vt 0.078125 0.562500
vt 0.078125 0.968750
vt 0.078125 0.140625
vt 0.078125 0.546875
vt 0.078125 0.953125
vt 0.078125 0.125000
vt 0.078125 0.531250
vt 0.078125 0.937500
vt 0.078125 0.109375
vt 0.078125 0.515625
vt 0.078125 0.921875
vt 0.078125 0.093750
vt 0.078125 0.500000
vt 0.078125 0.906250
vt 0.078125 0.078125
vt 0.078125 0.484375
vt 0.078125 0.890625
vt 0.078125 0.062500
vt 0.078125 0.468750
vt 0.078125 0.875000
vt 0.078125 0.046875
vt 0.078125 0.453125
vt 0.078125 0.859375
vt 0.078125 0.031250
vt 0.078125 0.437500
vt 0.078125 0.843750
vt 0.078125 0.015625
vt 0.078125 0.421875
vt 0.078125 0.828125
vt 0.085937 0.000000
vt 0.078125 0.406250
vt 0.078125 0.812500
vt 0.078125 0.390625
vt 0.078125 0.796875
vt 0.078125 0.375000
vt 0.078125 0.781250
vt 0.078125 0.359375
vt 0.078125 0.765625
vt 0.078125 0.343750
vt 0.078125 0.750000
vt 0.078125 0.328125
vt 0.078125 0.734375
vt 0.078125 0.312500
vt 0.078125 0.718750
vt 0.078125 0.296875
vt 0.078125 0.703125
vt 0.078125 0.281250
vt 0.078125 0.687500
vt 0.078125 0.265625
vt 0.078125 0.671875
vt 0.078125 0.250000
vt 0.078125 0.656250
vt 0.078125 0.234375
vt 0.078125 0.640625
vt 0.062500 0.187500
vt 0.062500 0.171875
vt 0.062500 0.593750
vt 0.062500 0.578125
vt 0.070312 1.000000
vt 0.062500 0.984375
vt 0.062500 0.156250
vt 0.062500 0.562500
vt 0.062500 0.968750
vt 0.062500 0.140625
vt 0.062500 0.546875
vt 0.062500 0.953125
vt 0.062500 0.125000
vt 0.062500 0.531250
vt 0.062500 0.937500
vt 0.062500 0.109375
vt 0.062500 0.515625
vt 0.062500 0.921875
vt 0.062500 0.093750
vt 0.062500 0.500000
vt 0.062500 0.906250
vt 0.062500 0.078125
vt 0.062500 0.484375
vt 0.062500 0.890625
vt 0.062500 0.062500
vt 0.062500 0.468750
vt 0.062500 0.875000
vt 0.062500 0.046875
vt 0.062500 0.453125
vt 0.062500 0.859375
vt 0.062500 0.031250
vt 0.062500 0.437500
vt 0.062500 0.843750
vt 0.062500 0.015625
vt 0.062500 0.421875
vt 0.062500 0.828125
vt 0.070312 0.000000
vt 0.062500 0.406250
vt 0.062500 0.812500
vt 0.062500 0.390625
vt 0.062500 0.796875
vt 0.062500 0.375000
vt 0.062500 0.781250
vt 0.062500 0.359375
vt 0.062500 0.765625
vt 0.062500 0.343750
vt 0.062500 0.750000
vt 0.062500 0.328125
vt 0.062500 0.734375
vt 0.062500 0.312500
vt 0.062500 0.718750
vt 0.062500 0.296875
vt 0.062500 0.703125
vt 0.062500 0.281250
vt 0.062500 0.687500
vt 0.062500 0.265625
vt 0.062500 0.671875
vt 0.062500 0.250000
vt 0.062500 0.656250
vt 0.062500 0.234375
vt 0.062500 0.640625
vt 0.062500 0.218750
vt 0.062500 0.625000
vt 0.062500 0.203125
vt 0.062500 0.609375
vt 0.046875 0.156250
vt 0.046875 0.140625
vt 0.046875 0.562500
vt 0.046875 0.546875
vt 0.046875 0.968750
vt 0.046875 0.953125
vt 0.046875 0.125000
vt 0.046875 0.531250
vt 0.046875 0.937500
vt 0.046875 0.109375
vt 0.046875 0.515625
vt 0.046875 0.921875
vt 0.046875 0.093750
vt 0.046875 0.500000
vt 0.046875 0.906250
vt 0.046875 0.078125
vt 0.046875 0.484375
vt 0.046875 0.890625
vt 0.046875 0.062500
vt 0.046875 0.468750
vt 0.046875 0.875000
vt 0.046875 0.046875
vt 0.046875 0.453125
vt 0.046875 0.859375
vt 0.046875 0.031250
vt 0.046875 0.437500
vt 0.046875 0.843750
vt 0.046875 0.015625
vt 0.046875 0.421875
vt 0.046875 0.828125
vt 0.054688 0.000000
vt 0.046875 0.406250
vt 0.046875 0.812500
vt 0.046875 0.390625
vt 0.046875 0.796875
vt 0.046875 0.375000
vt 0.046875 0.781250
vt 0.046875 0.359375
vt 0.046875 0.765625
vt 0.046875 0.343750
vt 0.046875 0.750000
vt 0.046875 0.328125
vt 0.046875 0.734375
vt 0.046875 0.312500
vt 0.046875 0.718750
vt 0.046875 0.296875
vt 0.046875 0.703125
vt 0.046875 0.281250
vt 0.046875 0.687500
vt 0.046875 0.265625
vt 0.046875 0.671875
vt 0.046875 0.250000
vt 0.046875 0.656250
vt 0.046875 0.234375
vt 0.046875 0.640625
vt 0.046875 0.218750
vt 0.046875 0.625000
vt 0.046875 0.203125
vt 0.046875 0.609375
vt 0.046875 0.187500
vt 0.046875 0.593750
vt 0.046875 0.171875
vt 0.046875 0.578125
vt 0.054688 1.000000
vt 0.046875 0.984375
vt 0.031250 0.125000
vt 0.031250 0.109375
vt 0.031250 0.531250
vt 0.031250 0.515625
vt 0.031250 0.937500
vt 0.031250 0.921875
vt 0.031250 0.093750
vt 0.031250 0.500000
vt 0.031250 0.906250
vt 0.031250 0.078125
vt 0.031250 0.484375
vt 0.031250 0.890625
vt 0.031250 0.062500
vt 0.031250 0.468750
vt 0.031250 0.875000
vt 0.031250 0.046875
vt 0.031250 0.453125
vt 0.031250 0.859375
vt 0.031250 0.031250
vt 0.031250 0.437500
vt 0.031250 0.843750
vt 0.031250 0.015625
vt 0.031250 0.421875
vt 0.031250 0.828125
vt 0.039062 0.000000
vt 0.031250 0.406250
vt 0.031250 0.812500
vt 0.031250 0.390625
vt 0.031250 0.796875
vt 0.031250 0.375000
vt 0.031250 0.781250
vt 0.031250 0.359375
vt 0.031250 0.765625
vt 0.031250 0.343750
vt 0.031250 0.750000
vt 0.031250 0.328125
vt 0.031250 0.734375
vt 0.031250 0.312500
vt 0.031250 0.718750
vt 0.031250 0.296875
vt 0.031250 0.703125
vt 0.031250 0.281250
vt 0.031250 0.687500
vt 0.031250 0.265625
vt 0.031250 0.671875
vt 0.031250 0.250000
vt 0.031250 0.656250
vt 0.031250 0.234375
vt 0.031250 0.640625
vt 0.031250 0.218750
vt 0.031250 0.625000
vt 0.031250 0.203125
vt 0.031250 0.609375
vt 0.031250 0.187500
vt 0.031250 0.593750
vt 0.031250 0.171875
vt 0.031250 0.578125
vt 0.039062 1.000000
vt 0.031250 0.984375
vt 0.031250 0.156250
vt 0.031250 0.562500
vt 0.031250 0.968750
vt 0.031250 0.140625
vt 0.031250 0.546875
vt 0.031250 0.953125
vt 0.015625 0.093750
vt 0.015625 0.078125
vt 0.015625 0.500000
vt 0.015625 0.484375
vt 0.015625 0.906250
vt 0.015625 0.890625
vt 0.015625 0.062500
vt 0.015625 0.468750
vt 0.015625 0.875000
vt 0.015625 0.046875
vt 0.015625 0.453125
vt 0.015625 0.859375
vt 0.015625 0.031250
vt 0.015625 0.437500
vt 0.015625 0.843750
vt 0.015625 0.015625
vt 0.015625 0.421875
vt 0.015625 0.828125
vt 0.023438 0.000000
vt 0.015625 0.406250
vt 0.015625 0.812500
vt 0.015625 0.390625
vt 0.015625 0.796875
vt 0.015625 0.375000
vt 0.015625 0.781250
vt 0.015625 0.359375
vt 0.015625 0.765625
vt 0.015625 0.343750
vt 0.015625 0.750000
vt 0.015625 0.328125
vt 0.015625 0.734375
vt 0.015625 0.312500
vt 0.015625 0.718750
vt 0.015625 0.296875
vt 0.015625 0.703125
vt 0.015625 0.281250
vt 0.015625 0.687500
vt 0.015625 0.265625
vt 0.015625 0.671875
vt 0.015625 0.250000
vt 0.015625 0.656250
vt 0.015625 0.234375
vt 0.015625 0.640625
vt 0.015625 0.218750
vt 0.015625 0.625000
vt 0.015625 0.203125
vt 0.015625 0.609375
vt 0.015625 0.187500
vt 0.015625 0.593750
vt 0.015625 0.171875
vt 0.015625 0.578125
vt 0.023438 1.000000
vt 0.015625 0.984375
vt 0.015625 0.156250
vt 0.015625 0.562500
vt 0.015625 0.968750
vt 0.015625 0.140625
vt 0.015625 0.546875
vt 0.015625 0.953125
vt 0.015625 0.125000
vt 0.015625 0.531250
vt 0.015625 0.937500
vt 0.015625 0.109375
vt 0.015625 0.515625
vt 0.015625 0.921875
vt 0.000000 0.062500
vt 0.000000 0.046875
vt 0.000000 0.468750
vt 0.000000 0.453125
vt 0.000000 0.875000
vt 0.000000 0.859375
vt 0.000000 0.031250
vt 0.000000 0.437500
vt 0.000000 0.843750
vt 0.000000 0.015625
vt 0.000000 0.421875
vt 0.000000 0.828125
vt 0.007812 0.000000
vt 0.000000 0.406250
vt 0.000000 0.812500
vt 0.000000 0.390625
vt 0.000000 0.796875
vt 0.000000 0.375000
vt 0.000000 0.781250
vt 0.000000 0.359375
vt 0.000000 0.765625
vt 0.000000 0.343750
vt 0.000000 0.750000
vt 0.000000 0.328125
vt 0.000000 0.734375
vt 0.000000 0.312500
vt 0.000000 0.718750
vt 0.000000 0.296875
vt 0.000000 0.703125
vt 0.000000 0.281250
vt 0.000000 0.687500
vt 0.000000 0.265625
vt 0.000000 0.671875
vt 0.000000 0.250000
vt 0.000000 0.656250
vt 0.000000 0.234375
vt 0.000000 0.640625
vt 0.000000 0.218750
vt 0.000000 0.625000
vt 0.000000 0.203125
vt 0.000000 0.609375
vt 0.000000 0.187500
vt 0.000000 0.593750
vt 0.000000 0.171875
vt 0.000000 0.578125
vt 0.007812 1.000000
vt 0.000000 0.984375
vt 0.000000 0.156250
vt 0.000000 0.562500
vt 0.000000 0.968750
vt 0.000000 0.140625
vt 0.000000 0.546875
vt 0.000000 0.953125
vt 0.000000 0.125000
vt 0.000000 0.531250
vt 0.000000 0.937500
vt 0.000000 0.109375
vt 0.000000 0.515625
vt 0.000000 0.921875
vt 0.000000 0.093750
vt 0.000000 0.500000
vt 0.000000 0.906250
vt 0.000000 0.078125
vt 0.000000 0.484375
vt 0.000000 0.890625
vt 1.000000 0.015625
vt 1.000000 0.031250
vt 0.984375 0.031250
vt 0.984375 0.015625
vt 1.000000 0.421875
vt 1.000000 0.437500
vt 0.984375 0.437500
vt 0.984375 0.421875
vt 1.000000 0.828125
vt 1.000000 0.843750
vt 0.984375 0.843750
vt 0.984375 0.828125
vt 0.992187 0.000000
vt 1.000000 0.406250
vt 0.984375 0.406250
vt 1.000000 0.812500
vt 0.984375 0.812500
vt 1.000000 0.390625
vt 0.984375 0.390625
vt 1.000000 0.796875
vt 0.984375 0.796875
vt 1.000000 0.375000
vt 0.984375 0.375000
vt 1.000000 0.781250
vt 0.984375 0.781250
vt 1.000000 0.359375
vt 0.984375 0.359375
vt 1.000000 0.765625
vt 0.984375 0.765625
vt 1.000000 0.343750
vt 0.984375 0.343750
vt 1.000000 0.750000
vt 0.984375 0.750000
vt 1.000000 0.328125
vt 0.984375 0.328125
vt 1.000000 0.734375
vt 0.984375 0.734375
vt 1.000000 0.312500
vt 0.984375 0.312500
vt 1.000000 0.718750
vt 0.984375 0.718750
vt 1.000000 0.296875
vt 0.984375 0.296875
vt 1.000000 0.703125
vt 0.984375 0.703125
vt 1.000000 0.281250
vt 0.984375 0.281250
vt 1.000000 0.687500
vt 0.984375 0.687500
vt 1.000000 0.265625
vt 0.984375 0.265625
vt 1.000000 0.671875
vt 0.984375 0.671875
vt 1.000000 0.250000
vt 0.984375 0.250000
vt 1.000000 0.656250
vt 0.984375 0.656250
vt 1.000000 0.234375
vt 0.984375 0.234375
vt 1.000000 0.640625
vt 0.984375 0.640625
vt 1.000000 0.218750
vt 0.984375 0.218750
vt 1.000000 0.625000
vt 0.984375 0.625000
vt 1.000000 0.203125
vt 0.984375 0.203125
vt 1.000000 0.609375
vt 0.984375 0.609375
vt 1.000000 0.187500
vt 0.984375 0.187500
vt 1.000000 0.593750
vt 0.984375 0.593750
vt 1.000000 0.171875
vt 0.984375 0.171875
vt 1.000000 0.578125
vt 0.984375 0.578125
vt 1.000000 0.984375
vt 0.992187 1.000000
vt 0.984375 0.984375
vt 1.000000 0.156250
vt 0.984375 0.156250
vt 1.000000 0.562500
vt 0.984375 0.562500
vt 1.000000 0.968750
vt 0.984375 0.968750
vt 1.000000 0.140625
vt 0.984375 0.140625
vt 1.000000 0.546875
vt 0.984375 0.546875
vt 1.000000 0.953125
vt 0.984375 0.953125
vt 1.000000 0.125000
vt 0.984375 0.125000
vt 1.000000 0.531250
vt 0.984375 0.531250
vt 1.000000 0.937500
vt 0.984375 0.937500
vt 1.000000 0.109375
vt 0.984375 0.109375
vt 1.000000 0.515625
vt 0.984375 0.515625
vt 1.000000 0.921875
vt 0.984375 0.921875
vt 1.000000 0.093750
vt 0.984375 0.093750
vt 1.000000 0.500000
vt 0.984375 0.500000
vt 1.000000 0.906250
vt 0.984375 0.906250
vt 1.000000 0.078125
vt 0.984375 0.078125
vt 1.000000 0.484375
vt 0.984375 0.484375
vt 1.000000 0.890625
vt 0.984375 0.890625
vt 1.000000 0.062500
vt 0.984375 0.062500
vt 1.000000 0.468750
vt 0.984375 0.468750
vt 1.000000 0.875000
vt 0.984375 0.875000
vt 1.000000 0.046875
vt 0.984375 0.046875
vt 1.000000 0.453125
vt 0.984375 0.453125
vt 1.000000 0.859375
vt 0.984375 0.859375
vt 0.968750 0.406250
vt 0.968750 0.390625
vt 0.968750 0.812500
vt 0.968750 0.796875
vt 0.968750 0.375000
vt 0.968750 0.781250
vt 0.968750 0.359375
vt 0.968750 0.765625
vt 0.968750 0.343750
vt 0.968750 0.750000
vt 0.968750 0.328125
vt 0.968750 0.734375
vt 0.968750 0.312500
vt 0.968750 0.718750
vt 0.968750 0.296875
vt 0.968750 0.703125
vt 0.968750 0.281250
vt 0.968750 0.687500
vt 0.968750 0.265625
vt 0.968750 0.671875
vt 0.968750 0.250000
vt 0.968750 0.656250
vt 0.968750 0.234375
vt 0.968750 0.640625
vt 0.968750 0.218750
vt 0.968750 0.625000
vt 0.968750 0.203125
vt 0.968750 0.609375
vt 0.968750 0.187500
vt 0.968750 0.593750
vt 0.968750 0.171875
vt 0.968750 0.578125
vt 0.976562 1.000000
vt 0.968750 0.984375
vt 0.968750 0.156250
vt 0.968750 0.562500
vt 0.968750 0.968750
vt 0.968750 0.140625
vt 0.968750 0.546875
vt 0.968750 0.953125
vt 0.968750 0.125000
vt 0.968750 0.531250
vt 0.968750 0.937500
vt 0.968750 0.109375
vt 0.968750 0.515625
vt 0.968750 0.921875
vt 0.968750 0.093750
vt 0.968750 0.500000
vt 0.968750 0.906250
vt 0.968750 0.078125
vt 0.968750 0.484375
vt 0.968750 0.890625
vt 0.968750 0.062500
vt 0.968750 0.468750
vt 0.968750 0.875000
vt 0.968750 0.046875
vt 0.968750 0.453125
vt 0.968750 0.859375
vt 0.968750 0.031250
vt 0.968750 0.437500
vt 0.968750 0.843750
vt 0.968750 0.015625
vt 0.968750 0.421875
vt 0.968750 0.828125
vt 0.976562 0.000000
vt 0.953125 0.375000
vt 0.953125 0.359375
vt 0.953125 0.781250
vt 0.953125 0.765625
vt 0.953125 0.343750
vt 0.953125 0.750000
vt 0.953125 0.328125
vt 0.953125 0.734375
vt 0.953125 0.312500
vt 0.953125 0.718750
vt 0.953125 0.296875
vt 0.953125 0.703125
vt 0.953125 0.281250
vt 0.953125 0.687500
vt 0.953125 0.265625
vt 0.953125 0.671875
vt 0.953125 0.250000
vt 0.953125 0.656250
vt 0.953125 0.234375
vt 0.953125 0.640625
vt 0.953125 0.218750
vt 0.953125 0.625000
vt 0.953125 0.203125
vt 0.953125 0.609375
vt 0.953125 0.187500
vt 0.953125 0.593750
vt 0.953125 0.171875
vt 0.953125 0.578125
vt 0.960938 1.000000
vt 0.953125 0.984375
vt 0.953125 0.156250
vt 0.953125 0.562500
vt 0.953125 0.968750
vt 0.953125 0.140625
vt 0.953125 0.546875
vt 0.953125 0.953125
vt 0.953125 0.125000
vt 0.953125 0.531250
vt 0.953125 0.937500
vt 0.953125 0.109375
vt 0.953125 0.515625
vt 0.953125 0.921875
vt 0.953125 0.093750
vt 0.953125 0.500000
vt 0.953125 0.906250
vt 0.953125 0.078125
vt 0.953125 0.484375
vt 0.953125 0.890625
vt 0.953125 0.062500
vt 0.953125 0.468750
vt 0.953125 0.875000
vt 0.953125 0.046875
vt 0.953125 0.453125
vt 0.953125 0.859375
vt 0.953125 0.031250
vt 0.953125 0.437500
vt 0.953125 0.843750
vt 0.953125 0.015625
vt 0.953125 0.421875
vt 0.953125 0.828125
vt 0.960938 0.000000
vt 0.953125 0.406250
vt 0.953125 0.812500
vt 0.953125 0.390625
vt 0.953125 0.796875
vt 0.937500 0.312500
vt 0.937500 0.296875
vt 0.937500 0.750000
vt 0.937500 0.734375
vt 0.937500 0.281250
vt 0.937500 0.718750
vt 0.937500 0.265625
vt 0.937500 0.703125
vt 0.937500 0.250000
vt 0.937500 0.687500
vt 0.937500 0.234375
vt 0.937500 0.671875
vt 0.937500 0.218750
vt 0.937500 0.656250
vt 0.937500 0.203125
vt 0.937500 0.640625
vt 0.937500 0.187500
vt 0.937500 0.625000
vt 0.937500 0.171875
vt 0.937500 0.609375
vt 0.937500 0.156250
vt 0.937500 0.593750
vt 0.937500 0.140625
vt 0.937500 0.578125
vt 0.945312 1.000000
vt 0.937500 0.984375
vt 0.937500 0.125000
vt 0.937500 0.562500
vt 0.937500 0.968750
vt 0.937500 0.109375
vt 0.937500 0.546875
vt 0.937500 0.953125
vt 0.937500 0.093750
vt 0.937500 0.531250
vt 0.937500 0.937500
vt 0.937500 0.078125
vt 0.937500 0.515625
vt 0.937500 0.921875
vt 0.937500 0.062500
vt 0.937500 0.500000
vt 0.937500 0.906250
vt 0.937500 0.046875
vt 0.937500 0.484375
vt 0.937500 0.890625
vt 0.937500 0.031250
vt 0.937500 0.468750
vt 0.937500 0.875000
vt 0.937500 0.015625
vt 0.937500 0.453125
vt 0.937500 0.859375
vt 0.945312 0.000000
vt 0.937500 0.437500
vt 0.937500 0.843750
vt 0.937500 0.421875
vt 0.937500 0.406250
vt 0.937500 0.390625
vt 0.937500 0.828125
vt 0.937500 0.375000
vt 0.937500 0.812500
vt 0.937500 0.359375
vt 0.937500 0.796875
vt 0.937500 0.343750
vt 0.937500 0.781250
vt 0.937500 0.328125
vt 0.937500 0.765625
vt 0.921875 0.281250
vt 0.921875 0.265625
vt 0.921875 0.687500
vt 0.921875 0.671875
vt 0.921875 0.250000
vt 0.921875 0.656250
vt 0.921875 0.234375
vt 0.921875 0.640625
vt 0.921875 0.218750
vt 0.921875 0.625000
vt 0.921875 0.203125
vt 0.921875 0.609375
vt 0.921875 0.187500
vt 0.921875 0.593750
vt 0.921875 0.171875
vt 0.921875 0.578125
vt 0.929687 1.000000
vt 0.921875 0.984375
vt 0.921875 0.156250
vt 0.921875 0.562500
vt 0.921875 0.968750
vt 0.921875 0.140625
vt 0.921875 0.546875
vt 0.921875 0.953125
vt 0.921875 0.125000
vt 0.921875 0.531250
vt 0.921875 0.937500
vt 0.921875 0.109375
vt 0.921875 0.515625
vt 0.921875 0.921875
vt 0.921875 0.093750
vt 0.921875 0.500000
vt 0.921875 0.906250
vt 0.921875 0.078125
vt 0.921875 0.484375
vt 0.921875 0.890625
vt 0.921875 0.062500
vt 0.921875 0.468750
vt 0.921875 0.875000
vt 0.921875 0.046875
vt 0.921875 0.453125
vt 0.921875 0.859375
vt 0.921875 0.031250
vt 0.921875 0.437500
vt 0.921875 0.843750
vt 0.921875 0.015625
vt 0.921875 0.421875
vt 0.921875 0.828125
vt 0.929687 0.000000
vt 0.921875 0.406250
vt 0.921875 0.812500
vt 0.921875 0.390625
vt 0.921875 0.796875
vt 0.921875 0.375000
vt 0.921875 0.781250
vt 0.921875 0.359375
vt 0.921875 0.765625
vt 0.921875 0.343750
vt 0.921875 0.750000
vt 0.921875 0.328125
vt 0.921875 0.734375
vt 0.921875 0.312500
vt 0.921875 0.718750
vt 0.921875 0.296875
vt 0.921875 0.703125
vt 0.906250 0.250000
vt 0.906250 0.234375
vt 0.906250 0.656250
vt 0.906250 0.640625
vt 0.906250 0.218750
vt 0.906250 0.625000
vt 0.906250 0.203125
vt 0.906250 0.609375
vt 0.906250 0.187500
vt 0.906250 0.593750
vt 0.906250 0.171875
vt 0.906250 0.578125
vt 0.914062 1.000000
vt 0.906250 0.984375
vt 0.906250 0.156250
vt 0.906250 0.562500
vt 0.906250 0.968750
vt 0.906250 0.140625
vt 0.906250 0.546875
vt 0.906250 0.953125
vt 0.906250 0.125000
vt 0.906250 0.531250
vt 0.906250 0.937500
vt 0.906250 0.109375
vt 0.906250 0.515625
vt 0.906250 0.921875
vt 0.906250 0.093750
vt 0.906250 0.500000
vt 0.906250 0.906250
vt 0.906250 0.078125
vt 0.906250 0.484375
vt 0.906250 0.890625
vt 0.906250 0.062500
vt 0.906250 0.468750
vt 0.906250 0.875000
vt 0.906250 0.046875
vt 0.906250 0.453125
vt 0.906250 0.859375
vt 0.906250 0.031250
vt 0.906250 0.437500
vt 0.906250 0.843750
vt 0.906250 0.015625
vt 0.906250 0.421875
vt 0.906250 0.828125
vt 0.914062 0.000000
vt 0.906250 0.406250
vt 0.906250 0.812500
vt 0.906250 0.390625
vt 0.906250 0.796875
vt 0.906250 0.375000
vt 0.906250 0.781250
vt 0.906250 0.359375
vt 0.906250 0.765625
vt 0.906250 0.343750
vt 0.906250 0.750000
vt 0.906250 0.328125
vt 0.906250 0.734375
vt 0.906250 0.312500
vt 0.906250 0.718750
vt 0.906250 0.296875
vt 0.906250 0.703125
vt 0.906250 0.281250
vt 0.906250 0.687500
vt 0.906250 0.265625
vt 0.906250 0.671875
vt 0.890625 0.218750
vt 0.890625 0.203125
vt 0.890625 0.625000
vt 0.890625 0.609375
vt 0.890625 0.187500
vt 0.890625 0.593750
vt 0.890625 0.171875
vt 0.890625 0.578125
vt 0.898437 1.000000
vt 0.890625 0.984375
vt 0.890625 0.156250
vt 0.890625 0.562500
vt 0.890625 0.968750
vt 0.890625 0.140625
vt 0.890625 0.546875
vt 0.890625 0.953125
vt 0.890625 0.125000
vt 0.890625 0.531250
vt 0.890625 0.937500
vt 0.890625 0.109375
vt 0.890625 0.515625
vt 0.890625 0.921875
vt 0.890625 0.093750
vt 0.890625 0.500000
vt 0.890625 0.906250
vt 0.890625 0.078125
vt 0.890625 0.484375
vt 0.890625 0.890625
vt 0.890625 0.062500
vt 0.890625 0.468750
vt 0.890625 0.875000
vt 0.890625 0.046875
vt 0.890625 0.453125
vt 0.890625 0.859375
vt 0.890625 0.031250
vt 0.890625 0.437500
vt 0.890625 0.843750
vt 0.890625 0.015625
vt 0.890625 0.421875
vt 0.890625 0.828125
vt 0.898437 0.000000
vt 0.890625 0.406250
vt 0.890625 0.812500
vt 0.890625 0.390625
vt 0.890625 0.796875
vt 0.890625 0.375000
vt 0.890625 0.781250
vt 0.890625 0.359375
vt 0.890625 0.765625
vt 0.890625 0.343750
vt 0.890625 0.750000
vt 0.890625 0.328125
vt 0.890625 0.734375
vt 0.890625 0.312500
vt 0.890625 0.718750
vt 0.890625 0.296875
vt 0.890625 0.703125
vt 0.890625 0.281250
vt 0.890625 0.687500
vt 0.890625 0.265625
vt 0.890625 0.671875
vt 0.890625 0.250000
vt 0.890625 0.656250
vt 0.890625 0.234375
vt 0.890625 0.640625
vt 0.875000 0.187500
vt 0.875000 0.171875
vt 0.875000 0.593750
vt 0.875000 0.578125
vt 0.882812 1.000000
vt 0.875000 0.984375
vt 0.875000 0.156250
vt 0.875000 0.562500
vt 0.875000 0.968750
vt 0.875000 0.140625
vt 0.875000 0.546875
vt 0.875000 0.953125
vt 0.875000 0.125000
vt 0.875000 0.531250
vt 0.875000 0.937500
vt 0.875000 0.109375
vt 0.875000 0.515625
vt 0.875000 0.921875
vt 0.875000 0.093750
vt 0.875000 0.500000
vt 0.875000 0.906250
vt 0.875000 0.078125
vt 0.875000 0.484375
vt 0.875000 0.890625
vt 0.875000 0.062500
vt 0.875000 0.468750
vt 0.875000 0.875000
vt 0.875000 0.046875
vt 0.875000 0.453125
vt 0.875000 0.859375
vt 0.875000 0.031250
vt 0.875000 0.437500
vt 0.875000 0.843750
vt 0.875000 0.015625
vt 0.875000 0.421875
vt 0.875000 0.828125
vt 0.882812 0.000000
vt 0.875000 0.406250
vt 0.875000 0.812500
vt 0.875000 0.390625
vt 0.875000 0.796875
vt 0.875000 0.375000
vt 0.875000 0.781250
vt 0.875000 0.359375
vt 0.875000 0.765625
vt 0.875000 0.343750
vt 0.875000 0.750000
vt 0.875000 0.328125
vt 0.875000 0.734375
vt 0.875000 0.312500
vt 0.875000 0.718750
vt 0.875000 0.296875
vt 0.875000 0.703125
vt 0.875000 0.281250
vt 0.875000 0.687500
vt 0.875000 0.265625
vt 0.875000 0.671875
vt 0.875000 0.250000
vt 0.875000 0.656250
vt 0.875000 0.234375
vt 0.875000 0.640625
vt 0.875000 0.218750
vt 0.875000 0.625000
vt 0.875000 0.203125
vt 0.875000 0.609375
vt 0.859375 0.156250
vt 0.859375 0.140625
vt 0.859375 0.562500
vt 0.859375 0.546875
vt 0.859375 0.968750
vt 0.859375 0.953125
vt 0.859375 0.125000
vt 0.859375 0.531250
vt 0.859375 0.937500
vt 0.859375 0.109375
vt 0.859375 0.515625
vt 0.859375 0.921875
vt 0.859375 0.093750
vt 0.859375 0.500000
vt 0.859375 0.906250
vt 0.859375 0.078125
vt 0.859375 0.484375
vt 0.859375 0.890625
vt 0.859375 0.062500
vt 0.859375 0.468750
vt 0.859375 0.875000
vt 0.859375 0.046875
vt 0.859375 0.453125
vt 0.859375 0.859375
vt 0.859375 0.031250
vt 0.859375 0.437500
vt 0.859375 0.843750
vt 0.859375 0.015625
vt 0.859375 0.421875
vt 0.859375 0.828125
vt 0.867187 0.000000
vt 0.859375 0.406250
vt 0.859375 0.812500
vt 0.859375 0.390625
vt 0.859375 0.796875
vt 0.859375 0.375000
vt 0.859375 0.781250
vt 0.859375 0.359375
vt 0.859375 0.765625
vt 0.859375 0.343750
vt 0.859375 0.750000
vt 0.859375 0.328125
vt 0.859375 0.734375
vt 0.859375 0.312500
vt 0.859375 0.718750
vt 0.859375 0.296875
vt 0.859375 0.703125
vt 0.859375 0.281250
vt 0.859375 0.687500
vt 0.859375 0.265625
vt 0.859375 0.671875
vt 0.859375 0.250000
vt 0.859375 0.656250
vt 0.859375 0.234375
vt 0.859375 0.640625
vt 0.859375 0.218750
vt 0.859375 0.625000
vt 0.859375 0.203125
vt 0.859375 0.609375
vt 0.859375 0.187500
vt 0.859375 0.593750
vt 0.859375 0.171875
vt 0.859375 0.578125
vt 0.867187 1.000000
vt 0.859375 0.984375
vt 0.843750 0.125000
vt 0.843750 0.109375
vt 0.843750 0.531250
vt 0.843750 0.515625
vt 0.843750 0.937500
vt 0.843750 0.921875
vt 0.843750 0.093750
vt 0.843750 0.500000
vt 0.843750 0.906250
vt 0.843750 0.078125
vt 0.843750 0.484375
vt 0.843750 0.890625
vt 0.843750 0.062500
vt 0.843750 0.468750
vt 0.843750 0.875000
vt 0.843750 0.046875
vt 0.843750 0.453125
vt 0.843750 0.859375
vt 0.843750 0.031250
vt 0.843750 0.437500
vt 0.843750 0.843750
vt 0.843750 0.015625
vt 0.843750 0.421875
vt 0.843750 0.828125
vt 0.851562 0.000000
vt 0.843750 0.406250
vt 0.843750 0.812500
vt 0.843750 0.390625
vt 0.843750 0.796875
vt 0.843750 0.375000
vt 0.843750 0.781250
vt 0.843750 0.359375
vt 0.843750 0.765625
vt 0.843750 0.343750
vt 0.843750 0.750000
vt 0.843750 0.328125
vt 0.843750 0.734375
vt 0.843750 0.312500
vt 0.843750 0.718750
vt 0.843750 0.296875
vt 0.843750 0.703125
vt 0.843750 0.281250
vt 0.843750 0.687500
vt 0.843750 0.265625
vt 0.843750 0.671875
vt 0.843750 0.250000
vt 0.843750 0.656250
vt 0.843750 0.234375
vt 0.843750 0.640625
vt 0.843750 0.218750
vt 0.843750 0.625000
vt 0.843750 0.203125
vt 0.843750 0.609375
vt 0.843750 0.187500
vt 0.843750 0.593750
vt 0.843750 0.171875
vt 0.843750 0.578125
vt 0.851562 1.000000
vt 0.843750 0.984375
vt 0.843750 0.156250
vt 0.843750 0.562500
vt 0.843750 0.968750
vt 0.843750 0.140625
vt 0.843750 0.546875
vt 0.843750 0.953125
vt 0.828125 0.093750
vt 0.828125 0.078125
vt 0.828125 0.500000
vt 0.828125 0.484375
vt 0.828125 0.906250
vt 0.828125 0.890625
vt 0.828125 0.062500
vt 0.828125 0.468750
vt 0.828125 0.875000
vt 0.828125 0.046875
vt 0.828125 0.453125
vt 0.828125 0.859375
vt 0.828125 0.031250
vt 0.828125 0.437500
vt 0.828125 0.843750
vt 0.828125 0.015625
vt 0.828125 0.421875
vt 0.828125 0.828125
vt 0.835938 0.000000
vt 0.828125 0.406250
vt 0.828125 0.812500
vt 0.828125 0.390625
vt 0.828125 0.796875
vt 0.828125 0.375000
vt 0.828125 0.781250
vt 0.828125 0.359375
vt 0.828125 0.765625
vt 0.828125 0.343750
vt 0.828125 0.750000
vt 0.828125 0.328125
vt 0.828125 0.734375
vt 0.828125 0.312500
vt 0.828125 0.718750
vt 0.828125 0.296875
vt 0.828125 0.703125
vt 0.828125 0.281250
vt 0.828125 0.687500
vt 0.828125 0.265625
vt 0.828125 0.671875
vt 0.828125 0.250000
vt 0.828125 0.656250
vt 0.828125 0.234375
vt 0.828125 0.640625
vt 0.828125 0.218750
vt 0.828125 0.625000
vt 0.828125 0.203125
vt 0.828125 0.609375
vt 0.828125 0.187500
vt 0.828125 0.593750
vt 0.828125 0.171875
vt 0.828125 0.578125
vt 0.835938 1.000000
vt 0.828125 0.984375
vt 0.828125 0.156250
vt 0.828125 0.562500
vt 0.828125 0.968750
vt 0.828125 0.140625
vt 0.828125 0.546875
vt 0.828125 0.953125
vt 0.828125 0.125000
vt 0.828125 0.531250
vt 0.828125 0.937500
vt 0.828125 0.109375
vt 0.828125 0.515625
vt 0.828125 0.921875
vt 0.812500 0.062500
vt 0.812500 0.046875
vt 0.812500 0.468750
vt 0.812500 0.453125
vt 0.812500 0.875000
vt 0.812500 0.859375
vt 0.812500 0.031250
vt 0.812500 0.437500
vt 0.812500 0.843750
vt 0.812500 0.015625
vt 0.812500 0.421875
vt 0.812500 0.828125
vt 0.820312 0.000000
vt 0.812500 0.406250
vt 0.812500 0.812500
vt 0.812500 0.390625
vt 0.812500 0.796875
vt 0.812500 0.375000
vt 0.812500 0.781250
vt 0.812500 0.359375
vt 0.812500 0.765625
vt 0.812500 0.343750
vt 0.812500 0.750000
vt 0.812500 0.328125
vt 0.812500 0.734375
vt 0.812500 0.312500
vt 0.812500 0.718750
vt 0.812500 0.296875
vt 0.812500 0.703125
vt 0.812500 0.281250
vt 0.812500 0.687500
vt 0.812500 0.265625
vt 0.812500 0.671875
vt 0.812500 0.250000
vt 0.812500 0.656250
vt 0.812500 0.234375
vt 0.812500 0.640625
vt 0.812500 0.218750
vt 0.812500 0.625000
vt 0.812500 0.203125
vt 0.812500 0.609375
vt 0.812500 0.187500
vt 0.812500 0.593750
vt 0.812500 0.171875
vt 0.812500 0.578125
vt 0.820312 1.000000
vt 0.812500 0.984375
vt 0.812500 0.156250
vt 0.812500 0.562500
vt 0.812500 0.968750
vt 0.812500 0.140625
vt 0.812500 0.546875
vt 0.812500 0.953125
vt 0.812500 0.125000
vt 0.812500 0.531250
vt 0.812500 0.937500
vt 0.812500 0.109375
vt 0.812500 0.515625
vt 0.812500 0.921875
vt 0.812500 0.093750
vt 0.812500 0.500000
vt 0.812500 0.906250
vt 0.812500 0.078125
vt 0.812500 0.484375
vt 0.812500 0.890625
vt 0.796875 0.031250
vt 0.796875 0.015625
vt 0.796875 0.437500
vt 0.796875 0.421875
vt 0.796875 0.843750
vt 0.796875 0.828125
vt 0.804688 0.000000
vt 0.796875 0.406250
vt 0.796875 0.812500
vt 0.796875 0.390625
vt 0.796875 0.796875
vt 0.796875 0.375000
vt 0.796875 0.781250
vt 0.796875 0.359375
vt 0.796875 0.765625
vt 0.796875 0.343750
vt 0.796875 0.750000
vt 0.796875 0.328125
vt 0.796875 0.734375
vt 0.796875 0.312500
vt 0.796875 0.718750
vt 0.796875 0.296875
vt 0.796875 0.703125
vt 0.796875 0.281250
vt 0.796875 0.687500
vt 0.796875 0.265625
vt 0.796875 0.671875
vt 0.796875 0.250000
vt 0.796875 0.656250
vt 0.796875 0.234375
vt 0.796875 0.640625
vt 0.796875 0.218750
vt 0.796875 0.625000
vt 0.796875 0.203125
vt 0.796875 0.609375
vt 0.796875 0.187500
vt 0.796875 0.593750
vt 0.796875 0.171875
vt 0.796875 0.578125
vt 0.804688 1.000000
vt 0.796875 0.984375
vt 0.796875 0.156250
vt 0.796875 0.562500
vt 0.796875 0.968750
vt 0.796875 0.140625
vt 0.796875 0.546875
vt 0.796875 0.953125
vt 0.796875 0.125000
vt 0.796875 0.531250
vt 0.796875 0.937500
vt 0.796875 0.109375
vt 0.796875 0.515625
vt 0.796875 0.921875
vt 0.796875 0.093750
vt 0.796875 0.500000
vt 0.796875 0.906250
vt 0.796875 0.078125
vt 0.796875 0.484375
vt 0.796875 0.890625
vt 0.796875 0.062500
vt 0.796875 0.468750
vt 0.796875 0.875000
vt 0.796875 0.046875
vt 0.796875 0.453125
vt 0.796875 0.859375
vt 0.781250 0.406250
vt 0.781250 0.390625
vt 0.781250 0.812500
vt 0.781250 0.796875
vt 0.781250 0.375000
vt 0.781250 0.781250
vt 0.781250 0.359375
vt 0.781250 0.765625
vt 0.781250 0.343750
vt 0.781250 0.750000
vt 0.781250 0.328125
vt 0.781250 0.734375
vt 0.781250 0.312500
vt 0.781250 0.718750
vt 0.781250 0.296875
vt 0.781250 0.703125
vt 0.781250 0.281250
vt 0.781250 0.687500
vt 0.781250 0.265625
vt 0.781250 0.671875
vt 0.781250 0.250000
vt 0.781250 0.656250
vt 0.781250 0.234375
vt 0.781250 0.640625
vt 0.781250 0.218750
vt 0.781250 0.625000
vt 0.781250 0.203125
vt 0.781250 0.609375
vt 0.781250 0.187500
vt 0.781250 0.593750
vt 0.781250 0.171875
vt 0.781250 0.578125
vt 0.789062 1.000000
vt 0.781250 0.984375
vt 0.781250 0.156250
vt 0.781250 0.562500
vt 0.781250 0.968750
vt 0.781250 0.140625
vt 0.781250 0.546875
vt 0.781250 0.953125
vt 0.781250 0.125000
vt 0.781250 0.531250
vt 0.781250 0.937500
vt 0.781250 0.109375
vt 0.781250 0.515625
vt 0.781250 0.921875
vt 0.781250 0.093750
vt 0.781250 0.500000
vt 0.781250 0.906250
vt 0.781250 0.078125
vt 0.781250 0.484375
vt 0.781250 0.890625
vt 0.781250 0.062500
vt 0.781250 0.468750
vt 0.781250 0.875000
vt 0.781250 0.046875
vt 0.781250 0.453125
vt 0.781250 0.859375
vt 0.781250 0.031250
vt 0.781250 0.437500
vt 0.781250 0.843750
vt 0.781250 0.015625
vt 0.781250 0.421875
vt 0.781250 0.828125
vt 0.789062 0.000000
vt 0.765625 0.375000
vt 0.765625 0.359375
vt 0.765625 0.781250
vt 0.765625 0.765625
vt 0.765625 0.343750
vt 0.765625 0.750000
vt 0.765625 0.328125
vt 0.765625 0.734375
vt 0.765625 0.312500
vt 0.765625 0.718750
vt 0.765625 0.296875
vt 0.765625 0.703125
vt 0.765625 0.281250
vt 0.765625 0.687500
vt 0.765625 0.265625
vt 0.765625 0.671875
vt 0.765625 0.250000
vt 0.765625 0.656250
vt 0.765625 0.234375
vt 0.765625 0.640625
vt 0.765625 0.218750
vt 0.765625 0.625000
vt 0.765625 0.203125
vt 0.765625 0.609375
vt 0.765625 0.187500
vt 0.765625 0.593750
vt 0.765625 0.171875
vt 0.765625 0.578125
vt 0.773437 1.000000
vt 0.765625 0.984375
vt 0.765625 0.156250
vt 0.765625 0.562500
vt 0.765625 0.968750
vt 0.765625 0.140625
vt 0.765625 0.546875
vt 0.765625 0.953125
vt 0.765625 0.125000
vt 0.765625 0.531250
vt 0.765625 0.937500
vt 0.765625 0.109375
vt 0.765625 0.515625
vt 0.765625 0.921875
vt 0.765625 0.093750
vt 0.765625 0.500000
vt 0.765625 0.906250
vt 0.765625 0.078125
vt 0.765625 0.484375
vt 0.765625 0.890625
vt 0.765625 0.062500
vt 0.765625 0.468750
vt 0.765625 0.875000
vt 0.765625 0.046875
vt 0.765625 0.453125
vt 0.765625 0.859375
vt 0.765625 0.031250
vt 0.765625 0.437500
vt 0.765625 0.843750
vt 0.765625 0.015625
vt 0.765625 0.421875
vt 0.765625 0.828125
vt 0.773437 0.000000
vt 0.765625 0.406250
vt 0.765625 0.812500
vt 0.765625 0.390625
vt 0.765625 0.796875
vt 0.757812 1.000000
vt 0.757812 0.000000
s 0
f 4030/1/1 34/2/1 92/3/1 93/4/1
f 14/5/2 13/6/2 66/7/2 67/8/2
f 35/9/3 4030/1/3 93/4/3 94/10/3
f 15/11/4 14/5/4 67/8/4 68/12/4
f 4013/13/5 2058/14/5 42/15/5
f 36/16/6 35/9/6 94/10/6 95/17/6
f 4025/18/7 15/11/7 68/12/7 69/19/7
f 4014/20/8 4013/13/8 42/15/8 43/21/8
f 37/22/9 36/16/9 95/17/9 96/23/9
f 16/24/10 4025/18/10 69/19/10 70/25/10
f 4015/26/11 4014/20/11 43/21/11 44/27/11
f 38/28/12 37/22/12 96/23/12 97/29/12
f 17/30/13 16/24/13 70/25/13 71/31/13
f 1/32/14 4015/26/14 44/27/14 45/33/14
f 39/34/15 38/28/15 97/29/15 98/35/15
f 18/36/16 17/30/16 71/31/16 72/37/16
f 4016/38/17 1/32/17 45/33/17 46/39/17
f 40/40/18 39/34/18 98/35/18 99/41/18
f 19/42/19 18/36/19 72/37/19 73/43/19
f 2/44/20 4016/38/20 46/39/20 47/45/20
f 4031/46/21 40/40/21 99/41/21 100/47/21
f 4026/48/22 19/42/22 73/43/22 74/49/22
f 4017/50/23 2/44/23 47/45/23 48/51/23
f 41/52/24 4031/46/24 100/47/24 101/53/24
f 20/54/25 4026/48/25 74/49/25 75/55/25
f 4018/56/26 4017/50/26 48/51/26 49/57/26
f 4032/58/27 41/52/27 101/53/27 102/59/27
f 21/60/28 20/54/28 75/55/28 76/61/28
f 4019/62/29 4018/56/29 49/57/29 50/63/29
f 4033/64/30 4032/58/30 102/59/30 103/65/30
f 4027/66/31 21/60/31 76/61/31 77/67/31
f 4020/68/32 4019/62/32 50/63/32 51/69/32
f 4034/70/33 4033/64/33 103/65/33 104/71/33
f 22/72/34 4027/66/34 77/67/34 78/73/34
f 4021/74/35 4020/68/35 51/69/35 52/75/35
f 2752/76/36 4034/70/36 104/71/36
f 23/77/37 22/72/37 78/73/37 79/78/37
f 4022/79/38 4021/74/38 52/75/38 53/80/38
f 4028/81/39 23/77/39 79/78/39 80/82/39
f 3/83/40 4022/79/40 53/80/40 54/84/40
f 24/85/41 4028/81/41 80/82/41 81/86/41
f 4023/87/42 3/83/42 54/84/42 55/88/42
f 25/89/43 24/85/43 81/86/43 82/90/43
f 4/91/44 4023/87/44 55/88/44 56/92/44
f 26/93/45 25/89/45 82/90/45 83/94/45
f 5/95/46 4/91/46 56/92/46 57/96/46
f 27/97/47 26/93/47 83/94/47 84/98/47
f 6/99/48 5/95/48 57/96/48 58/100/48
f 28/101/49 27/97/49 84/98/49 85/102/49
f 4024/103/50 6/99/50 58/100/50 59/104/50
f 29/105/51 28/101/51 85/102/51 86/106/51
f 7/107/52 4024/103/52 59/104/52 60/108/52
f 4029/109/53 29/105/53 86/106/53 87/110/53
f 8/111/54 7/107/54 60/108/54 61/112/54
f 30/113/55 4029/109/55 87/110/55 88/114/55
f 9/115/56 8/111/56 61/112/56 62/116/56
f 31/117/57 30/113/57 88/114/57 89/118/57
f 10/119/58 9/115/58 62/116/58 63/120/58
f 32/121/59 31/117/59 89/118/59 90/122/59
f 11/123/60 10/119/60 63/120/60 64/124/60
f 33/125/61 32/121/61 90/122/61 91/126/61
f 12/127/62 11/123/62 64/124/62 65/128/62
f 34/2/63 33/125/63 91/126/63 92/3/63
f 13/6/64 12/127/64 65/128/64 66/7/64
f 81/86/65 80/82/65 143/129/65 144/130/65
f 55/88/66 54/84/66 117/131/66 118/132/66
f 82/90/67 81/86/67 144/130/67 145/133/67
f 56/92/68 55/88/68 118/132/68 119/134/68
f 83/94/69 82/90/69 145/133/69 146/135/69
f 57/96/70 56/92/70 119/134/70 120/136/70
f 84/98/71 83/94/71 146/135/71 147/137/71
f 58/100/72 57/96/72 120/136/72 121/138/72
f 85/102/73 84/98/73 147/137/73 148/139/73
f 59/104/74 58/100/74 121/138/74 122/140/74
f 86/106/75 85/102/75 148/139/75 149/141/75
f 60/108/76 59/104/76 122/140/76 123/142/76
f 87/110/77 86/106/77 149/141/77 150/143/77
f 61/112/78 60/108/78 123/142/78 124/144/78
f 88/114/79 87/110/79 150/143/79 151/145/79
f 62/116/80 61/112/80 124/144/80 125/146/80
f 89/118/81 88/114/81 151/145/81 152/147/81
f 63/120/82 62/116/82 125/146/82 126/148/82
f 90/122/83 89/118/83 152/147/83 153/149/83
f 64/124/84 63/120/84 126/148/84 127/150/84
f 91/126/85 90/122/85 153/149/85 154/151/85
f 65/128/86 64/124/86 127/150/86 128/152/86
f 92/3/87 91/126/87 154/151/87 155/153/87
f 66/7/88 65/128/88 128/152/88 129/154/88
f 93/4/89 92/3/89 155/153/89 156/155/89
f 67/8/90 66/7/90 129/154/90 130/156/90
f 94/10/91 93/4/91 156/155/91 157/157/91
f 68/12/92 67/8/92 130/156/92 131/158/92
f 42/15/93 2058/159/93 105/160/93
f 95/17/94 94/10/94 157/157/94 158/161/94
f 69/19/95 68/12/95 131/158/95 132/162/95
f 43/21/96 42/15/96 105/160/96 106/163/96
f 96/23/97 95/17/97 158/161/97 159/164/97
f 70/25/98 69/19/98 132/162/98 133/165/98
f 44/27/99 43/21/99 106/163/99 107/166/99
f 97/29/100 96/23/100 159/164/100 160/167/100
f 71/31/101 70/25/101 133/165/101 134/168/101
f 45/33/102 44/27/102 107/166/102 108/169/102
f 98/35/103 97/29/103 160/167/103 161/170/103
f 72/37/104 71/31/104 134/168/104 135/171/104
f 46/39/105 45/33/105 108/169/105 109/172/105
f 99/41/106 98/35/106 161/170/106 162/173/106
f 73/43/107 72/37/107 135/171/107 136/174/107
f 47/45/108 46/39/108 109/172/108 110/175/108
f 100/47/109 99/41/109 162/173/109 163/176/109
f 74/49/110 73/43/110 136/174/110 137/177/110
f 48/51/111 47/45/111 110/175/111 111/178/111
f 101/53/112 100/47/112 163/176/112 164/179/112
f 75/55/113 74/49/113 137/177/113 138/180/113
f 49/57/114 48/51/114 111/178/114 112/181/114
f 102/59/115 101/53/115 164/179/115 165/182/115
f 76/61/116 75/55/116 138/180/116 139/183/116
f 50/63/117 49/57/117 112/181/117 113/184/117
f 103/65/118 102/59/118 165/182/118 166/185/118
f 77/67/119 76/61/119 139/183/119 140/186/119
f 51/69/120 50/63/120 113/184/120 114/187/120
f 104/71/121 103/65/121 166/185/121 167/188/121
f 78/73/122 77/67/122 140/186/122 141/189/122
f 52/75/123 51/69/123 114/187/123 115/190/123
f 2752/191/124 104/71/124 167/188/124
f 79/78/125 78/73/125 141/189/125 142/192/125
f 53/80/126 52/75/126 115/190/126 116/193/126
f 80/82/127 79/78/127 142/192/127 143/129/127
f 54/84/128 53/80/128 116/193/128 117/131/128
f 146/135/129 145/133/129 208/194/129 209/195/129
f 120/136/130 119/134/130 182/196/130 183/197/130
f 147/137/131 146/135/131 209/195/131 210/198/131
f 121/138/132 120/136/132 183/197/132 184/199/132
f 148/139/133 147/137/133 210/198/133 211/200/133
f 122/140/134 121/138/134 184/199/134 185/201/134
f 149/141/135 148/139/135 211/200/135 212/202/135
f 123/142/136 122/140/136 185/201/136 186/203/136
f 150/143/137 149/141/137 212/202/137 213/204/137
f 124/144/138 123/142/138 186/203/138 187/205/138
f 151/145/139 150/143/139 213/204/139 214/206/139
f 125/146/140 124/144/140 187/205/140 188/207/140
f 152/147/141 151/145/141 214/206/141 215/208/141
f 126/148/142 125/146/142 188/207/142 189/209/142
f 153/149/143 152/147/143 215/208/143 216/210/143
f 127/150/144 126/148/144 189/209/144 190/211/144
f 154/151/145 153/149/145 216/210/145 217/212/145
f 128/152/146 127/150/146 190/211/146 191/213/146
f 155/153/147 154/151/147 217/212/147 218/214/147
f 129/154/148 128/152/148 191/213/148 192/215/148
f 156/155/149 155/153/149 218/214/149 219/216/149
f 130/156/150 129/154/150 192/215/150 193/217/150
f 157/157/151 156/155/151 219/216/151 220/218/151
f 131/158/152 130/156/152 193/217/152 194/219/152
f 105/160/153 2058/220/153 168/221/153
f 158/161/154 157/157/154 220/218/154 221/222/154
f 132/162/155 131/158/155 194/219/155 195/223/155
f 106/163/156 105/160/156 168/221/156 169/224/156
f 159/164/157 158/161/157 221/222/157 222/225/157
f 133/165/158 132/162/158 195/223/158 196/226/158
f 107/166/159 106/163/159 169/224/159 170/227/159
f 160/167/160 159/164/160 222/225/160 223/228/160
f 134/168/161 133/165/161 196/226/161 197/229/161
f 108/169/162 107/166/162 170/227/162 171/230/162
f 161/170/163 160/167/163 223/228/163 224/231/163
f 135/171/164 134/168/164 197/229/164 198/232/164
f 109/172/165 108/169/165 171/230/165 172/233/165
f 162/173/166 161/170/166 224/231/166 225/234/166
f 136/174/167 135/171/167 198/232/167 199/235/167
f 110/175/168 109/172/168 172/233/168 173/236/168
f 163/176/169 162/173/169 225/234/169 226/237/169
f 137/177/170 136/174/170 199/235/170 200/238/170
f 111/178/171 110/175/171 173/236/171 174/239/171
f 164/179/172 163/176/172 226/237/172 227/240/172
f 138/180/173 137/177/173 200/238/173 201/241/173
f 112/181/174 111/178/174 174/239/174 175/242/174
f 165/182/175 164/179/175 227/240/175 228/243/175
f 139/183/176 138/180/176 201/241/176 202/244/176
f 113/184/177 112/181/177 175/242/177 176/245/177
f 166/185/178 165/182/178 228/243/178 229/246/178
f 140/186/179 139/183/179 202/244/179 203/247/179
f 114/187/180 113/184/180 176/245/180 177/248/180
f 167/188/181 166/185/181 229/246/181 230/249/181
f 141/189/182 140/186/182 203/247/182 204/250/182
f 115/190/183 114/187/183 177/248/183 178/251/183
f 2752/252/184 167/188/184 230/249/184
f 142/192/185 141/189/185 204/250/185 205/253/185
f 116/193/186 115/190/186 178/251/186 179/254/186
f 143/129/187 142/192/187 205/253/187 206/255/187
f 117/131/188 116/193/188 179/254/188 180/256/188
f 144/130/189 143/129/189 206/255/189 207/257/189
f 118/132/190 117/131/190 180/256/190 181/258/190
f 145/133/191 144/130/191 207/257/191 208/194/191
f 119/134/192 118/132/192 181/258/192 182/196/192
f 211/200/193 210/198/193 273/259/193 274/260/193
f 185/201/194 184/199/194 247/261/194 248/262/194
f 212/202/195 211/200/195 274/260/195 275/263/195
f 186/203/196 185/201/196 248/262/196 249/264/196
f 213/204/197 212/202/197 275/263/197 276/265/197
f 187/205/198 186/203/198 249/264/198 250/266/198
f 214/206/199 213/204/199 276/265/199 277/267/199
f 188/207/200 187/205/200 250/266/200 251/268/200
f 215/208/201 214/206/201 277/267/201 278/269/201
f 189/209/202 188/207/202 251/268/202 252/270/202
f 216/210/203 215/208/203 278/269/203 279/271/203
f 190/211/204 189/209/204 252/270/204 253/272/204
f 217/212/205 216/210/205 279/271/205 280/273/205
f 191/213/206 190/211/206 253/272/206 254/274/206
f 218/214/207 217/212/207 280/273/207 281/275/207
f 192/215/208 191/213/208 254/274/208 255/276/208
f 219/216/209 218/214/209 281/275/209 282/277/209
f 193/217/210 192/215/210 255/276/210 256/278/210
f 220/218/211 219/216/211 282/277/211 283/279/211
f 194/219/212 193/217/212 256/278/212 257/280/212
f 168/221/213 2058/281/213 231/282/213
f 221/222/214 220/218/214 283/279/214 284/283/214
f 195/223/215 194/219/215 257/280/215 258/284/215
f 169/224/216 168/221/216 231/282/216 232/285/216
f 222/225/217 221/222/217 284/283/217 285/286/217
f 196/226/218 195/223/218 258/284/218 259/287/218
f 170/227/219 169/224/219 232/285/219 233/288/219
f 223/228/220 222/225/220 285/286/220 286/289/220
f 197/229/221 196/226/221 259/287/221 260/290/221
f 171/230/222 170/227/222 233/288/222 234/291/222
f 224/231/223 223/228/223 286/289/223 287/292/223
f 198/232/224 197/229/224 260/290/224 261/293/224
f 172/233/225 171/230/225 234/291/225 235/294/225
f 225/234/226 224/231/226 287/292/226 288/295/226
f 199/235/227 198/232/227 261/293/227 262/296/227
f 173/236/228 172/233/228 235/294/228 236/297/228
f 226/237/229 225/234/229 288/295/229 289/298/229
f 200/238/230 199/235/230 262/296/230 263/299/230
f 174/239/231 173/236/231 236/297/231 237/300/231
f 227/240/232 226/237/232 289/298/232 290/301/232
f 201/241/233 200/238/233 263/299/233 264/302/233
f 175/242/234 174/239/234 237/300/234 238/303/234
f 228/243/235 227/240/235 290/301/235 291/304/235
f 202/244/236 201/241/236 264/302/236 265/305/236
f 176/245/237 175/242/237 238/303/237 239/306/237
f 229/246/238 228/243/238 291/304/238 292/307/238
f 203/247/239 202/244/239 265/305/239 266/308/239
f 177/248/240 176/245/240 239/306/240 240/309/240
f 230/249/241 229/246/241 292/307/241 293/310/241
f 204/250/242 203/247/242 266/308/242 267/311/242
f 178/251/243 177/248/243 240/309/243 241/312/243
f 2752/313/244 230/249/244 293/310/244
f 205/253/245 204/250/245 267/311/245 268/314/245
f 179/254/246 178/251/246 241/312/246 242/315/246
f 206/255/247 205/253/247 268/314/247 269/316/247
f 180/256/248 179/254/248 242/315/248 243/317/248
f 207/257/249 206/255/249 269/316/249 270/318/249
f 181/258/250 180/256/250 243/317/250 244/319/250
f 208/194/251 207/257/251 270/318/251 271/320/251
f 182/196/252 181/258/252 244/319/252 245/321/252
f 209/195/253 208/194/253 271/320/253 272/322/253
f 183/197/254 182/196/254 245/321/254 246/323/254
f 210/198/255 209/195/255 272/322/255 273/259/255
f 184/199/256 183/197/256 246/323/256 247/261/256
f 276/265/257 275/263/257 338/324/257 339/325/257
f 250/266/258 249/264/258 312/326/258 313/327/258
f 277/267/259 276/265/259 339/325/259 340/328/259
f 251/268/260 250/266/260 313/327/260 314/329/260
f 278/269/261 277/267/261 340/328/261 341/330/261
f 252/270/262 251/268/262 314/329/262 315/331/262
f 279/271/263 278/269/263 341/330/263 342/332/263
f 253/272/264 252/270/264 315/331/264 316/333/264
f 280/273/265 279/271/265 342/332/265 343/334/265
f 254/274/266 253/272/266 316/333/266 317/335/266
f 281/275/267 280/273/267 343/334/267 344/336/267
f 255/276/268 254/274/268 317/335/268 318/337/268
f 282/277/269 281/275/269 344/336/269 345/338/269
f 256/278/270 255/276/270 318/337/270 319/339/270
f 283/279/271 282/277/271 345/338/271 346/340/271
f 257/280/272 256/278/272 319/339/272 320/341/272
f 231/282/273 2058/342/273 294/343/273
f 284/283/274 283/279/274 346/340/274 347/344/274
f 258/284/275 257/280/275 320/341/275 321/345/275
f 232/285/276 231/282/276 294/343/276 295/346/276
f 285/286/277 284/283/277 347/344/277 348/347/277
f 259/287/278 258/284/278 321/345/278 322/348/278
f 233/288/279 232/285/279 295/346/279 296/349/279
f 286/289/280 285/286/280 348/347/280 349/350/280
f 260/290/281 259/287/281 322/348/281 323/351/281
f 234/291/282 233/288/282 296/349/282 297/352/282
f 287/292/283 286/289/283 349/350/283 350/353/283
f 261/293/284 260/290/284 323/351/284 324/354/284
f 235/294/285 234/291/285 297/352/285 298/355/285
f 288/295/286 287/292/286 350/353/286 351/356/286
f 262/296/287 261/293/287 324/354/287 325/357/287
f 236/297/288 235/294/288 298/355/288 299/358/288
f 289/298/289 288/295/289 351/356/289 352/359/289
f 263/299/290 262/296/290 325/357/290 326/360/290
f 237/300/291 236/297/291 299/358/291 300/361/291
f 290/301/292 289/298/292 352/359/292 353/362/292
f 264/302/293 263/299/293 326/360/293 327/363/293
f 238/303/294 237/300/294 300/361/294 301/364/294
f 291/304/295 290/301/295 353/362/295 354/365/295
f 265/305/296 264/302/296 327/363/296 328/366/296
f 239/306/297 238/303/297 301/364/297 302/367/297
f 292/307/298 291/304/298 354/365/298 355/368/298
f 266/308/299 265/305/299 328/366/299 329/369/299
f 240/309/300 239/306/300 302/367/300 303/370/300
f 293/310/301 292/307/301 355/368/301 356/371/301
f 267/311/302 266/308/302 329/369/302 330/372/302
f 241/312/303 240/309/303 303/370/303 304/373/303
f 2752/374/304 293/310/304 356/371/304
f 268/314/305 267/311/305 330/372/305 331/375/305
f 242/315/306 241/312/306 304/373/306 305/376/306
f 269/316/307 268/314/307 331/375/307 332/377/307
f 243/317/308 242/315/308 305/376/308 306/378/308
f 270/318/309 269/316/309 332/377/309 333/379/309
f 244/319/310 243/317/310 306/378/310 307/380/310
f 271/320/311 270/318/311 333/379/311 334/381/311
f 245/321/312 244/319/312 307/380/312 308/382/312
f 272/322/313 271/320/313 334/381/313 335/383/313
f 246/323/314 245/321/314 308/382/314 309/384/314
f 273/259/315 272/322/315 335/383/315 336/385/315
f 247/261/316 246/323/316 309/384/316 310/386/316
f 274/260/317 273/259/317 336/385/317 337/387/317
f 248/262/318 247/261/318 310/386/318 311/388/318
f 275/263/319 274/260/319 337/387/319 338/324/319
f 249/264/320 248/262/320 311/388/320 312/326/320
f 341/330/321 340/328/321 403/389/321 404/390/321
f 315/331/322 314/329/322 377/391/322 378/392/322
f 342/332/323 341/330/323 404/390/323 405/393/323
f 316/333/324 315/331/324 378/392/324 379/394/324
f 343/334/325 342/332/325 405/393/325 406/395/325
f 317/335/326 316/333/326 379/394/326 380/396/326
f 344/336/327 343/334/327 406/395/327 407/397/327
f 318/337/328 317/335/328 380/396/328 381/398/328
f 345/338/329 344/336/329 407/397/329 408/399/329
f 319/339/330 318/337/330 381/398/330 382/400/330
f 346/340/331 345/338/331 408/399/331 409/401/331
f 320/341/332 319/339/332 382/400/332 383/402/332
f 294/343/333 2058/403/333 357/404/333
f 347/344/334 346/340/334 409/401/334 410/405/334
f 321/345/335 320/341/335 383/402/335 384/406/335
f 295/346/336 294/343/336 357/404/336 358/407/336
f 348/347/337 347/344/337 410/405/337 411/408/337
f 322/348/338 321/345/338 384/406/338 385/409/338
f 296/349/339 295/346/339 358/407/339 359/410/339
f 349/350/340 348/347/340 411/408/340 412/411/340
f 323/351/341 322/348/341 385/409/341 386/412/341
f 297/352/342 296/349/342 359/410/342 360/413/342
f 350/353/343 349/350/343 412/411/343 413/414/343
f 324/354/344 323/351/344 386/412/344 387/415/344
f 298/355/345 297/352/345 360/413/345 361/416/345
f 351/356/346 350/353/346 413/414/346 414/417/346
f 325/357/347 324/354/347 387/415/347 388/418/347
f 299/358/348 298/355/348 361/416/348 362/419/348
f 352/359/349 351/356/349 414/417/349 415/420/349
f 326/360/350 325/357/350 388/418/350 389/421/350
f 300/361/351 299/358/351 362/419/351 363/422/351
f 353/362/352 352/359/352 415/420/352 416/423/352
f 327/363/353 326/360/353 389/421/353 390/424/353
f 301/364/354 300/361/354 363/422/354 364/425/354
f 354/365/355 353/362/355 416/423/355 417/426/355
f 328/366/356 327/363/356 390/424/356 391/427/356
f 302/367/357 301/364/357 364/425/357 365/428/357
f 355/368/358 354/365/358 417/426/358 418/429/358
f 329/369/359 328/366/359 391/427/359 392/430/359
f 303/370/360 302/367/360 365/428/360 366/431/360
f 356/371/361 355/368/361 418/429/361 419/432/361
f 330/372/362 329/369/362 392/430/362 393/433/362
f 304/373/363 303/370/363 366/431/363 367/434/363
f 2752/435/364 356/371/364 419/432/364
f 331/375/365 330/372/365 393/433/365 394/436/365
f 305/376/366 304/373/366 367/434/366 368/437/366
f 332/377/367 331/375/367 394/436/367 395/438/367
f 306/378/368 305/376/368 368/437/368 369/439/368
f 333/379/369 332/377/369 395/438/369 396/440/369
f 307/380/370 306/378/370 369/439/370 370/441/370
f 334/381/371 333/379/371 396/440/371 397/442/371
f 308/382/372 307/380/372 370/441/372 371/443/372
f 335/383/373 334/381/373 397/442/373 398/444/373
f 309/384/374 308/382/374 371/443/374 372/445/374
f 336/385/375 335/383/375 398/444/375 399/446/375
f 310/386/376 309/384/376 372/445/376 373/447/376
f 337/387/377 336/385/377 399/446/377 400/448/377
f 311/388/378 310/386/378 373/447/378 374/449/378
f 338/324/379 337/387/379 400/448/379 401/450/379
f 312/326/380 311/388/380 374/449/380 375/451/380
f 339/325/381 338/324/381 401/450/381 402/452/381
f 313/327/382 312/326/382 375/451/382 376/453/382
f 340/328/383 339/325/383 402/452/383 403/389/383
f 314/329/384 313/327/384 376/453/384 377/391/384
f 406/395/385 405/393/385 468/454/385 469/455/385
f 380/396/386 379/394/386 442/456/386 443/457/386
f 407/397/387 406/395/387 469/455/387 470/458/387
f 381/398/388 380/396/388 443/457/388 444/459/388
f 408/399/389 407/397/389 470/458/389 471/460/389
f 382/400/390 381/398/390 444/459/390 445/461/390
f 409/401/391 408/399/391 471/460/391 472/462/391
f 383/402/392 382/400/392 445/461/392 446/463/392
f 357/404/393 2058/464/393 420/465/393
f 410/405/394 409/401/394 472/462/394 473/466/394
f 384/406/395 383/402/395 446/463/395 447/467/395
f 358/407/396 357/404/396 420/465/396 421/468/396
f 411/408/397 410/405/397 473/466/397 474/469/397
f 385/409/398 384/406/398 447/467/398 448/470/398
f 359/410/399 358/407/399 421/468/399 422/471/399
f 412/411/400 411/408/400 474/469/400 475/472/400
f 386/412/401 385/409/401 448/470/401 449/473/401
f 360/413/402 359/410/402 422/471/402 423/474/402
f 413/414/403 412/411/403 475/472/403 476/475/403
f 387/415/404 386/412/404 449/473/404 450/476/404
f 361/416/405 360/413/405 423/474/405 424/477/405
f 414/417/406 413/414/406 476/475/406 477/478/406
f 388/418/407 387/415/407 450/476/407 451/479/407
f 362/419/408 361/416/408 424/477/408 425/480/408
f 415/420/409 414/417/409 477/478/409 478/481/409
f 389/421/410 388/418/410 451/479/410 452/482/410
f 363/422/411 362/419/411 425/480/411 426/483/411
f 416/423/412 415/420/412 478/481/412 479/484/412
f 390/424/413 389/421/413 452/482/413 453/485/413
f 364/425/414 363/422/414 426/483/414 427/486/414
f 417/426/415 416/423/415 479/484/415 480/487/415
f 391/427/416 390/424/416 453/485/416 454/488/416
f 365/428/417 364/425/417 427/486/417 428/489/417
f 418/429/418 417/426/418 480/487/418 481/490/418
f 392/430/419 391/427/419 454/488/419 455/491/419
f 366/431/420 365/428/420 428/489/420 429/492/420
f 419/432/421 418/429/421 481/490/421 482/493/421
f 393/433/422 392/430/422 455/491/422 456/494/422
f 367/434/423 366/431/423 429/492/423 430/495/423
f 2752/496/424 419/432/424 482/493/424
f 394/436/425 393/433/425 456/494/425 457/497/425
f 368/437/426 367/434/426 430/495/426 431/498/426
f 395/438/427 394/436/427 457/497/427 458/499/427
f 369/439/428 368/437/428 431/498/428 432/500/428
f 396/440/429 395/438/429 458/499/429 459/501/429
f 370/441/430 369/439/430 432/500/430 433/502/430
f 397/442/431 396/440/431 459/501/431 460/503/431
f 371/443/432 370/441/432 433/502/432 434/504/432
f 398/444/433 397/442/433 460/503/433 461/505/433
f 372/445/434 371/443/434 434/504/434 435/506/434
f 399/446/435 398/444/435 461/505/435 462/507/435
f 373/447/436 372/445/436 435/506/436 436/508/436
f 400/448/437 399/446/437 462/507/437 463/509/437
f 374/449/438 373/447/438 436/508/438 437/510/438
f 401/450/439 400/448/439 463/509/439 464/511/439
f 375/451/440 374/449/440 437/510/440 438/512/440
f 402/452/441 401/450/441 464/511/441 465/513/441
f 376/453/442 375/451/442 438/512/442 439/514/442
f 403/389/443 402/452/443 465/513/443 466/515/443
f 377/391/444 376/453/444 439/514/444 440/516/444
f 404/390/445 403/389/445 466/515/445 467/517/445
f 378/392/446 377/391/446 440/516/446 441/518/446
f 405/393/447 404/390/447 467/517/447 468/454/447
f 379/394/448 378/392/448 441/518/448 442/456/448
f 471/460/449 470/458/449 533/519/449 534/520/449
f 445/461/450 444/459/450 507/521/450 508/522/450
f 472/462/451 471/460/451 534/520/451 535/523/451
f 446/463/452 445/461/452 508/522/452 509/524/452
f 420/465/453 2058/525/453 483/526/453
f 473/466/454 472/462/454 535/523/454 536/527/454
f 447/467/455 446/463/455 509/524/455 510/528/455
f 421/468/456 420/465/456 483/526/456 484/529/456
f 474/469/457 473/466/457 536/527/457 537/530/457
f 448/470/458 447/467/458 510/528/458 511/531/458
f 422/471/459 421/468/459 484/529/459 485/532/459
f 475/472/460 474/469/460 537/530/460 538/533/460
f 449/473/461 448/470/461 511/531/461 512/534/461
f 423/474/462 422/471/462 485/532/462 486/535/462
f 476/475/463 475/472/463 538/533/463 539/536/463
f 450/476/464 449/473/464 512/534/464 513/537/464
f 424/477/465 423/474/465 486/535/465 487/538/465
f 477/478/466 476/475/466 539/536/466 540/539/466
f 451/479/467 450/476/467 513/537/467 514/540/467
f 425/480/468 424/477/468 487/538/468 488/541/468
f 478/481/469 477/478/469 540/539/469 541/542/469
f 452/482/470 451/479/470 514/540/470 515/543/470
f 426/483/471 425/480/471 488/541/471 489/544/471
f 479/484/472 478/481/472 541/542/472 542/545/472
f 453/485/473 452/482/473 515/543/473 516/546/473
f 427/486/474 426/483/474 489/544/474 490/547/474
f 480/487/475 479/484/475 542/545/475 543/548/475
f 454/488/476 453/485/476 516/546/476 517/549/476
f 428/489/477 427/486/477 490/547/477 491/550/477
f 481/490/478 480/487/478 543/548/478 544/551/478
f 455/491/479 454/488/479 517/549/479 518/552/479
f 429/492/480 428/489/480 491/550/480 492/553/480
f 482/493/481 481/490/481 544/551/481 545/554/481
f 456/494/482 455/491/482 518/552/482 519/555/482
f 430/495/483 429/492/483 492/553/483 493/556/483
f 2752/557/484 482/493/484 545/554/484
f 457/497/485 456/494/485 519/555/485 520/558/485
f 431/498/486 430/495/486 493/556/486 494/559/486
f 458/499/487 457/497/487 520/558/487 521/560/487
f 432/500/488 431/498/488 494/559/488 495/561/488
f 459/501/489 458/499/489 521/560/489 522/562/489
f 433/502/490 432/500/490 495/561/490 496/563/490
f 460/503/491 459/501/491 522/562/491 523/564/491
f 434/504/492 433/502/492 496/563/492 497/565/492
f 461/505/493 460/503/493 523/564/493 524/566/493
f 435/506/494 434/504/494 497/565/494 498/567/494
f 462/507/495 461/505/495 524/566/495 525/568/495
f 436/508/496 435/506/496 498/567/496 499/569/496
f 463/509/497 462/507/497 525/568/497 526/570/497
f 437/510/498 436/508/498 499/569/498 500/571/498
f 464/511/499 463/509/499 526/570/499 527/572/499
f 438/512/500 437/510/500 500/571/500 501/573/500
f 465/513/501 464/511/501 527/572/501 528/574/501
f 439/514/502 438/512/502 501/573/502 502/575/502
f 466/515/503 465/513/503 528/574/503 529/576/503
f 440/516/504 439/514/504 502/575/504 503/577/504
f 467/517/505 466/515/505 529/576/505 530/578/505
f 441/518/506 440/516/506 503/577/506 504/579/506
f 468/454/507 467/517/507 530/578/507 531/580/507
f 442/456/508 441/518/508 504/579/508 505/581/508
f 469/455/509 468/454/509 531/580/509 532/582/509
f 443/457/510 442/456/510 505/581/510 506/583/510
f 470/458/511 469/455/511 532/582/511 533/519/511
f 444/459/512 443/457/512 506/583/512 507/521/512
f 536/527/513 535/523/513 598/584/513 599/585/513
f 510/528/514 509/524/514 572/586/514 573/587/514
f 484/529/515 483/526/515 546/588/515 547/589/515
f 537/530/516 536/527/516 599/585/516 600/590/516
f 511/531/517 510/528/517 573/587/517 574/591/517
f 485/532/518 484/529/518 547/589/518 548/592/518
f 538/533/519 537/530/519 600/590/519 601/593/519
f 512/534/520 511/531/520 574/591/520 575/594/520
f 486/535/521 485/532/521 548/592/521 549/595/521
f 539/536/522 538/533/522 601/593/522 602/596/522
f 513/537/523 512/534/523 575/594/523 576/597/523
f 487/538/524 486/535/524 549/595/524 550/598/524
f 540/539/525 539/536/525 602/596/525 603/599/525
f 514/540/526 513/537/526 576/597/526 577/600/526
f 488/541/527 487/538/527 550/598/527 551/601/527
f 541/542/528 540/539/528 603/599/528 604/602/528
f 515/543/529 514/540/529 577/600/529 578/603/529
f 489/544/530 488/541/530 551/601/530 552/604/530
f 542/545/531 541/542/531 604/602/531 605/605/531
f 516/546/532 515/543/532 578/603/532 579/606/532
f 490/547/533 489/544/533 552/604/533 553/607/533
f 543/548/534 542/545/534 605/605/534 606/608/534
f 517/549/535 516/546/535 579/606/535 580/609/535
f 491/550/536 490/547/536 553/607/536 554/610/536
f 544/551/537 543/548/537 606/608/537 607/611/537
f 518/552/538 517/549/538 580/609/538 581/612/538
f 492/553/539 491/550/539 554/610/539 555/613/539
f 545/554/540 544/551/540 607/611/540 608/614/540
f 519/555/541 518/552/541 581/612/541 582/615/541
f 493/556/542 492/553/542 555/613/542 556/616/542
f 2752/617/543 545/554/543 608/614/543
f 520/558/544 519/555/544 582/615/544 583/618/544
f 494/559/545 493/556/545 556/616/545 557/619/545
f 521/560/546 520/558/546 583/618/546 584/620/546
f 495/561/547 494/559/547 557/619/547 558/621/547
f 522/562/548 521/560/548 584/620/548 585/622/548
f 496/563/549 495/561/549 558/621/549 559/623/549
f 523/564/550 522/562/550 585/622/550 586/624/550
f 497/565/551 496/563/551 559/623/551 560/625/551
f 524/566/552 523/564/552 586/624/552 587/626/552
f 498/567/553 497/565/553 560/625/553 561/627/553
f 525/568/554 524/566/554 587/626/554 588/628/554
f 499/569/555 498/567/555 561/627/555 562/629/555
f 526/570/556 525/568/556 588/628/556 589/630/556
f 500/571/557 499/569/557 562/629/557 563/631/557
f 527/572/558 526/570/558 589/630/558 590/632/558
f 501/573/559 500/571/559 563/631/559 564/633/559
f 528/574/560 527/572/560 590/632/560 591/634/560
f 502/575/561 501/573/561 564/633/561 565/635/561
f 529/576/562 528/574/562 591/634/562 592/636/562
f 503/577/563 502/575/563 565/635/563 566/637/563
f 530/578/564 529/576/564 592/636/564 593/638/564
f 504/579/565 503/577/565 566/637/565 567/639/565
f 531/580/566 530/578/566 593/638/566 594/640/566
f 505/581/567 504/579/567 567/639/567 568/641/567
f 532/582/568 531/580/568 594/640/568 595/642/568
f 506/583/569 505/581/569 568/641/569 569/643/569
f 533/519/570 532/582/570 595/642/570 596/644/570
f 507/521/571 506/583/571 569/643/571 570/645/571
f 534/520/572 533/519/572 596/644/572 597/646/572
f 508/522/573 507/521/573 570/645/573 571/647/573
f 535/523/574 534/520/574 597/646/574 598/584/574
f 509/524/575 508/522/575 571/647/575 572/586/575
f 483/526/576 2058/648/576 546/588/576
f 601/593/577 600/590/577 663/649/577 664/650/577
f 575/594/578 574/591/578 637/651/578 638/652/578
f 549/595/579 548/592/579 611/653/579 612/654/579
f 602/596/580 601/593/580 664/650/580 665/655/580
f 576/597/581 575/594/581 638/652/581 639/656/581
f 550/598/582 549/595/582 612/654/582 613/657/582
f 603/599/583 602/596/583 665/655/583 666/658/583
f 577/600/584 576/597/584 639/656/584 640/659/584
f 551/601/585 550/598/585 613/657/585 614/660/585
f 604/602/586 603/599/586 666/658/586 667/661/586
f 578/603/587 577/600/587 640/659/587 641/662/587
f 552/604/588 551/601/588 614/660/588 615/663/588
f 605/605/589 604/602/589 667/661/589 668/664/589
f 579/606/590 578/603/590 641/662/590 642/665/590
f 553/607/591 552/604/591 615/663/591 616/666/591
f 606/608/592 605/605/592 668/664/592 669/667/592
f 580/609/593 579/606/593 642/665/593 643/668/593
f 554/610/594 553/607/594 616/666/594 617/669/594
f 607/611/595 606/608/595 669/667/595 670/670/595
f 581/612/596 580/609/596 643/668/596 644/671/596
f 555/613/597 554/610/597 617/669/597 618/672/597
f 608/614/598 607/611/598 670/670/598 671/673/598
f 582/615/599 581/612/599 644/671/599 645/674/599
f 556/616/600 555/613/600 618/672/600 619/675/600
f 2752/676/601 608/614/601 671/673/601
f 583/618/602 582/615/602 645/674/602 646/677/602
f 557/619/603 556/616/603 619/675/603 620/678/603
f 584/620/604 583/618/604 646/677/604 647/679/604
f 558/621/605 557/619/605 620/678/605 621/680/605
f 585/622/606 584/620/606 647/679/606 648/681/606
f 559/623/607 558/621/607 621/680/607 622/682/607
f 586/624/608 585/622/608 648/681/608 649/683/608
f 560/625/609 559/623/609 622/682/609 623/684/609
f 587/626/610 586/624/610 649/683/610 650/685/610
f 561/627/611 560/625/611 623/684/611 624/686/611
f 588/628/612 587/626/612 650/685/612 651/687/612
f 562/629/613 561/627/613 624/686/613 625/688/613
f 589/630/614 588/628/614 651/687/614 652/689/614
f 563/631/615 562/629/615 625/688/615 626/690/615
f 590/632/616 589/630/616 652/689/616 653/691/616
f 564/633/617 563/631/617 626/690/617 627/692/617
f 591/634/618 590/632/618 653/691/618 654/693/618
f 565/635/619 564/633/619 627/692/619 628/694/619
f 592/636/620 591/634/620 654/693/620 655/695/620
f 566/637/621 565/635/621 628/694/621 629/696/621
f 593/638/622 592/636/622 655/695/622 656/697/622
f 567/639/623 566/637/623 629/696/623 630/698/623
f 594/640/624 593/638/624 656/697/624 657/699/624
f 568/641/625 567/639/625 630/698/625 631/700/625
f 595/642/626 594/640/626 657/699/626 658/701/626
f 569/643/627 568/641/627 631/700/627 632/702/627
f 596/644/628 595/642/628 658/701/628 659/703/628
f 570/645/629 569/643/629 632/702/629 633/704/629
f 597/646/630 596/644/630 659/703/630 660/705/630
f 571/647/631 570/645/631 633/704/631 634/706/631
f 598/584/632 597/646/632 660/705/632 661/707/632
f 572/586/633 571/647/633 634/706/633 635/708/633
f 546/588/634 2058/709/634 609/710/634
f 599/585/635 598/584/635 661/707/635 662/711/635
f 573/587/636 572/586/636 635/708/636 636/712/636
f 547/589/637 546/588/637 609/710/637 610/713/637
f 600/590/638 599/585/638 662/711/638 663/649/638
f 574/591/639 573/587/639 636/712/639 637/651/639
f 548/592/640 547/589/640 610/713/640 611/653/640
f 666/658/641 665/655/641 728/714/641 729/715/641
f 640/659/642 639/656/642 702/716/642 703/717/642
f 614/660/643 613/657/643 676/718/643 677/719/643
f 667/661/644 666/658/644 729/715/644 730/720/644
f 641/662/645 640/659/645 703/717/645 704/721/645
f 615/663/646 614/660/646 677/719/646 678/722/646
f 668/664/647 667/661/647 730/720/647 731/723/647
f 642/665/648 641/662/648 704/721/648 705/724/648
f 616/666/649 615/663/649 678/722/649 679/725/649
f 669/667/650 668/664/650 731/723/650 732/726/650
f 643/668/651 642/665/651 705/724/651 706/727/651
f 617/669/652 616/666/652 679/725/652 680/728/652
f 670/670/653 669/667/653 732/726/653 733/729/653
f 644/671/654 643/668/654 706/727/654 707/730/654
f 618/672/655 617/669/655 680/728/655 681/731/655
f 671/673/656 670/670/656 733/729/656 734/732/656
f 645/674/657 644/671/657 707/730/657 708/733/657
f 619/675/658 618/672/658 681/731/658 682/734/658
f 2752/735/659 671/673/659 734/732/659
f 646/677/660 645/674/660 708/733/660 709/736/660
f 620/678/661 619/675/661 682/734/661 683/737/661
f 647/679/662 646/677/662 709/736/662 710/738/662
f 621/680/663 620/678/663 683/737/663 684/739/663
f 648/681/664 647/679/664 710/738/664 711/740/664
f 622/682/665 621/680/665 684/739/665 685/741/665
f 649/683/666 648/681/666 711/740/666 712/742/666
f 623/684/667 622/682/667 685/741/667 686/743/667
f 650/685/668 649/683/668 712/742/668 713/744/668
f 624/686/669 623/684/669 686/743/669 687/745/669
f 651/687/670 650/685/670 713/744/670 714/746/670
f 625/688/671 624/686/671 687/745/671 688/747/671
f 652/689/672 651/687/672 714/746/672 715/748/672
f 626/690/673 625/688/673 688/747/673 689/749/673
f 653/691/674 652/689/674 715/748/674 716/750/674
f 627/692/675 626/690/675 689/749/675 690/751/675
f 654/693/676 653/691/676 716/750/676 717/752/676
f 628/694/677 627/692/677 690/751/677 691/753/677
f 655/695/678 654/693/678 717/752/678 718/754/678
f 629/696/679 628/694/679 691/753/679 692/755/679
f 656/697/680 655/695/680 718/754/680 719/756/680
f 630/698/681 629/696/681 692/755/681 693/757/681
f 657/699/682 656/697/682 719/756/682 720/758/682
f 631/700/683 630/698/683 693/757/683 694/759/683
f 658/701/684 657/699/684 720/758/684 721/760/684
f 632/702/685 631/700/685 694/759/685 695/761/685
f 659/703/686 658/701/686 721/760/686 722/762/686
f 633/704/687 632/702/687 695/761/687 696/763/687
f 660/705/688 659/703/688 722/762/688 723/764/688
f 634/706/689 633/704/689 696/763/689 697/765/689
f 661/707/690 660/705/690 723/764/690 724/766/690
f 635/708/691 634/706/691 697/765/691 698/767/691
f 609/710/692 2058/768/692 672/769/692
f 662/711/693 661/707/693 724/766/693 725/770/693
f 636/712/694 635/708/694 698/767/694 699/771/694
f 610/713/695 609/710/695 672/769/695 673/772/695
f 663/649/696 662/711/696 725/770/696 726/773/696
f 637/651/697 636/712/697 699/771/697 700/774/697
f 611/653/698 610/713/698 673/772/698 674/775/698
f 664/650/699 663/649/699 726/773/699 727/776/699
f 638/652/700 637/651/700 700/774/700 701/777/700
f 612/654/701 611/653/701 674/775/701 675/778/701
f 665/655/702 664/650/702 727/776/702 728/714/702
f 639/656/703 638/652/703 701/777/703 702/716/703
f 613/657/704 612/654/704 675/778/704 676/718/704
f 731/723/705 730/720/705 793/779/705 794/780/705
f 705/724/706 704/721/706 767/781/706 768/782/706
f 679/725/707 678/722/707 741/783/707 742/784/707
f 732/726/708 731/723/708 794/780/708 795/785/708
f 706/727/709 705/724/709 768/782/709 769/786/709
f 680/728/710 679/725/710 742/784/710 743/787/710
f 733/729/711 732/726/711 795/785/711 796/788/711
f 707/730/712 706/727/712 769/786/712 770/789/712
f 681/731/713 680/728/713 743/787/713 744/790/713
f 734/732/714 733/729/714 796/788/714 797/791/714
f 708/733/715 707/730/715 770/789/715 771/792/715
f 682/734/716 681/731/716 744/790/716 745/793/716
f 2752/794/717 734/732/717 797/791/717
f 709/736/718 708/733/718 771/792/718 772/795/718
f 683/737/719 682/734/719 745/793/719 746/796/719
f 710/738/720 709/736/720 772/795/720 773/797/720
f 684/739/721 683/737/721 746/796/721 747/798/721
f 711/740/722 710/738/722 773/797/722 774/799/722
f 685/741/723 684/739/723 747/798/723 748/800/723
f 712/742/724 711/740/724 774/799/724 775/801/724
f 686/743/725 685/741/725 748/800/725 749/802/725
f 713/744/726 712/742/726 775/801/726 776/803/726
f 687/745/727 686/743/727 749/802/727 750/804/727
f 714/746/728 713/744/728 776/803/728 777/805/728
f 688/747/729 687/745/729 750/804/729 751/806/729
f 715/748/730 714/746/730 777/805/730 778/807/730
f 689/749/731 688/747/731 751/806/731 752/808/731
f 716/750/732 715/748/732 778/807/732 779/809/732
f 690/751/733 689/749/733 752/808/733 753/810/733
f 717/752/734 716/750/734 779/809/734 780/811/734
f 691/753/735 690/751/735 753/810/735 754/812/735
f 718/754/736 717/752/736 780/811/736 781/813/736
f 692/755/737 691/753/737 754/812/737 755/814/737
f 719/756/738 718/754/738 781/813/738 782/815/738
f 693/757/739 692/755/739 755/814/739 756/816/739
f 720/758/740 719/756/740 782/815/740 783/817/740
f 694/759/741 693/757/741 756/816/741 757/818/741
f 721/760/742 720/758/742 783/817/742 784/819/742
f 695/761/743 694/759/743 757/818/743 758/820/743
f 722/762/744 721/760/744 784/819/744 785/821/744
f 696/763/745 695/761/745 758/820/745 759/822/745
f 723/764/746 722/762/746 785/821/746 786/823/746
f 697/765/747 696/763/747 759/822/747 760/824/747
f 724/766/748 723/764/748 786/823/748 787/825/748
f 698/767/749 697/765/749 760/824/749 761/826/749
f 672/769/750 2058/827/750 735/828/750
f 725/770/751 724/766/751 787/825/751 788/829/751
f 699/771/752 698/767/752 761/826/752 762/830/752
f 673/772/753 672/769/753 735/828/753 736/831/753
f 726/773/754 725/770/754 788/829/754 789/832/754
f 700/774/755 699/771/755 762/830/755 763/833/755
f 674/775/756 673/772/756 736/831/756 737/834/756
f 727/776/757 726/773/757 789/832/757 790/835/757
f 701/777/758 700/774/758 763/833/758 764/836/758
f 675/778/759 674/775/759 737/834/759 738/837/759
f 728/714/760 727/776/760 790/835/760 791/838/760
f 702/716/761 701/777/761 764/836/761 765/839/761
f 676/718/762 675/778/762 738/837/762 739/840/762
f 729/715/763 728/714/763 791/838/763 792/841/763
f 703/717/764 702/716/764 765/839/764 766/842/764
f 677/719/765 676/718/765 739/840/765 740/843/765
f 730/720/766 729/715/766 792/841/766 793/779/766
f 704/721/767 703/717/767 766/842/767 767/781/767
f 678/722/768 677/719/768 740/843/768 741/783/768
f 796/788/769 795/785/769 858/844/769 859/845/769
f 770/789/770 769/786/770 832/846/770 833/847/770
f 744/790/771 743/787/771 806/848/771 807/849/771
f 797/791/772 796/788/772 859/845/772 860/850/772
f 771/792/773 770/789/773 833/847/773 834/851/773
f 745/793/774 744/790/774 807/849/774 808/852/774
f 2752/853/775 797/791/775 860/850/775
f 772/795/776 771/792/776 834/851/776 835/854/776
f 746/796/777 745/793/777 808/852/777 809/855/777
f 773/797/778 772/795/778 835/854/778 836/856/778
f 747/798/779 746/796/779 809/855/779 810/857/779
f 774/799/780 773/797/780 836/856/780 837/858/780
f 748/800/781 747/798/781 810/857/781 811/859/781
f 775/801/782 774/799/782 837/858/782 838/860/782
f 749/802/783 748/800/783 811/859/783 812/861/783
f 776/803/784 775/801/784 838/860/784 839/862/784
f 750/804/785 749/802/785 812/861/785 813/863/785
f 777/805/786 776/803/786 839/862/786 840/864/786
f 751/806/787 750/804/787 813/863/787 814/865/787
f 778/807/788 777/805/788 840/864/788 841/866/788
f 752/808/789 751/806/789 814/865/789 815/867/789
f 779/809/790 778/807/790 841/866/790 842/868/790
f 753/810/791 752/808/791 815/867/791 816/869/791
f 780/811/792 779/809/792 842/868/792 843/870/792
f 754/812/793 753/810/793 816/869/793 817/871/793
f 781/813/794 780/811/794 843/870/794 844/872/794
f 755/814/795 754/812/795 817/871/795 818/873/795
f 782/815/796 781/813/796 844/872/796 845/874/796
f 756/816/797 755/814/797 818/873/797 819/875/797
f 783/817/798 782/815/798 845/874/798 846/876/798
f 757/818/799 756/816/799 819/875/799 820/877/799
f 784/819/800 783/817/800 846/876/800 847/878/800
f 758/820/801 757/818/801 820/877/801 821/879/801
f 785/821/802 784/819/802 847/878/802 848/880/802
f 759/822/803 758/820/803 821/879/803 822/881/803
f 786/823/804 785/821/804 848/880/804 849/882/804
f 760/824/805 759/822/805 822/881/805 823/883/805
f 787/825/806 786/823/806 849/882/806 850/884/806
f 761/826/807 760/824/807 823/883/807 824/885/807
f 735/828/808 2058/886/808 798/887/808
f 788/829/809 787/825/809 850/884/809 851/888/809
f 762/830/810 761/826/810 824/885/810 825/889/810
f 736/831/811 735/828/811 798/887/811 799/890/811
f 789/832/812 788/829/812 851/888/812 852/891/812
f 763/833/813 762/830/813 825/889/813 826/892/813
f 737/834/814 736/831/814 799/890/814 800/893/814
f 790/835/815 789/832/815 852/891/815 853/894/815
f 764/836/816 763/833/816 826/892/816 827/895/816
f 738/837/817 737/834/817 800/893/817 801/896/817
f 791/838/818 790/835/818 853/894/818 854/897/818
f 765/839/819 764/836/819 827/895/819 828/898/819
f 739/840/820 738/837/820 801/896/820 802/899/820
f 792/841/821 791/838/821 854/897/821 855/900/821
f 766/842/822 765/839/822 828/898/822 829/901/822
f 740/843/823 739/840/823 802/899/823 803/902/823
f 793/779/824 792/841/824 855/900/824 856/903/824
f 767/781/825 766/842/825 829/901/825 830/904/825
f 741/783/826 740/843/826 803/902/826 804/905/826
f 794/780/827 793/779/827 856/903/827 857/906/827
f 768/782/828 767/781/828 830/904/828 831/907/828
f 742/784/829 741/783/829 804/905/829 805/908/829
f 795/785/830 794/780/830 857/906/830 858/844/830
f 769/786/831 768/782/831 831/907/831 832/846/831
f 743/787/832 742/784/832 805/908/832 806/848/832
f 809/855/833 808/852/833 871/909/833 872/910/833
f 837/858/834 836/856/834 899/911/834 900/912/834
f 810/857/835 809/855/835 872/910/835 873/913/835
f 838/860/836 837/858/836 900/912/836 901/914/836
f 811/859/837 810/857/837 873/913/837 874/915/837
f 839/862/838 838/860/838 901/914/838 902/916/838
f 812/861/839 811/859/839 874/915/839 875/917/839
f 840/864/840 839/862/840 902/916/840 903/918/840
f 813/863/841 812/861/841 875/917/841 876/919/841
f 841/866/842 840/864/842 903/918/842 904/920/842
f 814/865/843 813/863/843 876/919/843 877/921/843
f 842/868/844 841/866/844 904/920/844 905/922/844
f 843/870/845 842/868/845 905/922/845 906/923/845
f 815/867/846 814/865/846 877/921/846 878/924/846
f 844/872/847 843/870/847 906/923/847 907/925/847
f 816/869/848 815/867/848 878/924/848 879/926/848
f 817/871/849 816/869/849 879/926/849 880/927/849
f 845/874/850 844/872/850 907/925/850 908/928/850
f 818/873/851 817/871/851 880/927/851 881/929/851
f 846/876/852 845/874/852 908/928/852 909/930/852
f 819/875/853 818/873/853 881/929/853 882/931/853
f 847/878/854 846/876/854 909/930/854 910/932/854
f 820/877/855 819/875/855 882/931/855 883/933/855
f 848/880/856 847/878/856 910/932/856 911/934/856
f 849/882/857 848/880/857 911/934/857 912/935/857
f 821/879/858 820/877/858 883/933/858 884/936/858
f 850/884/859 849/882/859 912/935/859 913/937/859
f 822/881/860 821/879/860 884/936/860 885/938/860
f 824/885/861 823/883/861 886/939/861 887/940/861
f 851/888/862 850/884/862 913/937/862 914/941/862
f 823/883/863 822/881/863 885/938/863 886/939/863
f 825/889/864 824/885/864 887/940/864 888/942/864
f 852/891/865 851/888/865 914/941/865 915/943/865
f 798/887/866 2058/944/866 861/945/866
f 826/892/867 825/889/867 888/942/867 889/946/867
f 853/894/868 852/891/868 915/943/868 916/947/868
f 799/890/869 798/887/869 861/945/869 862/948/869
f 827/895/870 826/892/870 889/946/870 890/949/870
f 854/897/871 853/894/871 916/947/871 917/950/871
f 800/893/872 799/890/872 862/948/872 863/951/872
f 828/898/873 827/895/873 890/949/873 891/952/873
f 855/900/874 854/897/874 917/950/874 918/953/874
f 801/896/875 800/893/875 863/951/875 864/954/875
f 829/901/876 828/898/876 891/952/876 892/955/876
f 856/903/877 855/900/877 918/953/877 919/956/877
f 830/904/878 829/901/878 892/955/878 893/957/878
f 802/899/879 801/896/879 864/954/879 865/958/879
f 857/906/880 856/903/880 919/956/880 920/959/880
f 803/902/881 802/899/881 865/958/881 866/960/881
f 831/907/882 830/904/882 893/957/882 894/961/882
f 858/844/883 857/906/883 920/959/883 921/962/883
f 804/905/884 803/902/884 866/960/884 867/963/884
f 832/846/885 831/907/885 894/961/885 895/964/885
f 859/845/886 858/844/886 921/962/886 922/965/886
f 805/908/887 804/905/887 867/963/887 868/966/887
f 833/847/888 832/846/888 895/964/888 896/967/888
f 860/850/889 859/845/889 922/965/889 923/968/889
f 806/848/890 805/908/890 868/966/890 869/969/890
f 834/851/891 833/847/891 896/967/891 897/970/891
f 2752/971/892 860/850/892 923/968/892
f 807/849/893 806/848/893 869/969/893 870/972/893
f 835/854/894 834/851/894 897/970/894 898/973/894
f 808/852/895 807/849/895 870/972/895 871/909/895
f 836/856/896 835/854/896 898/973/896 899/911/896
f 902/916/897 901/914/897 964/974/897 965/975/897
f 876/919/898 875/917/898 938/976/898 939/977/898
f 903/918/899 902/916/899 965/975/899 966/978/899
f 877/921/900 876/919/900 939/977/900 940/979/900
f 904/920/901 903/918/901 966/978/901 967/980/901
f 878/924/902 877/921/902 940/979/902 941/981/902
f 905/922/903 904/920/903 967/980/903 968/982/903
f 879/926/904 878/924/904 941/981/904 942/983/904
f 906/923/905 905/922/905 968/982/905 969/984/905
f 880/927/906 879/926/906 942/983/906 943/985/906
f 907/925/907 906/923/907 969/984/907 970/986/907
f 881/929/908 880/927/908 943/985/908 944/987/908
f 908/928/909 907/925/909 970/986/909 971/988/909
f 882/931/910 881/929/910 944/987/910 945/989/910
f 909/930/911 908/928/911 971/988/911 972/990/911
f 883/933/912 882/931/912 945/989/912 946/991/912
f 910/932/913 909/930/913 972/990/913 973/992/913
f 884/936/914 883/933/914 946/991/914 947/993/914
f 911/934/915 910/932/915 973/992/915 974/994/915
f 885/938/916 884/936/916 947/993/916 948/995/916
f 912/935/917 911/934/917 974/994/917 975/996/917
f 886/939/918 885/938/918 948/995/918 949/997/918
f 913/937/919 912/935/919 975/996/919 976/998/919
f 887/940/920 886/939/920 949/997/920 950/999/920
f 861/945/921 2058/1000/921 924/1001/921
f 914/941/922 913/937/922 976/998/922 977/1002/922
f 888/942/923 887/940/923 950/999/923 951/1003/923
f 862/948/924 861/945/924 924/1001/924 925/1004/924
f 915/943/925 914/941/925 977/1002/925 978/1005/925
f 889/946/926 888/942/926 951/1003/926 952/1006/926
f 863/951/927 862/948/927 925/1004/927 926/1007/927
f 916/947/928 915/943/928 978/1005/928 979/1008/928
f 890/949/929 889/946/929 952/1006/929 953/1009/929
f 864/954/930 863/951/930 926/1007/930 927/1010/930
f 917/950/931 916/947/931 979/1008/931 980/1011/931
f 891/952/932 890/949/932 953/1009/932 954/1012/932
f 865/958/933 864/954/933 927/1010/933 928/1013/933
f 918/953/934 917/950/934 980/1011/934 981/1014/934
f 892/955/935 891/952/935 954/1012/935 955/1015/935
f 866/960/936 865/958/936 928/1013/936 929/1016/936
f 919/956/937 918/953/937 981/1014/937 982/1017/937
f 893/957/938 892/955/938 955/1015/938 956/1018/938
f 867/963/939 866/960/939 929/1016/939 930/1019/939
f 920/959/940 919/956/940 982/1017/940 983/1020/940
f 894/961/941 893/957/941 956/1018/941 957/1021/941
f 868/966/942 867/963/942 930/1019/942 931/1022/942
f 921/962/943 920/959/943 983/1020/943 984/1023/943
f 895/964/944 894/961/944 957/1021/944 958/1024/944
f 869/969/945 868/966/945 931/1022/945 932/1025/945
f 922/965/946 921/962/946 984/1023/946 985/1026/946
f 896/967/947 895/964/947 958/1024/947 959/1027/947
f 870/972/948 869/969/948 932/1025/948 933/1028/948
f 923/968/949 922/965/949 985/1026/949 986/1029/949
f 897/970/950 896/967/950 959/1027/950 960/1030/950
f 871/909/951 870/972/951 933/1028/951 934/1031/951
f 2752/1032/952 923/968/952 986/1029/952
f 898/973/953 897/970/953 960/1030/953 961/1033/953
f 872/910/954 871/909/954 934/1031/954 935/1034/954
f 899/911/955 898/973/955 961/1033/955 962/1035/955
f 873/913/956 872/910/956 935/1034/956 936/1036/956
f 900/912/957 899/911/957 962/1035/957 963/1037/957
f 874/915/958 873/913/958 936/1036/958 937/1038/958
f 901/914/959 900/912/959 963/1037/959 964/974/959
f 875/917/960 874/915/960 937/1038/960 938/976/960
f 967/980/961 966/978/961 1029/1039/961 1030/1040/961
f 941/981/962 940/979/962 1003/1041/962 1004/1042/962
f 968/982/963 967/980/963 1030/1040/963 1031/1043/963
f 942/983/964 941/981/964 1004/1042/964 1005/1044/964
f 969/984/965 968/982/965 1031/1043/965 1032/1045/965
f 943/985/966 942/983/966 1005/1044/966 1006/1046/966
f 970/986/967 969/984/967 1032/1045/967 1033/1047/967
f 944/987/968 943/985/968 1006/1046/968 1007/1048/968
f 971/988/969 970/986/969 1033/1047/969 1034/1049/969
f 945/989/970 944/987/970 1007/1048/970 1008/1050/970
f 972/990/971 971/988/971 1034/1049/971 1035/1051/971
f 946/991/972 945/989/972 1008/1050/972 1009/1052/972
f 973/992/973 972/990/973 1035/1051/973 1036/1053/973
f 947/993/974 946/991/974 1009/1052/974 1010/1054/974
f 974/994/975 973/992/975 1036/1053/975 1037/1055/975
f 948/995/976 947/993/976 1010/1054/976 1011/1056/976
f 975/996/977 974/994/977 1037/1055/977 1038/1057/977
f 949/997/978 948/995/978 1011/1056/978 1012/1058/978
f 976/998/979 975/996/979 1038/1057/979 1039/1059/979
f 950/999/980 949/997/980 1012/1058/980 1013/1060/980
f 924/1001/981 2058/1061/981 987/1062/981
f 977/1002/982 976/998/982 1039/1059/982 1040/1063/982
f 951/1003/983 950/999/983 1013/1060/983 1014/1064/983
f 925/1004/984 924/1001/984 987/1062/984 988/1065/984
f 978/1005/985 977/1002/985 1040/1063/985 1041/1066/985
f 952/1006/986 951/1003/986 1014/1064/986 1015/1067/986
f 926/1007/987 925/1004/987 988/1065/987 989/1068/987
f 979/1008/988 978/1005/988 1041/1066/988 1042/1069/988
f 953/1009/989 952/1006/989 1015/1067/989 1016/1070/989
f 927/1010/990 926/1007/990 989/1068/990 990/1071/990
f 980/1011/991 979/1008/991 1042/1069/991 1043/1072/991
f 954/1012/992 953/1009/992 1016/1070/992 1017/1073/992
f 928/1013/993 927/1010/993 990/1071/993 991/1074/993
f 981/1014/994 980/1011/994 1043/1072/994 1044/1075/994
f 955/1015/995 954/1012/995 1017/1073/995 1018/1076/995
f 929/1016/996 928/1013/996 991/1074/996 992/1077/996
f 982/1017/997 981/1014/997 1044/1075/997 1045/1078/997
f 956/1018/998 955/1015/998 1018/1076/998 1019/1079/998
f 930/1019/999 929/1016/999 992/1077/999 993/1080/999
f 983/1020/1000 982/1017/1000 1045/1078/1000 1046/1081/1000
f 957/1021/1001 956/1018/1001 1019/1079/1001 1020/1082/1001
f 931/1022/1002 930/1019/1002 993/1080/1002 994/1083/1002
f 984/1023/1003 983/1020/1003 1046/1081/1003 1047/1084/1003
f 958/1024/1004 957/1021/1004 1020/1082/1004 1021/1085/1004
f 932/1025/1005 931/1022/1005 994/1083/1005 995/1086/1005
f 985/1026/1006 984/1023/1006 1047/1084/1006 1048/1087/1006
f 959/1027/1007 958/1024/1007 1021/1085/1007 1022/1088/1007
f 933/1028/1008 932/1025/1008 995/1086/1008 996/1089/1008
f 986/1029/1009 985/1026/1009 1048/1087/1009 1049/1090/1009
f 960/1030/1010 959/1027/1010 1022/1088/1010 1023/1091/1010
f 934/1031/1011 933/1028/1011 996/1089/1011 997/1092/1011
f 2752/1093/1012 986/1029/1012 1049/1090/1012
f 961/1033/1013 960/1030/1013 1023/1091/1013 1024/1094/1013
f 935/1034/1014 934/1031/1014 997/1092/1014 998/1095/1014
f 962/1035/1015 961/1033/1015 1024/1094/1015 1025/1096/1015
f 936/1036/1016 935/1034/1016 998/1095/1016 999/1097/1016
f 963/1037/1017 962/1035/1017 1025/1096/1017 1026/1098/1017
f 937/1038/1018 936/1036/1018 999/1097/1018 1000/1099/1018
f 964/974/1019 963/1037/1019 1026/1098/1019 1027/1100/1019
f 938/976/1020 937/1038/1020 1000/1099/1020 1001/1101/1020
f 965/975/1021 964/974/1021 1027/1100/1021 1028/1102/1021
f 939/977/1022 938/976/1022 1001/1101/1022 1002/1103/1022
f 966/978/1023 965/975/1023 1028/1102/1023 1029/1039/1023
f 940/979/1024 939/977/1024 1002/1103/1024 1003/1041/1024
f 1032/1045/1025 1031/1043/1025 1094/1104/1025 1095/1105/1025
f 1006/1046/1026 1005/1044/1026 1068/1106/1026 1069/1107/1026
f 1033/1047/1027 1032/1045/1027 1095/1105/1027 1096/1108/1027
f 1007/1048/1028 1006/1046/1028 1069/1107/1028 1070/1109/1028
f 1034/1049/1029 1033/1047/1029 1096/1108/1029 1097/1110/1029
f 1008/1050/1030 1007/1048/1030 1070/1109/1030 1071/1111/1030
f 1035/1051/1031 1034/1049/1031 1097/1110/1031 1098/1112/1031
f 1009/1052/1032 1008/1050/1032 1071/1111/1032 1072/1113/1032
f 1036/1053/1033 1035/1051/1033 1098/1112/1033 1099/1114/1033
f 1010/1054/1034 1009/1052/1034 1072/1113/1034 1073/1115/1034
f 1037/1055/1035 1036/1053/1035 1099/1114/1035 1100/1116/1035
f 1011/1056/1036 1010/1054/1036 1073/1115/1036 1074/1117/1036
f 1038/1057/1037 1037/1055/1037 1100/1116/1037 1101/1118/1037
f 1012/1058/1038 1011/1056/1038 1074/1117/1038 1075/1119/1038
f 1039/1059/1039 1038/1057/1039 1101/1118/1039 1102/1120/1039
f 1013/1060/1040 1012/1058/1040 1075/1119/1040 1076/1121/1040
f 987/1062/1041 2058/1122/1041 1050/1123/1041
f 1040/1063/1042 1039/1059/1042 1102/1120/1042 1103/1124/1042
f 1014/1064/1043 1013/1060/1043 1076/1121/1043 1077/1125/1043
f 988/1065/1044 987/1062/1044 1050/1123/1044 1051/1126/1044
f 1041/1066/1045 1040/1063/1045 1103/1124/1045 1104/1127/1045
f 1015/1067/1046 1014/1064/1046 1077/1125/1046 1078/1128/1046
f 989/1068/1047 988/1065/1047 1051/1126/1047 1052/1129/1047
f 1042/1069/1048 1041/1066/1048 1104/1127/1048 1105/1130/1048
f 1016/1070/1049 1015/1067/1049 1078/1128/1049 1079/1131/1049
f 990/1071/1050 989/1068/1050 1052/1129/1050 1053/1132/1050
f 1043/1072/1051 1042/1069/1051 1105/1130/1051 1106/1133/1051
f 1017/1073/1052 1016/1070/1052 1079/1131/1052 1080/1134/1052
f 991/1074/1053 990/1071/1053 1053/1132/1053 1054/1135/1053
f 1044/1075/1054 1043/1072/1054 1106/1133/1054 1107/1136/1054
f 1018/1076/1055 1017/1073/1055 1080/1134/1055 1081/1137/1055
f 992/1077/1056 991/1074/1056 1054/1135/1056 1055/1138/1056
f 1045/1078/1057 1044/1075/1057 1107/1136/1057 1108/1139/1057
f 1019/1079/1058 1018/1076/1058 1081/1137/1058 1082/1140/1058
f 993/1080/1059 992/1077/1059 1055/1138/1059 1056/1141/1059
f 1046/1081/1060 1045/1078/1060 1108/1139/1060 1109/1142/1060
f 1020/1082/1061 1019/1079/1061 1082/1140/1061 1083/1143/1061
f 994/1083/1062 993/1080/1062 1056/1141/1062 1057/1144/1062
f 1047/1084/1063 1046/1081/1063 1109/1142/1063 1110/1145/1063
f 1021/1085/1064 1020/1082/1064 1083/1143/1064 1084/1146/1064
f 995/1086/1065 994/1083/1065 1057/1144/1065 1058/1147/1065
f 1048/1087/1066 1047/1084/1066 1110/1145/1066 1111/1148/1066
f 1022/1088/1067 1021/1085/1067 1084/1146/1067 1085/1149/1067
f 996/1089/1068 995/1086/1068 1058/1147/1068 1059/1150/1068
f 1049/1090/1069 1048/1087/1069 1111/1148/1069 1112/1151/1069
f 1023/1091/1070 1022/1088/1070 1085/1149/1070 1086/1152/1070
f 997/1092/1071 996/1089/1071 1059/1150/1071 1060/1153/1071
f 2752/1154/1072 1049/1090/1072 1112/1151/1072
f 1024/1094/1073 1023/1091/1073 1086/1152/1073 1087/1155/1073
f 998/1095/1074 997/1092/1074 1060/1153/1074 1061/1156/1074
f 1025/1096/1075 1024/1094/1075 1087/1155/1075 1088/1157/1075
f 999/1097/1076 998/1095/1076 1061/1156/1076 1062/1158/1076
f 1026/1098/1077 1025/1096/1077 1088/1157/1077 1089/1159/1077
f 1000/1099/1078 999/1097/1078 1062/1158/1078 1063/1160/1078
f 1027/1100/1079 1026/1098/1079 1089/1159/1079 1090/1161/1079
f 1001/1101/1080 1000/1099/1080 1063/1160/1080 1064/1162/1080
f 1028/1102/1081 1027/1100/1081 1090/1161/1081 1091/1163/1081
f 1002/1103/1082 1001/1101/1082 1064/1162/1082 1065/1164/1082
f 1029/1039/1083 1028/1102/1083 1091/1163/1083 1092/1165/1083
f 1003/1041/1084 1002/1103/1084 1065/1164/1084 1066/1166/1084
f 1030/1040/1085 1029/1039/1085 1092/1165/1085 1093/1167/1085
f 1004/1042/1086 1003/1041/1086 1066/1166/1086 1067/1168/1086
f 1031/1043/1087 1030/1040/1087 1093/1167/1087 1094/1104/1087
f 1005/1044/1088 1004/1042/1088 1067/1168/1088 1068/1106/1088
f 1097/1110/1089 1096/1108/1089 1159/1169/1089 1160/1170/1089
f 1071/1111/1090 1070/1109/1090 1133/1171/1090 1134/1172/1090
f 1098/1112/1091 1097/1110/1091 1160/1170/1091 1161/1173/1091
f 1072/1113/1092 1071/1111/1092 1134/1172/1092 1135/1174/1092
f 1099/1114/1093 1098/1112/1093 1161/1173/1093 1162/1175/1093
f 1073/1115/1094 1072/1113/1094 1135/1174/1094 1136/1176/1094
f 1100/1116/1095 1099/1114/1095 1162/1175/1095 1163/1177/1095
f 1074/1117/1096 1073/1115/1096 1136/1176/1096 1137/1178/1096
f 1101/1118/1097 1100/1116/1097 1163/1177/1097 1164/1179/1097
f 1075/1119/1098 1074/1117/1098 1137/1178/1098 1138/1180/1098
f 1102/1120/1099 1101/1118/1099 1164/1179/1099 1165/1181/1099
f 1076/1121/1100 1075/1119/1100 1138/1180/1100 1139/1182/1100
f 1050/1123/1101 2058/1183/1101 1113/1184/1101
f 1103/1124/1102 1102/1120/1102 1165/1181/1102 1166/1185/1102
f 1077/1125/1103 1076/1121/1103 1139/1182/1103 1140/1186/1103
f 1051/1126/1104 1050/1123/1104 1113/1184/1104 1114/1187/1104
f 1104/1127/1105 1103/1124/1105 1166/1185/1105 1167/1188/1105
f 1078/1128/1106 1077/1125/1106 1140/1186/1106 1141/1189/1106
f 1052/1129/1107 1051/1126/1107 1114/1187/1107 1115/1190/1107
f 1105/1130/1108 1104/1127/1108 1167/1188/1108 1168/1191/1108
f 1079/1131/1109 1078/1128/1109 1141/1189/1109 1142/1192/1109
f 1053/1132/1110 1052/1129/1110 1115/1190/1110 1116/1193/1110
f 1106/1133/1111 1105/1130/1111 1168/1191/1111 1169/1194/1111
f 1080/1134/1112 1079/1131/1112 1142/1192/1112 1143/1195/1112
f 1054/1135/1113 1053/1132/1113 1116/1193/1113 1117/1196/1113
f 1107/1136/1114 1106/1133/1114 1169/1194/1114 1170/1197/1114
f 1081/1137/1115 1080/1134/1115 1143/1195/1115 1144/1198/1115
f 1055/1138/1116 1054/1135/1116 1117/1196/1116 1118/1199/1116
f 1108/1139/1117 1107/1136/1117 1170/1197/1117 1171/1200/1117
f 1082/1140/1118 1081/1137/1118 1144/1198/1118 1145/1201/1118
f 1056/1141/1119 1055/1138/1119 1118/1199/1119 1119/1202/1119
f 1109/1142/1120 1108/1139/1120 1171/1200/1120 1172/1203/1120
f 1083/1143/1121 1082/1140/1121 1145/1201/1121 1146/1204/1121
f 1057/1144/1122 1056/1141/1122 1119/1202/1122 1120/1205/1122
f 1110/1145/1123 1109/1142/1123 1172/1203/1123 1173/1206/1123
f 1084/1146/1124 1083/1143/1124 1146/1204/1124 1147/1207/1124
f 1058/1147/1125 1057/1144/1125 1120/1205/1125 1121/1208/1125
f 1111/1148/1126 1110/1145/1126 1173/1206/1126 1174/1209/1126
f 1085/1149/1127 1084/1146/1127 1147/1207/1127 1148/1210/1127
f 1059/1150/1128 1058/1147/1128 1121/1208/1128 1122/1211/1128
f 1112/1151/1129 1111/1148/1129 1174/1209/1129 1175/1212/1129
f 1086/1152/1130 1085/1149/1130 1148/1210/1130 1149/1213/1130
f 1060/1153/1131 1059/1150/1131 1122/1211/1131 1123/1214/1131
f 2752/1215/1132 1112/1151/1132 1175/1212/1132
f 1087/1155/1133 1086/1152/1133 1149/1213/1133 1150/1216/1133
f 1061/1156/1134 1060/1153/1134 1123/1214/1134 1124/1217/1134
f 1088/1157/1135 1087/1155/1135 1150/1216/1135 1151/1218/1135
f 1062/1158/1136 1061/1156/1136 1124/1217/1136 1125/1219/1136
f 1089/1159/1137 1088/1157/1137 1151/1218/1137 1152/1220/1137
f 1063/1160/1138 1062/1158/1138 1125/1219/1138 1126/1221/1138
f 1090/1161/1139 1089/1159/1139 1152/1220/1139 1153/1222/1139
f 1064/1162/1140 1063/1160/1140 1126/1221/1140 1127/1223/1140
f 1091/1163/1141 1090/1161/1141 1153/1222/1141 1154/1224/1141
f 1065/1164/1142 1064/1162/1142 1127/1223/1142 1128/1225/1142
f 1092/1165/1143 1091/1163/1143 1154/1224/1143 1155/1226/1143
f 1066/1166/1144 1065/1164/1144 1128/1225/1144 1129/1227/1144
f 1093/1167/1145 1092/1165/1145 1155/1226/1145 1156/1228/1145
f 1067/1168/1146 1066/1166/1146 1129/1227/1146 1130/1229/1146
f 1094/1104/1147 1093/1167/1147 1156/1228/1147 1157/1230/1147
f 1068/1106/1148 1067/1168/1148 1130/1229/1148 1131/1231/1148
f 1095/1105/1149 1094/1104/1149 1157/1230/1149 1158/1232/1149
f 1069/1107/1150 1068/1106/1150 1131/1231/1150 1132/1233/1150
f 1096/1108/1151 1095/1105/1151 1158/1232/1151 1159/1169/1151
f 1070/1109/1152 1069/1107/1152 1132/1233/1152 1133/1171/1152
f 1162/1175/1153 1161/1173/1153 1224/1234/1153 1225/1235/1153
f 1136/1176/1154 1135/1174/1154 1198/1236/1154 1199/1237/1154
f 1163/1177/1155 1162/1175/1155 1225/1235/1155 1226/1238/1155
f 1137/1178/1156 1136/1176/1156 1199/1237/1156 1200/1239/1156
f 1164/1179/1157 1163/1177/1157 1226/1238/1157 1227/1240/1157
f 1138/1180/1158 1137/1178/1158 1200/1239/1158 1201/1241/1158
f 1165/1181/1159 1164/1179/1159 1227/1240/1159 1228/1242/1159
f 1139/1182/1160 1138/1180/1160 1201/1241/1160 1202/1243/1160
f 1113/1184/1161 2058/1244/1161 1176/1245/1161
f 1166/1185/1162 1165/1181/1162 1228/1242/1162 1229/1246/1162
f 1140/1186/1163 1139/1182/1163 1202/1243/1163 1203/1247/1163
f 1114/1187/1164 1113/1184/1164 1176/1245/1164 1177/1248/1164
f 1167/1188/1165 1166/1185/1165 1229/1246/1165 1230/1249/1165
f 1141/1189/1166 1140/1186/1166 1203/1247/1166 1204/1250/1166
f 1115/1190/1167 1114/1187/1167 1177/1248/1167 1178/1251/1167
f 1168/1191/1168 1167/1188/1168 1230/1249/1168 1231/1252/1168
f 1142/1192/1169 1141/1189/1169 1204/1250/1169 1205/1253/1169
f 1116/1193/1170 1115/1190/1170 1178/1251/1170 1179/1254/1170
f 1169/1194/1171 1168/1191/1171 1231/1252/1171 1232/1255/1171
f 1143/1195/1172 1142/1192/1172 1205/1253/1172 1206/1256/1172
f 1117/1196/1173 1116/1193/1173 1179/1254/1173 1180/1257/1173
f 1170/1197/1174 1169/1194/1174 1232/1255/1174 1233/1258/1174
f 1144/1198/1175 1143/1195/1175 1206/1256/1175 1207/1259/1175
f 1118/1199/1176 1117/1196/1176 1180/1257/1176 1181/1260/1176
f 1171/1200/1177 1170/1197/1177 1233/1258/1177 1234/1261/1177
f 1145/1201/1178 1144/1198/1178 1207/1259/1178 1208/1262/1178
f 1119/1202/1179 1118/1199/1179 1181/1260/1179 1182/1263/1179
f 1172/1203/1180 1171/1200/1180 1234/1261/1180 1235/1264/1180
f 1146/1204/1181 1145/1201/1181 1208/1262/1181 1209/1265/1181
f 1120/1205/1182 1119/1202/1182 1182/1263/1182 1183/1266/1182
f 1173/1206/1183 1172/1203/1183 1235/1264/1183 1236/1267/1183
f 1147/1207/1184 1146/1204/1184 1209/1265/1184 1210/1268/1184
f 1121/1208/1185 1120/1205/1185 1183/1266/1185 1184/1269/1185
f 1174/1209/1186 1173/1206/1186 1236/1267/1186 1237/1270/1186
f 1148/1210/1187 1147/1207/1187 1210/1268/1187 1211/1271/1187
f 1122/1211/1188 1121/1208/1188 1184/1269/1188 1185/1272/1188
f 1175/1212/1189 1174/1209/1189 1237/1270/1189 1238/1273/1189
f 1149/1213/1190 1148/1210/1190 1211/1271/1190 1212/1274/1190
f 1123/1214/1191 1122/1211/1191 1185/1272/1191 1186/1275/1191
f 2752/1276/1192 1175/1212/1192 1238/1273/1192
f 1150/1216/1193 1149/1213/1193 1212/1274/1193 1213/1277/1193
f 1124/1217/1194 1123/1214/1194 1186/1275/1194 1187/1278/1194
f 1151/1218/1195 1150/1216/1195 1213/1277/1195 1214/1279/1195
f 1125/1219/1196 1124/1217/1196 1187/1278/1196 1188/1280/1196
f 1152/1220/1197 1151/1218/1197 1214/1279/1197 1215/1281/1197
f 1126/1221/1198 1125/1219/1198 1188/1280/1198 1189/1282/1198
f 1153/1222/1199 1152/1220/1199 1215/1281/1199 1216/1283/1199
f 1127/1223/1200 1126/1221/1200 1189/1282/1200 1190/1284/1200
f 1154/1224/1201 1153/1222/1201 1216/1283/1201 1217/1285/1201
f 1128/1225/1202 1127/1223/1202 1190/1284/1202 1191/1286/1202
f 1155/1226/1203 1154/1224/1203 1217/1285/1203 1218/1287/1203
f 1129/1227/1204 1128/1225/1204 1191/1286/1204 1192/1288/1204
f 1156/1228/1205 1155/1226/1205 1218/1287/1205 1219/1289/1205
f 1130/1229/1206 1129/1227/1206 1192/1288/1206 1193/1290/1206
f 1157/1230/1207 1156/1228/1207 1219/1289/1207 1220/1291/1207
f 1131/1231/1208 1130/1229/1208 1193/1290/1208 1194/1292/1208
f 1158/1232/1209 1157/1230/1209 1220/1291/1209 1221/1293/1209
f 1132/1233/1210 1131/1231/1210 1194/1292/1210 1195/1294/1210
f 1159/1169/1211 1158/1232/1211 1221/1293/1211 1222/1295/1211
f 1133/1171/1212 1132/1233/1212 1195/1294/1212 1196/1296/1212
f 1160/1170/1213 1159/1169/1213 1222/1295/1213 1223/1297/1213
f 1134/1172/1214 1133/1171/1214 1196/1296/1214 1197/1298/1214
f 1161/1173/1215 1160/1170/1215 1223/1297/1215 1224/1234/1215
f 1135/1174/1216 1134/1172/1216 1197/1298/1216 1198/1236/1216
f 1227/1240/1217 1226/1238/1217 1289/1299/1217 1290/1300/1217
f 1201/1241/1218 1200/1239/1218 1263/1301/1218 1264/1302/1218
f 1228/1242/1219 1227/1240/1219 1290/1300/1219 1291/1303/1219
f 1202/1243/1220 1201/1241/1220 1264/1302/1220 1265/1304/1220
f 1176/1245/1221 2058/1305/1221 1239/1306/1221
f 1229/1246/1222 1228/1242/1222 1291/1303/1222 1292/1307/1222
f 1203/1247/1223 1202/1243/1223 1265/1304/1223 1266/1308/1223
f 1177/1248/1224 1176/1245/1224 1239/1306/1224 1240/1309/1224
f 1230/1249/1225 1229/1246/1225 1292/1307/1225 1293/1310/1225
f 1204/1250/1226 1203/1247/1226 1266/1308/1226 1267/1311/1226
f 1178/1251/1227 1177/1248/1227 1240/1309/1227 1241/1312/1227
f 1231/1252/1228 1230/1249/1228 1293/1310/1228 1294/1313/1228
f 1205/1253/1229 1204/1250/1229 1267/1311/1229 1268/1314/1229
f 1179/1254/1230 1178/1251/1230 1241/1312/1230 1242/1315/1230
f 1232/1255/1231 1231/1252/1231 1294/1313/1231 1295/1316/1231
f 1206/1256/1232 1205/1253/1232 1268/1314/1232 1269/1317/1232
f 1180/1257/1233 1179/1254/1233 1242/1315/1233 1243/1318/1233
f 1233/1258/1234 1232/1255/1234 1295/1316/1234 1296/1319/1234
f 1207/1259/1235 1206/1256/1235 1269/1317/1235 1270/1320/1235
f 1181/1260/1236 1180/1257/1236 1243/1318/1236 1244/1321/1236
f 1234/1261/1237 1233/1258/1237 1296/1319/1237 1297/1322/1237
f 1208/1262/1238 1207/1259/1238 1270/1320/1238 1271/1323/1238
f 1182/1263/1239 1181/1260/1239 1244/1321/1239 1245/1324/1239
f 1235/1264/1240 1234/1261/1240 1297/1322/1240 1298/1325/1240
f 1209/1265/1241 1208/1262/1241 1271/1323/1241 1272/1326/1241
f 1183/1266/1242 1182/1263/1242 1245/1324/1242 1246/1327/1242
f 1236/1267/1243 1235/1264/1243 1298/1325/1243 1299/1328/1243
f 1210/1268/1244 1209/1265/1244 1272/1326/1244 1273/1329/1244
f 1184/1269/1245 1183/1266/1245 1246/1327/1245 1247/1330/1245
f 1237/1270/1246 1236/1267/1246 1299/1328/1246 1300/1331/1246
f 1211/1271/1247 1210/1268/1247 1273/1329/1247 1274/1332/1247
f 1185/1272/1248 1184/1269/1248 1247/1330/1248 1248/1333/1248
f 1238/1273/1249 1237/1270/1249 1300/1331/1249 1301/1334/1249
f 1212/1274/1250 1211/1271/1250 1274/1332/1250 1275/1335/1250
f 1186/1275/1251 1185/1272/1251 1248/1333/1251 1249/1336/1251
f 2752/1337/1252 1238/1273/1252 1301/1334/1252
f 1213/1277/1253 1212/1274/1253 1275/1335/1253 1276/1338/1253
f 1187/1278/1254 1186/1275/1254 1249/1336/1254 1250/1339/1254
f 1214/1279/1255 1213/1277/1255 1276/1338/1255 1277/1340/1255
f 1188/1280/1256 1187/1278/1256 1250/1339/1256 1251/1341/1256
f 1215/1281/1257 1214/1279/1257 1277/1340/1257 1278/1342/1257
f 1189/1282/1258 1188/1280/1258 1251/1341/1258 1252/1343/1258
f 1216/1283/1259 1215/1281/1259 1278/1342/1259 1279/1344/1259
f 1190/1284/1260 1189/1282/1260 1252/1343/1260 1253/1345/1260
f 1217/1285/1261 1216/1283/1261 1279/1344/1261 1280/1346/1261
f 1191/1286/1262 1190/1284/1262 1253/1345/1262 1254/1347/1262
f 1218/1287/1263 1217/1285/1263 1280/1346/1263 1281/1348/1263
f 1192/1288/1264 1191/1286/1264 1254/1347/1264 1255/1349/1264
f 1219/1289/1265 1218/1287/1265 1281/1348/1265 1282/1350/1265
f 1193/1290/1266 1192/1288/1266 1255/1349/1266 1256/1351/1266
f 1220/1291/1267 1219/1289/1267 1282/1350/1267 1283/1352/1267
f 1194/1292/1268 1193/1290/1268 1256/1351/1268 1257/1353/1268
f 1221/1293/1269 1220/1291/1269 1283/1352/1269 1284/1354/1269
f 1195/1294/1270 1194/1292/1270 1257/1353/1270 1258/1355/1270
f 1222/1295/1271 1221/1293/1271 1284/1354/1271 1285/1356/1271
f 1196/1296/1272 1195/1294/1272 1258/1355/1272 1259/1357/1272
f 1223/1297/1273 1222/1295/1273 1285/1356/1273 1286/1358/1273
f 1197/1298/1274 1196/1296/1274 1259/1357/1274 1260/1359/1274
f 1224/1234/1275 1223/1297/1275 1286/1358/1275 1287/1360/1275
f 1198/1236/1276 1197/1298/1276 1260/1359/1276 1261/1361/1276
f 1225/1235/1277 1224/1234/1277 1287/1360/1277 1288/1362/1277
f 1199/1237/1278 1198/1236/1278 1261/1361/1278 1262/1363/1278
f 1226/1238/1279 1225/1235/1279 1288/1362/1279 1289/1299/1279
f 1200/1239/1280 1199/1237/1280 1262/1363/1280 1263/1301/1280
f 1239/1306/1281 2058/1364/1281 1302/1365/1281
f 1292/1307/1282 1291/1303/1282 1354/1366/1282 1355/1367/1282
f 1266/1308/1283 1265/1304/1283 1328/1368/1283 1329/1369/1283
f 1240/1309/1284 1239/1306/1284 1302/1365/1284 1303/1370/1284
f 1293/1310/1285 1292/1307/1285 1355/1367/1285 1356/1371/1285
f 1267/1311/1286 1266/1308/1286 1329/1369/1286 1330/1372/1286
f 1241/1312/1287 1240/1309/1287 1303/1370/1287 1304/1373/1287
f 1294/1313/1288 1293/1310/1288 1356/1371/1288 1357/1374/1288
f 1268/1314/1289 1267/1311/1289 1330/1372/1289 1331/1375/1289
f 1242/1315/1290 1241/1312/1290 1304/1373/1290 1305/1376/1290
f 1295/1316/1291 1294/1313/1291 1357/1374/1291 1358/1377/1291
f 1269/1317/1292 1268/1314/1292 1331/1375/1292 1332/1378/1292
f 1243/1318/1293 1242/1315/1293 1305/1376/1293 1306/1379/1293
f 1296/1319/1294 1295/1316/1294 1358/1377/1294 1359/1380/1294
f 1270/1320/1295 1269/1317/1295 1332/1378/1295 1333/1381/1295
f 1244/1321/1296 1243/1318/1296 1306/1379/1296 1307/1382/1296
f 1297/1322/1297 1296/1319/1297 1359/1380/1297 1360/1383/1297
f 1271/1323/1298 1270/1320/1298 1333/1381/1298 1334/1384/1298
f 1245/1324/1299 1244/1321/1299 1307/1382/1299 1308/1385/1299
f 1298/1325/1300 1297/1322/1300 1360/1383/1300 1361/1386/1300
f 1272/1326/1301 1271/1323/1301 1334/1384/1301 1335/1387/1301
f 1246/1327/1302 1245/1324/1302 1308/1385/1302 1309/1388/1302
f 1299/1328/1303 1298/1325/1303 1361/1386/1303 1362/1389/1303
f 1273/1329/1304 1272/1326/1304 1335/1387/1304 1336/1390/1304
f 1247/1330/1305 1246/1327/1305 1309/1388/1305 1310/1391/1305
f 1300/1331/1306 1299/1328/1306 1362/1389/1306 1363/1392/1306
f 1274/1332/1307 1273/1329/1307 1336/1390/1307 1337/1393/1307
f 1248/1333/1308 1247/1330/1308 1310/1391/1308 1311/1394/1308
f 1301/1334/1309 1300/1331/1309 1363/1392/1309 1364/1395/1309
f 1275/1335/1310 1274/1332/1310 1337/1393/1310 1338/1396/1310
f 1249/1336/1311 1248/1333/1311 1311/1394/1311 1312/1397/1311
f 2752/1398/1312 1301/1334/1312 1364/1395/1312
f 1276/1338/1313 1275/1335/1313 1338/1396/1313 1339/1399/1313
f 1250/1339/1314 1249/1336/1314 1312/1397/1314 1313/1400/1314
f 1277/1340/1315 1276/1338/1315 1339/1399/1315 1340/1401/1315
f 1251/1341/1316 1250/1339/1316 1313/1400/1316 1314/1402/1316
f 1278/1342/1317 1277/1340/1317 1340/1401/1317 1341/1403/1317
f 1252/1343/1318 1251/1341/1318 1314/1402/1318 1315/1404/1318
f 1279/1344/1319 1278/1342/1319 1341/1403/1319 1342/1405/1319
f 1253/1345/1320 1252/1343/1320 1315/1404/1320 1316/1406/1320
f 1280/1346/1321 1279/1344/1321 1342/1405/1321 1343/1407/1321
f 1254/1347/1322 1253/1345/1322 1316/1406/1322 1317/1408/1322
f 1281/1348/1323 1280/1346/1323 1343/1407/1323 1344/1409/1323
f 1255/1349/1324 1254/1347/1324 1317/1408/1324 1318/1410/1324
f 1282/1350/1325 1281/1348/1325 1344/1409/1325 1345/1411/1325
f 1256/1351/1326 1255/1349/1326 1318/1410/1326 1319/1412/1326
f 1283/1352/1327 1282/1350/1327 1345/1411/1327 1346/1413/1327
f 1257/1353/1328 1256/1351/1328 1319/1412/1328 1320/1414/1328
f 1284/1354/1329 1283/1352/1329 1346/1413/1329 1347/1415/1329
f 1258/1355/1330 1257/1353/1330 1320/1414/1330 1321/1416/1330
f 1285/1356/1331 1284/1354/1331 1347/1415/1331 1348/1417/1331
f 1259/1357/1332 1258/1355/1332 1321/1416/1332 1322/1418/1332
f 1286/1358/1333 1285/1356/1333 1348/1417/1333 1349/1419/1333
f 1260/1359/1334 1259/1357/1334 1322/1418/1334 1323/1420/1334
f 1287/1360/1335 1286/1358/1335 1349/1419/1335 1350/1421/1335
f 1261/1361/1336 1260/1359/1336 1323/1420/1336 1324/1422/1336
f 1288/1362/1337 1287/1360/1337 1350/1421/1337 1351/1423/1337
f 1262/1363/1338 1261/1361/1338 1324/1422/1338 1325/1424/1338
f 1289/1299/1339 1288/1362/1339 1351/1423/1339 1352/1425/1339
f 1263/1301/1340 1262/1363/1340 1325/1424/1340 1326/1426/1340
f 1290/1300/1341 1289/1299/1341 1352/1425/1341 1353/1427/1341
f 1264/1302/1342 1263/1301/1342 1326/1426/1342 1327/1428/1342
f 1291/1303/1343 1290/1300/1343 1353/1427/1343 1354/1366/1343
f 1265/1304/1344 1264/1302/1344 1327/1428/1344 1328/1368/1344
f 1304/1373/1345 1303/1370/1345 1366/1429/1345 1367/1430/1345
f 1357/1374/1346 1356/1371/1346 1419/1431/1346 1420/1432/1346
f 1331/1375/1347 1330/1372/1347 1393/1433/1347 1394/1434/1347
f 1305/1376/1348 1304/1373/1348 1367/1430/1348 1368/1435/1348
f 1358/1377/1349 1357/1374/1349 1420/1432/1349 1421/1436/1349
f 1332/1378/1350 1331/1375/1350 1394/1434/1350 1395/1437/1350
f 1306/1379/1351 1305/1376/1351 1368/1435/1351 1369/1438/1351
f 1359/1380/1352 1358/1377/1352 1421/1436/1352 1422/1439/1352
f 1333/1381/1353 1332/1378/1353 1395/1437/1353 1396/1440/1353
f 1307/1382/1354 1306/1379/1354 1369/1438/1354 1370/1441/1354
f 1360/1383/1355 1359/1380/1355 1422/1439/1355 1423/1442/1355
f 1334/1384/1356 1333/1381/1356 1396/1440/1356 1397/1443/1356
f 1308/1385/1357 1307/1382/1357 1370/1441/1357 1371/1444/1357
f 1361/1386/1358 1360/1383/1358 1423/1442/1358 1424/1445/1358
f 1335/1387/1359 1334/1384/1359 1397/1443/1359 1398/1446/1359
f 1309/1388/1360 1308/1385/1360 1371/1444/1360 1372/1447/1360
f 1362/1389/1361 1361/1386/1361 1424/1445/1361 1425/1448/1361
f 1336/1390/1362 1335/1387/1362 1398/1446/1362 1399/1449/1362
f 1310/1391/1363 1309/1388/1363 1372/1447/1363 1373/1450/1363
f 1363/1392/1364 1362/1389/1364 1425/1448/1364 1426/1451/1364
f 1337/1393/1365 1336/1390/1365 1399/1449/1365 1400/1452/1365
f 1311/1394/1366 1310/1391/1366 1373/1450/1366 1374/1453/1366
f 1364/1395/1367 1363/1392/1367 1426/1451/1367 1427/1454/1367
f 1338/1396/1368 1337/1393/1368 1400/1452/1368 1401/1455/1368
f 1312/1397/1369 1311/1394/1369 1374/1453/1369 1375/1456/1369
f 2752/1457/1370 1364/1395/1370 1427/1454/1370
f 1339/1399/1371 1338/1396/1371 1401/1455/1371 1402/1458/1371
f 1313/1400/1372 1312/1397/1372 1375/1456/1372 1376/1459/1372
f 1340/1401/1373 1339/1399/1373 1402/1458/1373 1403/1460/1373
f 1314/1402/1374 1313/1400/1374 1376/1459/1374 1377/1461/1374
f 1341/1403/1375 1340/1401/1375 1403/1460/1375 1404/1462/1375
f 1315/1404/1376 1314/1402/1376 1377/1461/1376 1378/1463/1376
f 1342/1405/1377 1341/1403/1377 1404/1462/1377 1405/1464/1377
f 1316/1406/1378 1315/1404/1378 1378/1463/1378 1379/1465/1378
f 1343/1407/1379 1342/1405/1379 1405/1464/1379 1406/1466/1379
f 1317/1408/1380 1316/1406/1380 1379/1465/1380 1380/1467/1380
f 1344/1409/1381 1343/1407/1381 1406/1466/1381 1407/1468/1381
f 1318/1410/1382 1317/1408/1382 1380/1467/1382 1381/1469/1382
f 1345/1411/1383 1344/1409/1383 1407/1468/1383 1408/1470/1383
f 1319/1412/1384 1318/1410/1384 1381/1469/1384 1382/1471/1384
f 1346/1413/1385 1345/1411/1385 1408/1470/1385 1409/1472/1385
f 1320/1414/1386 1319/1412/1386 1382/1471/1386 1383/1473/1386
f 1347/1415/1387 1346/1413/1387 1409/1472/1387 1410/1474/1387
f 1321/1416/1388 1320/1414/1388 1383/1473/1388 1384/1475/1388
f 1348/1417/1389 1347/1415/1389 1410/1474/1389 1411/1476/1389
f 1322/1418/1390 1321/1416/1390 1384/1475/1390 1385/1477/1390
f 1349/1419/1391 1348/1417/1391 1411/1476/1391 1412/1478/1391
f 1323/1420/1392 1322/1418/1392 1385/1477/1392 1386/1479/1392
f 1350/1421/1393 1349/1419/1393 1412/1478/1393 1413/1480/1393
f 1324/1422/1394 1323/1420/1394 1386/1479/1394 1387/1481/1394
f 1351/1423/1395 1350/1421/1395 1413/1480/1395 1414/1482/1395
f 1325/1424/1396 1324/1422/1396 1387/1481/1396 1388/1483/1396
f 1352/1425/1397 1351/1423/1397 1414/1482/1397 1415/1484/1397
f 1326/1426/1398 1325/1424/1398 1388/1483/1398 1389/1485/1398
f 1353/1427/1399 1352/1425/1399 1415/1484/1399 1416/1486/1399
f 1327/1428/1400 1326/1426/1400 1389/1485/1400 1390/1487/1400
f 1354/1366/1401 1353/1427/1401 1416/1486/1401 1417/1488/1401
f 1328/1368/1402 1327/1428/1402 1390/1487/1402 1391/1489/1402
f 1302/1365/1403 2058/1490/1403 1365/1491/1403
f 1355/1367/1404 1354/1366/1404 1417/1488/1404 1418/1492/1404
f 1329/1369/1405 1328/1368/1405 1391/1489/1405 1392/1493/1405
f 1303/1370/1406 1302/1365/1406 1365/1491/1406 1366/1429/1406
f 1356/1371/1407 1355/1367/1407 1418/1492/1407 1419/1431/1407
f 1330/1372/1408 1329/1369/1408 1392/1493/1408 1393/1433/1408
f 1369/1438/1409 1368/1435/1409 1431/1494/1409 1432/1495/1409
f 1422/1439/1410 1421/1436/1410 1484/1496/1410 1485/1497/1410
f 1396/1440/1411 1395/1437/1411 1458/1498/1411 1459/1499/1411
f 1370/1441/1412 1369/1438/1412 1432/1495/1412 1433/1500/1412
f 1423/1442/1413 1422/1439/1413 1485/1497/1413 1486/1501/1413
f 1397/1443/1414 1396/1440/1414 1459/1499/1414 1460/1502/1414
f 1371/1444/1415 1370/1441/1415 1433/1500/1415 1434/1503/1415
f 1424/1445/1416 1423/1442/1416 1486/1501/1416 1487/1504/1416
f 1398/1446/1417 1397/1443/1417 1460/1502/1417 1461/1505/1417
f 1372/1447/1418 1371/1444/1418 1434/1503/1418 1435/1506/1418
f 1425/1448/1419 1424/1445/1419 1487/1504/1419 1488/1507/1419
f 1399/1449/1420 1398/1446/1420 1461/1505/1420 1462/1508/1420
f 1373/1450/1421 1372/1447/1421 1435/1506/1421 1436/1509/1421
f 1426/1451/1422 1425/1448/1422 1488/1507/1422 1489/1510/1422
f 1400/1452/1423 1399/1449/1423 1462/1508/1423 1463/1511/1423
f 1374/1453/1424 1373/1450/1424 1436/1509/1424 1437/1512/1424
f 1427/1454/1425 1426/1451/1425 1489/1510/1425 1490/1513/1425
f 1401/1455/1426 1400/1452/1426 1463/1511/1426 1464/1514/1426
f 1375/1456/1427 1374/1453/1427 1437/1512/1427 1438/1515/1427
f 2752/1516/1428 1427/1454/1428 1490/1513/1428
f 1402/1458/1429 1401/1455/1429 1464/1514/1429 1465/1517/1429
f 1376/1459/1430 1375/1456/1430 1438/1515/1430 1439/1518/1430
f 1403/1460/1431 1402/1458/1431 1465/1517/1431 1466/1519/1431
f 1377/1461/1432 1376/1459/1432 1439/1518/1432 1440/1520/1432
f 1404/1462/1433 1403/1460/1433 1466/1519/1433 1467/1521/1433
f 1378/1463/1434 1377/1461/1434 1440/1520/1434 1441/1522/1434
f 1405/1464/1435 1404/1462/1435 1467/1521/1435 1468/1523/1435
f 1379/1465/1436 1378/1463/1436 1441/1522/1436 1442/1524/1436
f 1406/1466/1437 1405/1464/1437 1468/1523/1437 1469/1525/1437
f 1380/1467/1438 1379/1465/1438 1442/1524/1438 1443/1526/1438
f 1407/1468/1439 1406/1466/1439 1469/1525/1439 1470/1527/1439
f 1381/1469/1440 1380/1467/1440 1443/1526/1440 1444/1528/1440
f 1408/1470/1441 1407/1468/1441 1470/1527/1441 1471/1529/1441
f 1382/1471/1442 1381/1469/1442 1444/1528/1442 1445/1530/1442
f 1409/1472/1443 1408/1470/1443 1471/1529/1443 1472/1531/1443
f 1383/1473/1444 1382/1471/1444 1445/1530/1444 1446/1532/1444
f 1410/1474/1445 1409/1472/1445 1472/1531/1445 1473/1533/1445
f 1384/1475/1446 1383/1473/1446 1446/1532/1446 1447/1534/1446
f 1411/1476/1447 1410/1474/1447 1473/1533/1447 1474/1535/1447
f 1385/1477/1448 1384/1475/1448 1447/1534/1448 1448/1536/1448
f 1412/1478/1449 1411/1476/1449 1474/1535/1449 1475/1537/1449
f 1386/1479/1450 1385/1477/1450 1448/1536/1450 1449/1538/1450
f 1413/1480/1451 1412/1478/1451 1475/1537/1451 1476/1539/1451
f 1387/1481/1452 1386/1479/1452 1449/1538/1452 1450/1540/1452
f 1414/1482/1453 1413/1480/1453 1476/1539/1453 1477/1541/1453
f 1388/1483/1454 1387/1481/1454 1450/1540/1454 1451/1542/1454
f 1415/1484/1455 1414/1482/1455 1477/1541/1455 1478/1543/1455
f 1389/1485/1456 1388/1483/1456 1451/1542/1456 1452/1544/1456
f 1416/1486/1457 1415/1484/1457 1478/1543/1457 1479/1545/1457
f 1390/1487/1458 1389/1485/1458 1452/1544/1458 1453/1546/1458
f 1417/1488/1459 1416/1486/1459 1479/1545/1459 1480/1547/1459
f 1391/1489/1460 1390/1487/1460 1453/1546/1460 1454/1548/1460
f 1365/1491/1461 2058/1549/1461 1428/1550/1461
f 1418/1492/1462 1417/1488/1462 1480/1547/1462 1481/1551/1462
f 1392/1493/1463 1391/1489/1463 1454/1548/1463 1455/1552/1463
f 1366/1429/1464 1365/1491/1464 1428/1550/1464 1429/1553/1464
f 1419/1431/1465 1418/1492/1465 1481/1551/1465 1482/1554/1465
f 1393/1433/1466 1392/1493/1466 1455/1552/1466 1456/1555/1466
f 1367/1430/1467 1366/1429/1467 1429/1553/1467 1430/1556/1467
f 1420/1432/1468 1419/1431/1468 1482/1554/1468 1483/1557/1468
f 1394/1434/1469 1393/1433/1469 1456/1555/1469 1457/1558/1469
f 1368/1435/1470 1367/1430/1470 1430/1556/1470 1431/1494/1470
f 1421/1436/1471 1420/1432/1471 1483/1557/1471 1484/1496/1471
f 1395/1437/1472 1394/1434/1472 1457/1558/1472 1458/1498/1472
f 1434/1503/1473 1433/1500/1473 1496/1559/1473 1497/1560/1473
f 1487/1504/1474 1486/1501/1474 1549/1561/1474 1550/1562/1474
f 1461/1505/1475 1460/1502/1475 1523/1563/1475 1524/1564/1475
f 1435/1506/1476 1434/1503/1476 1497/1560/1476 1498/1565/1476
f 1488/1507/1477 1487/1504/1477 1550/1562/1477 1551/1566/1477
f 1462/1508/1478 1461/1505/1478 1524/1564/1478 1525/1567/1478
f 1436/1509/1479 1435/1506/1479 1498/1565/1479 1499/1568/1479
f 1489/1510/1480 1488/1507/1480 1551/1566/1480 1552/1569/1480
f 1463/1511/1481 1462/1508/1481 1525/1567/1481 1526/1570/1481
f 1437/1512/1482 1436/1509/1482 1499/1568/1482 1500/1571/1482
f 1490/1513/1483 1489/1510/1483 1552/1569/1483 1553/1572/1483
f 1464/1514/1484 1463/1511/1484 1526/1570/1484 1527/1573/1484
f 1438/1515/1485 1437/1512/1485 1500/1571/1485 1501/1574/1485
f 2752/1575/1486 1490/1513/1486 1553/1572/1486
f 1465/1517/1487 1464/1514/1487 1527/1573/1487 1528/1576/1487
f 1439/1518/1488 1438/1515/1488 1501/1574/1488 1502/1577/1488
f 1466/1519/1489 1465/1517/1489 1528/1576/1489 1529/1578/1489
f 1440/1520/1490 1439/1518/1490 1502/1577/1490 1503/1579/1490
f 1467/1521/1491 1466/1519/1491 1529/1578/1491 1530/1580/1491
f 1441/1522/1492 1440/1520/1492 1503/1579/1492 1504/1581/1492
f 1468/1523/1493 1467/1521/1493 1530/1580/1493 1531/1582/1493
f 1442/1524/1494 1441/1522/1494 1504/1581/1494 1505/1583/1494
f 1469/1525/1495 1468/1523/1495 1531/1582/1495 1532/1584/1495
f 1443/1526/1496 1442/1524/1496 1505/1583/1496 1506/1585/1496
f 1470/1527/1497 1469/1525/1497 1532/1584/1497 1533/1586/1497
f 1444/1528/1498 1443/1526/1498 1506/1585/1498 1507/1587/1498
f 1471/1529/1499 1470/1527/1499 1533/1586/1499 1534/1588/1499
f 1445/1530/1500 1444/1528/1500 1507/1587/1500 1508/1589/1500
f 1472/1531/1501 1471/1529/1501 1534/1588/1501 1535/1590/1501
f 1446/1532/1502 1445/1530/1502 1508/1589/1502 1509/1591/1502
f 1473/1533/1503 1472/1531/1503 1535/1590/1503 1536/1592/1503
f 1447/1534/1504 1446/1532/1504 1509/1591/1504 1510/1593/1504
f 1474/1535/1505 1473/1533/1505 1536/1592/1505 1537/1594/1505
f 1448/1536/1506 1447/1534/1506 1510/1593/1506 1511/1595/1506
f 1475/1537/1507 1474/1535/1507 1537/1594/1507 1538/1596/1507
f 1449/1538/1508 1448/1536/1508 1511/1595/1508 1512/1597/1508
f 1476/1539/1509 1475/1537/1509 1538/1596/1509 1539/1598/1509
f 1450/1540/1510 1449/1538/1510 1512/1597/1510 1513/1599/1510
f 1477/1541/1511 1476/1539/1511 1539/1598/1511 1540/1600/1511
f 1451/1542/1512 1450/1540/1512 1513/1599/1512 1514/1601/1512
f 1478/1543/1513 1477/1541/1513 1540/1600/1513 1541/1602/1513
f 1452/1544/1514 1451/1542/1514 1514/1601/1514 1515/1603/1514
f 1479/1545/1515 1478/1543/1515 1541/1602/1515 1542/1604/1515
f 1453/1546/1516 1452/1544/1516 1515/1603/1516 1516/1605/1516
f 1480/1547/1517 1479/1545/1517 1542/1604/1517 1543/1606/1517
f 1454/1548/1518 1453/1546/1518 1516/1605/1518 1517/1607/1518
f 1428/1550/1519 2058/1608/1519 1491/1609/1519
f 1481/1551/1520 1480/1547/1520 1543/1606/1520 1544/1610/1520
f 1455/1552/1521 1454/1548/1521 1517/1607/1521 1518/1611/1521
f 1429/1553/1522 1428/1550/1522 1491/1609/1522 1492/1612/1522
f 1482/1554/1523 1481/1551/1523 1544/1610/1523 1545/1613/1523
f 1456/1555/1524 1455/1552/1524 1518/1611/1524 1519/1614/1524
f 1430/1556/1525 1429/1553/1525 1492/1612/1525 1493/1615/1525
f 1483/1557/1526 1482/1554/1526 1545/1613/1526 1546/1616/1526
f 1457/1558/1527 1456/1555/1527 1519/1614/1527 1520/1617/1527
f 1431/1494/1528 1430/1556/1528 1493/1615/1528 1494/1618/1528
f 1484/1496/1529 1483/1557/1529 1546/1616/1529 1547/1619/1529
f 1458/1498/1530 1457/1558/1530 1520/1617/1530 1521/1620/1530
f 1432/1495/1531 1431/1494/1531 1494/1618/1531 1495/1621/1531
f 1485/1497/1532 1484/1496/1532 1547/1619/1532 1548/1622/1532
f 1459/1499/1533 1458/1498/1533 1521/1620/1533 1522/1623/1533
f 1433/1500/1534 1432/1495/1534 1495/1621/1534 1496/1559/1534
f 1486/1501/1535 1485/1497/1535 1548/1622/1535 1549/1561/1535
f 1460/1502/1536 1459/1499/1536 1522/1623/1536 1523/1563/1536
f 1499/1568/1537 1498/1565/1537 1561/1624/1537 1562/1625/1537
f 1552/1569/1538 1551/1566/1538 1614/1626/1538 1615/1627/1538
f 1526/1570/1539 1525/1567/1539 1588/1628/1539 1589/1629/1539
f 1500/1571/1540 1499/1568/1540 1562/1625/1540 1563/1630/1540
f 1553/1572/1541 1552/1569/1541 1615/1627/1541 1616/1631/1541
f 1527/1573/1542 1526/1570/1542 1589/1629/1542 1590/1632/1542
f 1501/1574/1543 1500/1571/1543 1563/1630/1543 1564/1633/1543
f 2752/1634/1544 1553/1572/1544 1616/1631/1544
f 1528/1576/1545 1527/1573/1545 1590/1632/1545 1591/1635/1545
f 1502/1577/1546 1501/1574/1546 1564/1633/1546 1565/1636/1546
f 1529/1578/1547 1528/1576/1547 1591/1635/1547 1592/1637/1547
f 1503/1579/1548 1502/1577/1548 1565/1636/1548 1566/1638/1548
f 1530/1580/1549 1529/1578/1549 1592/1637/1549 1593/1639/1549
f 1504/1581/1550 1503/1579/1550 1566/1638/1550 1567/1640/1550
f 1531/1582/1551 1530/1580/1551 1593/1639/1551 1594/1641/1551
f 1505/1583/1552 1504/1581/1552 1567/1640/1552 1568/1642/1552
f 1532/1584/1553 1531/1582/1553 1594/1641/1553 1595/1643/1553
f 1506/1585/1554 1505/1583/1554 1568/1642/1554 1569/1644/1554
f 1533/1586/1555 1532/1584/1555 1595/1643/1555 1596/1645/1555
f 1507/1587/1556 1506/1585/1556 1569/1644/1556 1570/1646/1556
f 1534/1588/1557 1533/1586/1557 1596/1645/1557 1597/1647/1557
f 1508/1589/1558 1507/1587/1558 1570/1646/1558 1571/1648/1558
f 1535/1590/1559 1534/1588/1559 1597/1647/1559 1598/1649/1559
f 1509/1591/1560 1508/1589/1560 1571/1648/1560 1572/1650/1560
f 1536/1592/1561 1535/1590/1561 1598/1649/1561 1599/1651/1561
f 1510/1593/1562 1509/1591/1562 1572/1650/1562 1573/1652/1562
f 1537/1594/1563 1536/1592/1563 1599/1651/1563 1600/1653/1563
f 1511/1595/1564 1510/1593/1564 1573/1652/1564 1574/1654/1564
f 1538/1596/1565 1537/1594/1565 1600/1653/1565 1601/1655/1565
f 1512/1597/1566 1511/1595/1566 1574/1654/1566 1575/1656/1566
f 1539/1598/1567 1538/1596/1567 1601/1655/1567 1602/1657/1567
f 1513/1599/1568 1512/1597/1568 1575/1656/1568 1576/1658/1568
f 1540/1600/1569 1539/1598/1569 1602/1657/1569 1603/1659/1569
f 1514/1601/1570 1513/1599/1570 1576/1658/1570 1577/1660/1570
f 1541/1602/1571 1540/1600/1571 1603/1659/1571 1604/1661/1571
f 1515/1603/1572 1514/1601/1572 1577/1660/1572 1578/1662/1572
f 1542/1604/1573 1541/1602/1573 1604/1661/1573 1605/1663/1573
f 1516/1605/1574 1515/1603/1574 1578/1662/1574 1579/1664/1574
f 1543/1606/1575 1542/1604/1575 1605/1663/1575 1606/1665/1575
f 1517/1607/1576 1516/1605/1576 1579/1664/1576 1580/1666/1576
f 1491/1609/1577 2058/1667/1577 1554/1668/1577
f 1544/1610/1578 1543/1606/1578 1606/1665/1578 1607/1669/1578
f 1518/1611/1579 1517/1607/1579 1580/1666/1579 1581/1670/1579
f 1492/1612/1580 1491/1609/1580 1554/1668/1580 1555/1671/1580
f 1545/1613/1581 1544/1610/1581 1607/1669/1581 1608/1672/1581
f 1519/1614/1582 1518/1611/1582 1581/1670/1582 1582/1673/1582
f 1493/1615/1583 1492/1612/1583 1555/1671/1583 1556/1674/1583
f 1546/1616/1584 1545/1613/1584 1608/1672/1584 1609/1675/1584
f 1520/1617/1585 1519/1614/1585 1582/1673/1585 1583/1676/1585
f 1494/1618/1586 1493/1615/1586 1556/1674/1586 1557/1677/1586
f 1547/1619/1587 1546/1616/1587 1609/1675/1587 1610/1678/1587
f 1521/1620/1588 1520/1617/1588 1583/1676/1588 1584/1679/1588
f 1495/1621/1589 1494/1618/1589 1557/1677/1589 1558/1680/1589
f 1548/1622/1590 1547/1619/1590 1610/1678/1590 1611/1681/1590
f 1522/1623/1591 1521/1620/1591 1584/1679/1591 1585/1682/1591
f 1496/1559/1592 1495/1621/1592 1558/1680/1592 1559/1683/1592
f 1549/1561/1593 1548/1622/1593 1611/1681/1593 1612/1684/1593
f 1523/1563/1594 1522/1623/1594 1585/1682/1594 1586/1685/1594
f 1497/1560/1595 1496/1559/1595 1559/1683/1595 1560/1686/1595
f 1550/1562/1596 1549/1561/1596 1612/1684/1596 1613/1687/1596
f 1524/1564/1597 1523/1563/1597 1586/1685/1597 1587/1688/1597
f 1498/1565/1598 1497/1560/1598 1560/1686/1598 1561/1624/1598
f 1551/1566/1599 1550/1562/1599 1613/1687/1599 1614/1626/1599
f 1525/1567/1600 1524/1564/1600 1587/1688/1600 1588/1628/1600
f 1564/1633/1601 1563/1630/1601 1626/1689/1601 1627/1690/1601
f 2752/1691/1602 1616/1631/1602 1679/1692/1602
f 1591/1635/1603 1590/1632/1603 1653/1693/1603 1654/1694/1603
f 1565/1636/1604 1564/1633/1604 1627/1690/1604 1628/1695/1604
f 1592/1637/1605 1591/1635/1605 1654/1694/1605 1655/1696/1605
f 1566/1638/1606 1565/1636/1606 1628/1695/1606 1629/1697/1606
f 1593/1639/1607 1592/1637/1607 1655/1696/1607 1656/1698/1607
f 1567/1640/1608 1566/1638/1608 1629/1697/1608 1630/1699/1608
f 1594/1641/1609 1593/1639/1609 1656/1698/1609 1657/1700/1609
f 1568/1642/1610 1567/1640/1610 1630/1699/1610 1631/1701/1610
f 1595/1643/1611 1594/1641/1611 1657/1700/1611 1658/1702/1611
f 1569/1644/1612 1568/1642/1612 1631/1701/1612 1632/1703/1612
f 1596/1645/1613 1595/1643/1613 1658/1702/1613 1659/1704/1613
f 1570/1646/1614 1569/1644/1614 1632/1703/1614 1633/1705/1614
f 1597/1647/1615 1596/1645/1615 1659/1704/1615 1660/1706/1615
f 1571/1648/1616 1570/1646/1616 1633/1705/1616 1634/1707/1616
f 1598/1649/1617 1597/1647/1617 1660/1706/1617 1661/1708/1617
f 1572/1650/1618 1571/1648/1618 1634/1707/1618 1635/1709/1618
f 1599/1651/1619 1598/1649/1619 1661/1708/1619 1662/1710/1619
f 1573/1652/1620 1572/1650/1620 1635/1709/1620 1636/1711/1620
f 1600/1653/1621 1599/1651/1621 1662/1710/1621 1663/1712/1621
f 1574/1654/1622 1573/1652/1622 1636/1711/1622 1637/1713/1622
f 1601/1655/1623 1600/1653/1623 1663/1712/1623 1664/1714/1623
f 1575/1656/1624 1574/1654/1624 1637/1713/1624 1638/1715/1624
f 1602/1657/1625 1601/1655/1625 1664/1714/1625 1665/1716/1625
f 1576/1658/1626 1575/1656/1626 1638/1715/1626 1639/1717/1626
f 1603/1659/1627 1602/1657/1627 1665/1716/1627 1666/1718/1627
f 1577/1660/1628 1576/1658/1628 1639/1717/1628 1640/1719/1628
f 1604/1661/1629 1603/1659/1629 1666/1718/1629 1667/1720/1629
f 1578/1662/1630 1577/1660/1630 1640/1719/1630 1641/1721/1630
f 1605/1663/1631 1604/1661/1631 1667/1720/1631 1668/1722/1631
f 1579/1664/1632 1578/1662/1632 1641/1721/1632 1642/1723/1632
f 1606/1665/1633 1605/1663/1633 1668/1722/1633 1669/1724/1633
f 1580/1666/1634 1579/1664/1634 1642/1723/1634 1643/1725/1634
f 1554/1668/1635 2058/1726/1635 1617/1727/1635
f 1607/1669/1636 1606/1665/1636 1669/1724/1636 1670/1728/1636
f 1581/1670/1637 1580/1666/1637 1643/1725/1637 1644/1729/1637
f 1555/1671/1638 1554/1668/1638 1617/1727/1638 1618/1730/1638
f 1608/1672/1639 1607/1669/1639 1670/1728/1639 1671/1731/1639
f 1582/1673/1640 1581/1670/1640 1644/1729/1640 1645/1732/1640
f 1556/1674/1641 1555/1671/1641 1618/1730/1641 1619/1733/1641
f 1609/1675/1642 1608/1672/1642 1671/1731/1642 1672/1734/1642
f 1583/1676/1643 1582/1673/1643 1645/1732/1643 1646/1735/1643
f 1557/1677/1644 1556/1674/1644 1619/1733/1644 1620/1736/1644
f 1610/1678/1645 1609/1675/1645 1672/1734/1645 1673/1737/1645
f 1584/1679/1646 1583/1676/1646 1646/1735/1646 1647/1738/1646
f 1558/1680/1647 1557/1677/1647 1620/1736/1647 1621/1739/1647
f 1611/1681/1648 1610/1678/1648 1673/1737/1648 1674/1740/1648
f 1585/1682/1649 1584/1679/1649 1647/1738/1649 1648/1741/1649
f 1559/1683/1650 1558/1680/1650 1621/1739/1650 1622/1742/1650
f 1612/1684/1651 1611/1681/1651 1674/1740/1651 1675/1743/1651
f 1586/1685/1652 1585/1682/1652 1648/1741/1652 1649/1744/1652
f 1560/1686/1653 1559/1683/1653 1622/1742/1653 1623/1745/1653
f 1613/1687/1654 1612/1684/1654 1675/1743/1654 1676/1746/1654
f 1587/1688/1655 1586/1685/1655 1649/1744/1655 1650/1747/1655
f 1561/1624/1656 1560/1686/1656 1623/1745/1656 1624/1748/1656
f 1614/1626/1657 1613/1687/1657 1676/1746/1657 1677/1749/1657
f 1588/1628/1658 1587/1688/1658 1650/1747/1658 1651/1750/1658
f 1562/1625/1659 1561/1624/1659 1624/1748/1659 1625/1751/1659
f 1615/1627/1660 1614/1626/1660 1677/1749/1660 1678/1752/1660
f 1589/1629/1661 1588/1628/1661 1651/1750/1661 1652/1753/1661
f 1563/1630/1662 1562/1625/1662 1625/1751/1662 1626/1689/1662
f 1616/1631/1663 1615/1627/1663 1678/1752/1663 1679/1692/1663
f 1590/1632/1664 1589/1629/1664 1652/1753/1664 1653/1693/1664
f 1676/1746/1665 1675/1743/1665 1738/1754/1665 1739/1755/1665
f 1650/1747/1666 1649/1744/1666 1712/1756/1666 1713/1757/1666
f 1624/1748/1667 1623/1745/1667 1686/1758/1667 1687/1759/1667
f 1677/1749/1668 1676/1746/1668 1739/1755/1668 1740/1760/1668
f 1651/1750/1669 1650/1747/1669 1713/1757/1669 1714/1761/1669
f 1625/1751/1670 1624/1748/1670 1687/1759/1670 1688/1762/1670
f 1678/1752/1671 1677/1749/1671 1740/1760/1671 1741/1763/1671
f 1652/1753/1672 1651/1750/1672 1714/1761/1672 1715/1764/1672
f 1626/1689/1673 1625/1751/1673 1688/1762/1673 1689/1765/1673
f 1679/1692/1674 1678/1752/1674 1741/1763/1674 1742/1766/1674
f 1653/1693/1675 1652/1753/1675 1715/1764/1675 1716/1767/1675
f 1627/1690/1676 1626/1689/1676 1689/1765/1676 1690/1768/1676
f 2752/1769/1677 1679/1692/1677 1742/1766/1677
f 1654/1694/1678 1653/1693/1678 1716/1767/1678 1717/1770/1678
f 1628/1695/1679 1627/1690/1679 1690/1768/1679 1691/1771/1679
f 1655/1696/1680 1654/1694/1680 1717/1770/1680 1718/1772/1680
f 1629/1697/1681 1628/1695/1681 1691/1771/1681 1692/1773/1681
f 1656/1698/1682 1655/1696/1682 1718/1772/1682 1719/1774/1682
f 1630/1699/1683 1629/1697/1683 1692/1773/1683 1693/1775/1683
f 1657/1700/1684 1656/1698/1684 1719/1774/1684 1720/1776/1684
f 1631/1701/1685 1630/1699/1685 1693/1775/1685 1694/1777/1685
f 1658/1702/1686 1657/1700/1686 1720/1776/1686 1721/1778/1686
f 1632/1703/1687 1631/1701/1687 1694/1777/1687 1695/1779/1687
f 1659/1704/1688 1658/1702/1688 1721/1778/1688 1722/1780/1688
f 1633/1705/1689 1632/1703/1689 1695/1779/1689 1696/1781/1689
f 1660/1706/1690 1659/1704/1690 1722/1780/1690 1723/1782/1690
f 1634/1707/1691 1633/1705/1691 1696/1781/1691 1697/1783/1691
f 1661/1708/1692 1660/1706/1692 1723/1782/1692 1724/1784/1692
f 1635/1709/1693 1634/1707/1693 1697/1783/1693 1698/1785/1693
f 1662/1710/1694 1661/1708/1694 1724/1784/1694 1725/1786/1694
f 1636/1711/1695 1635/1709/1695 1698/1785/1695 1699/1787/1695
f 1663/1712/1696 1662/1710/1696 1725/1786/1696 1726/1788/1696
f 1637/1713/1697 1636/1711/1697 1699/1787/1697 1700/1789/1697
f 1664/1714/1698 1663/1712/1698 1726/1788/1698 1727/1790/1698
f 1638/1715/1699 1637/1713/1699 1700/1789/1699 1701/1791/1699
f 1665/1716/1700 1664/1714/1700 1727/1790/1700 1728/1792/1700
f 1639/1717/1701 1638/1715/1701 1701/1791/1701 1702/1793/1701
f 1666/1718/1702 1665/1716/1702 1728/1792/1702 1729/1794/1702
f 1640/1719/1703 1639/1717/1703 1702/1793/1703 1703/1795/1703
f 1667/1720/1704 1666/1718/1704 1729/1794/1704 1730/1796/1704
f 1641/1721/1705 1640/1719/1705 1703/1795/1705 1704/1797/1705
f 1668/1722/1706 1667/1720/1706 1730/1796/1706 1731/1798/1706
f 1642/1723/1707 1641/1721/1707 1704/1797/1707 1705/1799/1707
f 1669/1724/1708 1668/1722/1708 1731/1798/1708 1732/1800/1708
f 1643/1725/1709 1642/1723/1709 1705/1799/1709 1706/1801/1709
f 1617/1727/1710 2058/1802/1710 1680/1803/1710
f 1670/1728/1711 1669/1724/1711 1732/1800/1711 1733/1804/1711
f 1644/1729/1712 1643/1725/1712 1706/1801/1712 1707/1805/1712
f 1618/1730/1713 1617/1727/1713 1680/1803/1713 1681/1806/1713
f 1671/1731/1714 1670/1728/1714 1733/1804/1714 1734/1807/1714
f 1645/1732/1715 1644/1729/1715 1707/1805/1715 1708/1808/1715
f 1619/1733/1716 1618/1730/1716 1681/1806/1716 1682/1809/1716
f 1672/1734/1717 1671/1731/1717 1734/1807/1717 1735/1810/1717
f 1646/1735/1718 1645/1732/1718 1708/1808/1718 1709/1811/1718
f 1620/1736/1719 1619/1733/1719 1682/1809/1719 1683/1812/1719
f 1673/1737/1720 1672/1734/1720 1735/1810/1720 1736/1813/1720
f 1647/1738/1721 1646/1735/1721 1709/1811/1721 1710/1814/1721
f 1621/1739/1722 1620/1736/1722 1683/1812/1722 1684/1815/1722
f 1674/1740/1723 1673/1737/1723 1736/1813/1723 1737/1816/1723
f 1648/1741/1724 1647/1738/1724 1710/1814/1724 1711/1817/1724
f 1622/1742/1725 1621/1739/1725 1684/1815/1725 1685/1818/1725
f 1675/1743/1726 1674/1740/1726 1737/1816/1726 1738/1754/1726
f 1649/1744/1727 1648/1741/1727 1711/1817/1727 1712/1756/1727
f 1623/1745/1728 1622/1742/1728 1685/1818/1728 1686/1758/1728
f 1741/1763/1729 1740/1760/1729 1803/1819/1729 1804/1820/1729
f 1715/1764/1730 1714/1761/1730 1777/1821/1730 1778/1822/1730
f 1689/1765/1731 1688/1762/1731 1751/1823/1731 1752/1824/1731
f 1742/1766/1732 1741/1763/1732 1804/1820/1732 1805/1825/1732
f 1716/1767/1733 1715/1764/1733 1778/1822/1733 1779/1826/1733
f 1690/1768/1734 1689/1765/1734 1752/1824/1734 1753/1827/1734
f 2752/1828/1735 1742/1766/1735 1805/1825/1735
f 1717/1770/1736 1716/1767/1736 1779/1826/1736 1780/1829/1736
f 1691/1771/1737 1690/1768/1737 1753/1827/1737 1754/1830/1737
f 1718/1772/1738 1717/1770/1738 1780/1829/1738 1781/1831/1738
f 1692/1773/1739 1691/1771/1739 1754/1830/1739 1755/1832/1739
f 1719/1774/1740 1718/1772/1740 1781/1831/1740 1782/1833/1740
f 1693/1775/1741 1692/1773/1741 1755/1832/1741 1756/1834/1741
f 1720/1776/1742 1719/1774/1742 1782/1833/1742 1783/1835/1742
f 1694/1777/1743 1693/1775/1743 1756/1834/1743 1757/1836/1743
f 1721/1778/1744 1720/1776/1744 1783/1835/1744 1784/1837/1744
f 1695/1779/1745 1694/1777/1745 1757/1836/1745 1758/1838/1745
f 1722/1780/1746 1721/1778/1746 1784/1837/1746 1785/1839/1746
f 1696/1781/1747 1695/1779/1747 1758/1838/1747 1759/1840/1747
f 1723/1782/1748 1722/1780/1748 1785/1839/1748 1786/1841/1748
f 1697/1783/1749 1696/1781/1749 1759/1840/1749 1760/1842/1749
f 1724/1784/1750 1723/1782/1750 1786/1841/1750 1787/1843/1750
f 1698/1785/1751 1697/1783/1751 1760/1842/1751 1761/1844/1751
f 1725/1786/1752 1724/1784/1752 1787/1843/1752 1788/1845/1752
f 1699/1787/1753 1698/1785/1753 1761/1844/1753 1762/1846/1753
f 1726/1788/1754 1725/1786/1754 1788/1845/1754 1789/1847/1754
f 1700/1789/1755 1699/1787/1755 1762/1846/1755 1763/1848/1755
f 1727/1790/1756 1726/1788/1756 1789/1847/1756 1790/1849/1756
f 1701/1791/1757 1700/1789/1757 1763/1848/1757 1764/1850/1757
f 1728/1792/1758 1727/1790/1758 1790/1849/1758 1791/1851/1758
f 1702/1793/1759 1701/1791/1759 1764/1850/1759 1765/1852/1759
f 1729/1794/1760 1728/1792/1760 1791/1851/1760 1792/1853/1760
f 1703/1795/1761 1702/1793/1761 1765/1852/1761 1766/1854/1761
f 1730/1796/1762 1729/1794/1762 1792/1853/1762 1793/1855/1762
f 1704/1797/1763 1703/1795/1763 1766/1854/1763 1767/1856/1763
f 1731/1798/1764 1730/1796/1764 1793/1855/1764 1794/1857/1764
f 1705/1799/1765 1704/1797/1765 1767/1856/1765 1768/1858/1765
f 1732/1800/1766 1731/1798/1766 1794/1857/1766 1795/1859/1766
f 1706/1801/1767 1705/1799/1767 1768/1858/1767 1769/1860/1767
f 1680/1803/1768 2058/1861/1768 1743/1862/1768
f 1733/1804/1769 1732/1800/1769 1795/1859/1769 1796/1863/1769
f 1707/1805/1770 1706/1801/1770 1769/1860/1770 1770/1864/1770
f 1681/1806/1771 1680/1803/1771 1743/1862/1771 1744/1865/1771
f 1734/1807/1772 1733/1804/1772 1796/1863/1772 1797/1866/1772
f 1708/1808/1773 1707/1805/1773 1770/1864/1773 1771/1867/1773
f 1682/1809/1774 1681/1806/1774 1744/1865/1774 1745/1868/1774
f 1735/1810/1775 1734/1807/1775 1797/1866/1775 1798/1869/1775
f 1709/1811/1776 1708/1808/1776 1771/1867/1776 1772/1870/1776
f 1683/1812/1777 1682/1809/1777 1745/1868/1777 1746/1871/1777
f 1736/1813/1778 1735/1810/1778 1798/1869/1778 1799/1872/1778
f 1710/1814/1779 1709/1811/1779 1772/1870/1779 1773/1873/1779
f 1684/1815/1780 1683/1812/1780 1746/1871/1780 1747/1874/1780
f 1737/1816/1781 1736/1813/1781 1799/1872/1781 1800/1875/1781
f 1711/1817/1782 1710/1814/1782 1773/1873/1782 1774/1876/1782
f 1685/1818/1783 1684/1815/1783 1747/1874/1783 1748/1877/1783
f 1738/1754/1784 1737/1816/1784 1800/1875/1784 1801/1878/1784
f 1712/1756/1785 1711/1817/1785 1774/1876/1785 1775/1879/1785
f 1686/1758/1786 1685/1818/1786 1748/1877/1786 1749/1880/1786
f 1739/1755/1787 1738/1754/1787 1801/1878/1787 1802/1881/1787
f 1713/1757/1788 1712/1756/1788 1775/1879/1788 1776/1882/1788
f 1687/1759/1789 1686/1758/1789 1749/1880/1789 1750/1883/1789
f 1740/1760/1790 1739/1755/1790 1802/1881/1790 1803/1819/1790
f 1714/1761/1791 1713/1757/1791 1776/1882/1791 1777/1821/1791
f 1688/1762/1792 1687/1759/1792 1750/1883/1792 1751/1823/1792
f 2752/1884/1793 1805/1825/1793 1868/1885/1793
f 1780/1829/1794 1779/1826/1794 1842/1886/1794 1843/1887/1794
f 1754/1830/1795 1753/1827/1795 1816/1888/1795 1817/1889/1795
f 1781/1831/1796 1780/1829/1796 1843/1887/1796 1844/1890/1796
f 1755/1832/1797 1754/1830/1797 1817/1889/1797 1818/1891/1797
f 1782/1833/1798 1781/1831/1798 1844/1890/1798 1845/1892/1798
f 1756/1834/1799 1755/1832/1799 1818/1891/1799 1819/1893/1799
f 1783/1835/1800 1782/1833/1800 1845/1892/1800 1846/1894/1800
f 1757/1836/1801 1756/1834/1801 1819/1893/1801 1820/1895/1801
f 1784/1837/1802 1783/1835/1802 1846/1894/1802 1847/1896/1802
f 1758/1838/1803 1757/1836/1803 1820/1895/1803 1821/1897/1803
f 1785/1839/1804 1784/1837/1804 1847/1896/1804 1848/1898/1804
f 1759/1840/1805 1758/1838/1805 1821/1897/1805 1822/1899/1805
f 1786/1841/1806 1785/1839/1806 1848/1898/1806 1849/1900/1806
f 1760/1842/1807 1759/1840/1807 1822/1899/1807 1823/1901/1807
f 1787/1843/1808 1786/1841/1808 1849/1900/1808 1850/1902/1808
f 1761/1844/1809 1760/1842/1809 1823/1901/1809 1824/1903/1809
f 1788/1845/1810 1787/1843/1810 1850/1902/1810 1851/1904/1810
f 1762/1846/1811 1761/1844/1811 1824/1903/1811 1825/1905/1811
f 1789/1847/1812 1788/1845/1812 1851/1904/1812 1852/1906/1812
f 1763/1848/1813 1762/1846/1813 1825/1905/1813 1826/1907/1813
f 1790/1849/1814 1789/1847/1814 1852/1906/1814 1853/1908/1814
f 1764/1850/1815 1763/1848/1815 1826/1907/1815 1827/1909/1815
f 1791/1851/1816 1790/1849/1816 1853/1908/1816 1854/1910/1816
f 1765/1852/1817 1764/1850/1817 1827/1909/1817 1828/1911/1817
f 1792/1853/1818 1791/1851/1818 1854/1910/1818 1855/1912/1818
f 1766/1854/1819 1765/1852/1819 1828/1911/1819 1829/1913/1819
f 1793/1855/1820 1792/1853/1820 1855/1912/1820 1856/1914/1820
f 1767/1856/1821 1766/1854/1821 1829/1913/1821 1830/1915/1821
f 1794/1857/1822 1793/1855/1822 1856/1914/1822 1857/1916/1822
f 1768/1858/1823 1767/1856/1823 1830/1915/1823 1831/1917/1823
f 1795/1859/1824 1794/1857/1824 1857/1916/1824 1858/1918/1824
f 1769/1860/1825 1768/1858/1825 1831/1917/1825 1832/1919/1825
f 1743/1862/1826 2058/1920/1826 1806/1921/1826
f 1796/1863/1827 1795/1859/1827 1858/1918/1827 1859/1922/1827
f 1770/1864/1828 1769/1860/1828 1832/1919/1828 1833/1923/1828
f 1744/1865/1829 1743/1862/1829 1806/1921/1829 1807/1924/1829
f 1797/1866/1830 1796/1863/1830 1859/1922/1830 1860/1925/1830
f 1771/1867/1831 1770/1864/1831 1833/1923/1831 1834/1926/1831
f 1745/1868/1832 1744/1865/1832 1807/1924/1832 1808/1927/1832
f 1798/1869/1833 1797/1866/1833 1860/1925/1833 1861/1928/1833
f 1772/1870/1834 1771/1867/1834 1834/1926/1834 1835/1929/1834
f 1746/1871/1835 1745/1868/1835 1808/1927/1835 1809/1930/1835
f 1799/1872/1836 1798/1869/1836 1861/1928/1836 1862/1931/1836
f 1773/1873/1837 1772/1870/1837 1835/1929/1837 1836/1932/1837
f 1747/1874/1838 1746/1871/1838 1809/1930/1838 1810/1933/1838
f 1800/1875/1839 1799/1872/1839 1862/1931/1839 1863/1934/1839
f 1774/1876/1840 1773/1873/1840 1836/1932/1840 1837/1935/1840
f 1748/1877/1841 1747/1874/1841 1810/1933/1841 1811/1936/1841
f 1801/1878/1842 1800/1875/1842 1863/1934/1842 1864/1937/1842
f 1775/1879/1843 1774/1876/1843 1837/1935/1843 1838/1938/1843
f 1749/1880/1844 1748/1877/1844 1811/1936/1844 1812/1939/1844
f 1802/1881/1845 1801/1878/1845 1864/1937/1845 1865/1940/1845
f 1776/1882/1846 1775/1879/1846 1838/1938/1846 1839/1941/1846
f 1750/1883/1847 1749/1880/1847 1812/1939/1847 1813/1942/1847
f 1803/1819/1848 1802/1881/1848 1865/1940/1848 1866/1943/1848
f 1777/1821/1849 1776/1882/1849 1839/1941/1849 1840/1944/1849
f 1751/1823/1850 1750/1883/1850 1813/1942/1850 1814/1945/1850
f 1804/1820/1851 1803/1819/1851 1866/1943/1851 1867/1946/1851
f 1778/1822/1852 1777/1821/1852 1840/1944/1852 1841/1947/1852
f 1752/1824/1853 1751/1823/1853 1814/1945/1853 1815/1948/1853
f 1805/1825/1854 1804/1820/1854 1867/1946/1854 1868/1885/1854
f 1779/1826/1855 1778/1822/1855 1841/1947/1855 1842/1886/1855
f 1753/1827/1856 1752/1824/1856 1815/1948/1856 1816/1888/1856
f 1845/1892/1857 1844/1890/1857 1907/1949/1857 1908/1950/1857
f 1819/1893/1858 1818/1891/1858 1881/1951/1858 1882/1952/1858
f 1846/1894/1859 1845/1892/1859 1908/1950/1859 1909/1953/1859
f 1820/1895/1860 1819/1893/1860 1882/1952/1860 1883/1954/1860
f 1847/1896/1861 1846/1894/1861 1909/1953/1861 1910/1955/1861
f 1821/1897/1862 1820/1895/1862 1883/1954/1862 1884/1956/1862
f 1848/1898/1863 1847/1896/1863 1910/1955/1863 1911/1957/1863
f 1822/1899/1864 1821/1897/1864 1884/1956/1864 1885/1958/1864
f 1849/1900/1865 1848/1898/1865 1911/1957/1865 1912/1959/1865
f 1823/1901/1866 1822/1899/1866 1885/1958/1866 1886/1960/1866
f 1850/1902/1867 1849/1900/1867 1912/1959/1867 1913/1961/1867
f 1824/1903/1868 1823/1901/1868 1886/1960/1868 1887/1962/1868
f 1851/1904/1869 1850/1902/1869 1913/1961/1869 1914/1963/1869
f 1825/1905/1870 1824/1903/1870 1887/1962/1870 1888/1964/1870
f 1852/1906/1871 1851/1904/1871 1914/1963/1871 1915/1965/1871
f 1826/1907/1872 1825/1905/1872 1888/1964/1872 1889/1966/1872
f 1853/1908/1873 1852/1906/1873 1915/1965/1873 1916/1967/1873
f 1827/1909/1874 1826/1907/1874 1889/1966/1874 1890/1968/1874
f 1854/1910/1875 1853/1908/1875 1916/1967/1875 1917/1969/1875
f 1828/1911/1876 1827/1909/1876 1890/1968/1876 1891/1970/1876
f 1855/1912/1877 1854/1910/1877 1917/1969/1877 1918/1971/1877
f 1829/1913/1878 1828/1911/1878 1891/1970/1878 1892/1972/1878
f 1856/1914/1879 1855/1912/1879 1918/1971/1879 1919/1973/1879
f 1830/1915/1880 1829/1913/1880 1892/1972/1880 1893/1974/1880
f 1857/1916/1881 1856/1914/1881 1919/1973/1881 1920/1975/1881
f 1831/1917/1882 1830/1915/1882 1893/1974/1882 1894/1976/1882
f 1858/1918/1883 1857/1916/1883 1920/1975/1883 1921/1977/1883
f 1832/1919/1884 1831/1917/1884 1894/1976/1884 1895/1978/1884
f 1806/1921/1885 2058/1979/1885 1869/1980/1885
f 1859/1922/1886 1858/1918/1886 1921/1977/1886 1922/1981/1886
f 1833/1923/1887 1832/1919/1887 1895/1978/1887 1896/1982/1887
f 1807/1924/1888 1806/1921/1888 1869/1980/1888 1870/1983/1888
f 1860/1925/1889 1859/1922/1889 1922/1981/1889 1923/1984/1889
f 1834/1926/1890 1833/1923/1890 1896/1982/1890 1897/1985/1890
f 1808/1927/1891 1807/1924/1891 1870/1983/1891 1871/1986/1891
f 1861/1928/1892 1860/1925/1892 1923/1984/1892 1924/1987/1892
f 1835/1929/1893 1834/1926/1893 1897/1985/1893 1898/1988/1893
f 1809/1930/1894 1808/1927/1894 1871/1986/1894 1872/1989/1894
f 1862/1931/1895 1861/1928/1895 1924/1987/1895 1925/1990/1895
f 1836/1932/1896 1835/1929/1896 1898/1988/1896 1899/1991/1896
f 1810/1933/1897 1809/1930/1897 1872/1989/1897 1873/1992/1897
f 1863/1934/1898 1862/1931/1898 1925/1990/1898 1926/1993/1898
f 1837/1935/1899 1836/1932/1899 1899/1991/1899 1900/1994/1899
f 1811/1936/1900 1810/1933/1900 1873/1992/1900 1874/1995/1900
f 1864/1937/1901 1863/1934/1901 1926/1993/1901 1927/1996/1901
f 1838/1938/1902 1837/1935/1902 1900/1994/1902 1901/1997/1902
f 1812/1939/1903 1811/1936/1903 1874/1995/1903 1875/1998/1903
f 1865/1940/1904 1864/1937/1904 1927/1996/1904 1928/1999/1904
f 1839/1941/1905 1838/1938/1905 1901/1997/1905 1902/2000/1905
f 1813/1942/1906 1812/1939/1906 1875/1998/1906 1876/2001/1906
f 1866/1943/1907 1865/1940/1907 1928/1999/1907 1929/2002/1907
f 1840/1944/1908 1839/1941/1908 1902/2000/1908 1903/2003/1908
f 1814/1945/1909 1813/1942/1909 1876/2001/1909 1877/2004/1909
f 1867/1946/1910 1866/1943/1910 1929/2002/1910 1930/2005/1910
f 1841/1947/1911 1840/1944/1911 1903/2003/1911 1904/2006/1911
f 1815/1948/1912 1814/1945/1912 1877/2004/1912 1878/2007/1912
f 1868/1885/1913 1867/1946/1913 1930/2005/1913 1931/2008/1913
f 1842/1886/1914 1841/1947/1914 1904/2006/1914 1905/2009/1914
f 1816/1888/1915 1815/1948/1915 1878/2007/1915 1879/2010/1915
f 2752/2011/1916 1868/1885/1916 1931/2008/1916
f 1843/1887/1917 1842/1886/1917 1905/2009/1917 1906/2012/1917
f 1817/1889/1918 1816/1888/1918 1879/2010/1918 1880/2013/1918
f 1844/1890/1919 1843/1887/1919 1906/2012/1919 1907/1949/1919
f 1818/1891/1920 1817/1889/1920 1880/2013/1920 1881/1951/1920
f 1910/1955/1921 1909/1953/1921 1972/2014/1921 1973/2015/1921
f 1884/1956/1922 1883/1954/1922 1946/2016/1922 1947/2017/1922
f 1911/1957/1923 1910/1955/1923 1973/2015/1923 1974/2018/1923
f 1885/1958/1924 1884/1956/1924 1947/2017/1924 1948/2019/1924
f 1912/1959/1925 1911/1957/1925 1974/2018/1925 1975/2020/1925
f 1886/1960/1926 1885/1958/1926 1948/2019/1926 1949/2021/1926
f 1913/1961/1927 1912/1959/1927 1975/2020/1927 1976/2022/1927
f 1887/1962/1928 1886/1960/1928 1949/2021/1928 1950/2023/1928
f 1914/1963/1929 1913/1961/1929 1976/2022/1929 1977/2024/1929
f 1888/1964/1930 1887/1962/1930 1950/2023/1930 1951/2025/1930
f 1915/1965/1931 1914/1963/1931 1977/2024/1931 1978/2026/1931
f 1889/1966/1932 1888/1964/1932 1951/2025/1932 1952/2027/1932
f 1916/1967/1933 1915/1965/1933 1978/2026/1933 1979/2028/1933
f 1890/1968/1934 1889/1966/1934 1952/2027/1934 1953/2029/1934
f 1917/1969/1935 1916/1967/1935 1979/2028/1935 1980/2030/1935
f 1891/1970/1936 1890/1968/1936 1953/2029/1936 1954/2031/1936
f 1918/1971/1937 1917/1969/1937 1980/2030/1937 1981/2032/1937
f 1892/1972/1938 1891/1970/1938 1954/2031/1938 1955/2033/1938
f 1919/1973/1939 1918/1971/1939 1981/2032/1939 1982/2034/1939
f 1893/1974/1940 1892/1972/1940 1955/2033/1940 1956/2035/1940
f 1920/1975/1941 1919/1973/1941 1982/2034/1941 1983/2036/1941
f 1894/1976/1942 1893/1974/1942 1956/2035/1942 1957/2037/1942
f 1921/1977/1943 1920/1975/1943 1983/2036/1943 1984/2038/1943
f 1895/1978/1944 1894/1976/1944 1957/2037/1944 1958/2039/1944
f 1869/1980/1945 2058/2040/1945 1932/2041/1945
f 1922/1981/1946 1921/1977/1946 1984/2038/1946 1985/2042/1946
f 1896/1982/1947 1895/1978/1947 1958/2039/1947 1959/2043/1947
f 1870/1983/1948 1869/1980/1948 1932/2041/1948 1933/2044/1948
f 1923/1984/1949 1922/1981/1949 1985/2042/1949 1986/2045/1949
f 1897/1985/1950 1896/1982/1950 1959/2043/1950 1960/2046/1950
f 1871/1986/1951 1870/1983/1951 1933/2044/1951 1934/2047/1951
f 1924/1987/1952 1923/1984/1952 1986/2045/1952 1987/2048/1952
f 1898/1988/1953 1897/1985/1953 1960/2046/1953 1961/2049/1953
f 1872/1989/1954 1871/1986/1954 1934/2047/1954 1935/2050/1954
f 1925/1990/1955 1924/1987/1955 1987/2048/1955 1988/2051/1955
f 1899/1991/1956 1898/1988/1956 1961/2049/1956 1962/2052/1956
f 1873/1992/1957 1872/1989/1957 1935/2050/1957 1936/2053/1957
f 1926/1993/1958 1925/1990/1958 1988/2051/1958 1989/2054/1958
f 1900/1994/1959 1899/1991/1959 1962/2052/1959 1963/2055/1959
f 1874/1995/1960 1873/1992/1960 1936/2053/1960 1937/2056/1960
f 1927/1996/1961 1926/1993/1961 1989/2054/1961 1990/2057/1961
f 1901/1997/1962 1900/1994/1962 1963/2055/1962 1964/2058/1962
f 1875/1998/1963 1874/1995/1963 1937/2056/1963 1938/2059/1963
f 1928/1999/1964 1927/1996/1964 1990/2057/1964 1991/2060/1964
f 1902/2000/1965 1901/1997/1965 1964/2058/1965 1965/2061/1965
f 1876/2001/1966 1875/1998/1966 1938/2059/1966 1939/2062/1966
f 1929/2002/1967 1928/1999/1967 1991/2060/1967 1992/2063/1967
f 1903/2003/1968 1902/2000/1968 1965/2061/1968 1966/2064/1968
f 1877/2004/1969 1876/2001/1969 1939/2062/1969 1940/2065/1969
f 1930/2005/1970 1929/2002/1970 1992/2063/1970 1993/2066/1970
f 1904/2006/1971 1903/2003/1971 1966/2064/1971 1967/2067/1971
f 1878/2007/1972 1877/2004/1972 1940/2065/1972 1941/2068/1972
f 1931/2008/1973 1930/2005/1973 1993/2066/1973 1994/2069/1973
f 1905/2009/1974 1904/2006/1974 1967/2067/1974 1968/2070/1974
f 1879/2010/1975 1878/2007/1975 1941/2068/1975 1942/2071/1975
f 2752/2072/1976 1931/2008/1976 1994/2069/1976
f 1906/2012/1977 1905/2009/1977 1968/2070/1977 1969/2073/1977
f 1880/2013/1978 1879/2010/1978 1942/2071/1978 1943/2074/1978
f 1907/1949/1979 1906/2012/1979 1969/2073/1979 1970/2075/1979
f 1881/1951/1980 1880/2013/1980 1943/2074/1980 1944/2076/1980
f 1908/1950/1981 1907/1949/1981 1970/2075/1981 1971/2077/1981
f 1882/1952/1982 1881/1951/1982 1944/2076/1982 1945/2078/1982
f 1909/1953/1983 1908/1950/1983 1971/2077/1983 1972/2014/1983
f 1883/1954/1984 1882/1952/1984 1945/2078/1984 1946/2016/1984
f 1975/2020/1985 1974/2018/1985 2037/2079/1985 2038/2080/1985
f 1949/2021/1986 1948/2019/1986 2011/2081/1986 2012/2082/1986
f 1976/2022/1987 1975/2020/1987 2038/2080/1987 2039/2083/1987
f 1950/2023/1988 1949/2021/1988 2012/2082/1988 2013/2084/1988
f 1977/2024/1989 1976/2022/1989 2039/2083/1989 2040/2085/1989
f 1951/2025/1990 1950/2023/1990 2013/2084/1990 2014/2086/1990
f 1978/2026/1991 1977/2024/1991 2040/2085/1991 2041/2087/1991
f 1952/2027/1992 1951/2025/1992 2014/2086/1992 2015/2088/1992
f 1979/2028/1993 1978/2026/1993 2041/2087/1993 2042/2089/1993
f 1953/2029/1994 1952/2027/1994 2015/2088/1994 2016/2090/1994
f 1980/2030/1995 1979/2028/1995 2042/2089/1995 2043/2091/1995
f 1954/2031/1996 1953/2029/1996 2016/2090/1996 2017/2092/1996
f 1981/2032/1997 1980/2030/1997 2043/2091/1997 2044/2093/1997
f 1955/2033/1998 1954/2031/1998 2017/2092/1998 2018/2094/1998
f 1982/2034/1999 1981/2032/1999 2044/2093/1999 2045/2095/1999
f 1956/2035/2000 1955/2033/2000 2018/2094/2000 2019/2096/2000
f 1983/2036/2001 1982/2034/2001 2045/2095/2001 2046/2097/2001
f 1957/2037/2002 1956/2035/2002 2019/2096/2002 2020/2098/2002
f 1984/2038/2003 1983/2036/2003 2046/2097/2003 2047/2099/2003
f 1958/2039/2004 1957/2037/2004 2020/2098/2004 2021/2100/2004
f 1932/2041/2005 2058/2101/2005 1995/2102/2005
f 1985/2042/2006 1984/2038/2006 2047/2099/2006 2048/2103/2006
f 1959/2043/2007 1958/2039/2007 2021/2100/2007 2022/2104/2007
f 1933/2044/2008 1932/2041/2008 1995/2102/2008 1996/2105/2008
f 1986/2045/2009 1985/2042/2009 2048/2103/2009 2049/2106/2009
f 1960/2046/2010 1959/2043/2010 2022/2104/2010 2023/2107/2010
f 1934/2047/2011 1933/2044/2011 1996/2105/2011 1997/2108/2011
f 1987/2048/2012 1986/2045/2012 2049/2106/2012 2050/2109/2012
f 1961/2049/2013 1960/2046/2013 2023/2107/2013 2024/2110/2013
f 1935/2050/2014 1934/2047/2014 1997/2108/2014 1998/2111/2014
f 1988/2051/2015 1987/2048/2015 2050/2109/2015 2051/2112/2015
f 1962/2052/2016 1961/2049/2016 2024/2110/2016 2025/2113/2016
f 1936/2053/2017 1935/2050/2017 1998/2111/2017 1999/2114/2017
f 1989/2054/2018 1988/2051/2018 2051/2112/2018 2052/2115/2018
f 1963/2055/2019 1962/2052/2019 2025/2113/2019 2026/2116/2019
f 1937/2056/2020 1936/2053/2020 1999/2114/2020 2000/2117/2020
f 1990/2057/2021 1989/2054/2021 2052/2115/2021 2053/2118/2021
f 1964/2058/2022 1963/2055/2022 2026/2116/2022 2027/2119/2022
f 1938/2059/2023 1937/2056/2023 2000/2117/2023 2001/2120/2023
f 1991/2060/2024 1990/2057/2024 2053/2118/2024 2054/2121/2024
f 1965/2061/2025 1964/2058/2025 2027/2119/2025 2028/2122/2025
f 1939/2062/2026 1938/2059/2026 2001/2120/2026 2002/2123/2026
f 1992/2063/2027 1991/2060/2027 2054/2121/2027 2055/2124/2027
f 1966/2064/2028 1965/2061/2028 2028/2122/2028 2029/2125/2028
f 1940/2065/2029 1939/2062/2029 2002/2123/2029 2003/2126/2029
f 1993/2066/2030 1992/2063/2030 2055/2124/2030 2056/2127/2030
f 1967/2067/2031 1966/2064/2031 2029/2125/2031 2030/2128/2031
f 1941/2068/2032 1940/2065/2032 2003/2126/2032 2004/2129/2032
f 1994/2069/2033 1993/2066/2033 2056/2127/2033 2057/2130/2033
f 1968/2070/2034 1967/2067/2034 2030/2128/2034 2031/2131/2034
f 1942/2071/2035 1941/2068/2035 2004/2129/2035 2005/2132/2035
f 2752/2133/2036 1994/2069/2036 2057/2130/2036
f 1969/2073/2037 1968/2070/2037 2031/2131/2037 2032/2134/2037
f 1943/2074/2038 1942/2071/2038 2005/2132/2038 2006/2135/2038
f 1970/2075/2039 1969/2073/2039 2032/2134/2039 2033/2136/2039
f 1944/2076/2040 1943/2074/2040 2006/2135/2040 2007/2137/2040
f 1971/2077/2041 1970/2075/2041 2033/2136/2041 2034/2138/2041
f 1945/2078/2042 1944/2076/2042 2007/2137/2042 2008/2139/2042
f 1972/2014/2043 1971/2077/2043 2034/2138/2043 2035/2140/2043
f 1946/2016/2044 1945/2078/2044 2008/2139/2044 2009/2141/2044
f 1973/2015/2045 1972/2014/2045 2035/2140/2045 2036/2142/2045
f 1947/2017/2046 1946/2016/2046 2009/2141/2046 2010/2143/2046
f 1974/2018/2047 1973/2015/2047 2036/2142/2047 2037/2079/2047
f 1948/2019/2048 1947/2017/2048 2010/2143/2048 2011/2081/2048
f 2040/2085/2049 2039/2083/2049 2103/2144/2049 2104/2145/2049
f 2014/2086/2050 2013/2084/2050 2077/2146/2050 2078/2147/2050
f 2041/2087/2051 2040/2085/2051 2104/2145/2051 2105/2148/2051
f 2015/2088/2052 2014/2086/2052 2078/2147/2052 2079/2149/2052
f 2042/2089/2053 2041/2087/2053 2105/2148/2053 2106/2150/2053
f 2016/2090/2054 2015/2088/2054 2079/2149/2054 2080/2151/2054
f 2043/2091/2055 2042/2089/2055 2106/2150/2055 2107/2152/2055
f 2017/2092/2056 2016/2090/2056 2080/2151/2056 2081/2153/2056
f 2044/2093/2057 2043/2091/2057 2107/2152/2057 2108/2154/2057
f 2018/2094/2058 2017/2092/2058 2081/2153/2058 2082/2155/2058
f 2045/2095/2059 2044/2093/2059 2108/2154/2059 2109/2156/2059
f 2019/2096/2060 2018/2094/2060 2082/2155/2060 2083/2157/2060
f 2046/2097/2061 2045/2095/2061 2109/2156/2061 2110/2158/2061
f 2020/2098/2062 2019/2096/2062 2083/2157/2062 2084/2159/2062
f 2047/2099/2063 2046/2097/2063 2110/2158/2063 2111/2160/2063
f 2021/2100/2064 2020/2098/2064 2084/2159/2064 2085/2161/2064
f 1995/2102/2065 2058/2162/2065 2059/2163/2065
f 2048/2103/2066 2047/2099/2066 2111/2160/2066 2112/2164/2066
f 2022/2104/2067 2021/2100/2067 2085/2161/2067 2086/2165/2067
f 1996/2105/2068 1995/2102/2068 2059/2163/2068 2060/2166/2068
f 2049/2106/2069 2048/2103/2069 2112/2164/2069 2113/2167/2069
f 2023/2107/2070 2022/2104/2070 2086/2165/2070 2087/2168/2070
f 1997/2108/2071 1996/2105/2071 2060/2166/2071 2061/2169/2071
f 2050/2109/2072 2049/2106/2072 2113/2167/2072 2114/2170/2072
f 2024/2110/2073 2023/2107/2073 2087/2168/2073 2088/2171/2073
f 1998/2111/2074 1997/2108/2074 2061/2169/2074 2062/2172/2074
f 2051/2112/2075 2050/2109/2075 2114/2170/2075 2115/2173/2075
f 2025/2113/2076 2024/2110/2076 2088/2171/2076 2089/2174/2076
f 1999/2114/2077 1998/2111/2077 2062/2172/2077 2063/2175/2077
f 2052/2115/2078 2051/2112/2078 2115/2173/2078 2116/2176/2078
f 2026/2116/2079 2025/2113/2079 2089/2174/2079 2090/2177/2079
f 2000/2117/2080 1999/2114/2080 2063/2175/2080 2064/2178/2080
f 2053/2118/2081 2052/2115/2081 2116/2176/2081 2117/2179/2081
f 2027/2119/2082 2026/2116/2082 2090/2177/2082 2091/2180/2082
f 2001/2120/2083 2000/2117/2083 2064/2178/2083 2065/2181/2083
f 2054/2121/2084 2053/2118/2084 2117/2179/2084 2118/2182/2084
f 2028/2122/2085 2027/2119/2085 2091/2180/2085 2092/2183/2085
f 2002/2123/2086 2001/2120/2086 2065/2181/2086 2066/2184/2086
f 2055/2124/2087 2054/2121/2087 2118/2182/2087 2119/2185/2087
f 2029/2125/2088 2028/2122/2088 2092/2183/2088 2093/2186/2088
f 2003/2126/2089 2002/2123/2089 2066/2184/2089 2067/2187/2089
f 2056/2127/2090 2055/2124/2090 2119/2185/2090 2120/2188/2090
f 2030/2128/2091 2029/2125/2091 2093/2186/2091 2094/2189/2091
f 2004/2129/2092 2003/2126/2092 2067/2187/2092 2068/2190/2092
f 2057/2130/2093 2056/2127/2093 2120/2188/2093 2121/2191/2093
f 2031/2131/2094 2030/2128/2094 2094/2189/2094 2095/2192/2094
f 2005/2132/2095 2004/2129/2095 2068/2190/2095 2069/2193/2095
f 2752/2194/2096 2057/2130/2096 2121/2191/2096
f 2032/2134/2097 2031/2131/2097 2095/2192/2097 2096/2195/2097
f 2006/2135/2098 2005/2132/2098 2069/2193/2098 2070/2196/2098
f 2033/2136/2099 2032/2134/2099 2096/2195/2099 2097/2197/2099
f 2007/2137/2100 2006/2135/2100 2070/2196/2100 2071/2198/2100
f 2034/2138/2101 2033/2136/2101 2097/2197/2101 2098/2199/2101
f 2008/2139/2102 2007/2137/2102 2071/2198/2102 2072/2200/2102
f 2035/2140/2103 2034/2138/2103 2098/2199/2103 2099/2201/2103
f 2009/2141/2104 2008/2139/2104 2072/2200/2104 2073/2202/2104
f 2036/2142/2105 2035/2140/2105 2099/2201/2105 2100/2203/2105
f 2010/2143/2106 2009/2141/2106 2073/2202/2106 2074/2204/2106
f 2037/2079/2107 2036/2142/2107 2100/2203/2107 2101/2205/2107
f 2011/2081/2108 2010/2143/2108 2074/2204/2108 2075/2206/2108
f 2038/2080/2109 2037/2079/2109 2101/2205/2109 2102/2207/2109
f 2012/2082/2110 2011/2081/2110 2075/2206/2110 2076/2208/2110
f 2039/2083/2111 2038/2080/2111 2102/2207/2111 2103/2144/2111
f 2013/2084/2112 2012/2082/2112 2076/2208/2112 2077/2146/2112
f 2106/2150/2113 2105/2148/2113 2168/2209/2113 2169/2210/2113
f 2080/2151/2114 2079/2149/2114 2142/2211/2114 2143/2212/2114
f 2107/2152/2115 2106/2150/2115 2169/2210/2115 2170/2213/2115
f 2081/2153/2116 2080/2151/2116 2143/2212/2116 2144/2214/2116
f 2108/2154/2117 2107/2152/2117 2170/2213/2117 2171/2215/2117
f 2082/2155/2118 2081/2153/2118 2144/2214/2118 2145/2216/2118
f 2109/2156/2119 2108/2154/2119 2171/2215/2119 2172/2217/2119
f 2083/2157/2120 2082/2155/2120 2145/2216/2120 2146/2218/2120
f 2110/2158/2121 2109/2156/2121 2172/2217/2121 2173/2219/2121
f 2084/2159/2122 2083/2157/2122 2146/2218/2122 2147/2220/2122
f 2111/2160/2123 2110/2158/2123 2173/2219/2123 2174/2221/2123
f 2085/2161/2124 2084/2159/2124 2147/2220/2124 2148/2222/2124
f 2059/2163/2125 2058/2223/2125 2122/2224/2125
f 2112/2164/2126 2111/2160/2126 2174/2221/2126 2175/2225/2126
f 2086/2165/2127 2085/2161/2127 2148/2222/2127 2149/2226/2127
f 2060/2166/2128 2059/2163/2128 2122/2224/2128 2123/2227/2128
f 2113/2167/2129 2112/2164/2129 2175/2225/2129 2176/2228/2129
f 2087/2168/2130 2086/2165/2130 2149/2226/2130 2150/2229/2130
f 2061/2169/2131 2060/2166/2131 2123/2227/2131 2124/2230/2131
f 2114/2170/2132 2113/2167/2132 2176/2228/2132 2177/2231/2132
f 2088/2171/2133 2087/2168/2133 2150/2229/2133 2151/2232/2133
f 2062/2172/2134 2061/2169/2134 2124/2230/2134 2125/2233/2134
f 2115/2173/2135 2114/2170/2135 2177/2231/2135 2178/2234/2135
f 2089/2174/2136 2088/2171/2136 2151/2232/2136 2152/2235/2136
f 2063/2175/2137 2062/2172/2137 2125/2233/2137 2126/2236/2137
f 2116/2176/2138 2115/2173/2138 2178/2234/2138 2179/2237/2138
f 2090/2177/2139 2089/2174/2139 2152/2235/2139 2153/2238/2139
f 2064/2178/2140 2063/2175/2140 2126/2236/2140 2127/2239/2140
f 2117/2179/2141 2116/2176/2141 2179/2237/2141 2180/2240/2141
f 2091/2180/2142 2090/2177/2142 2153/2238/2142 2154/2241/2142
f 2065/2181/2143 2064/2178/2143 2127/2239/2143 2128/2242/2143
f 2118/2182/2144 2117/2179/2144 2180/2240/2144 2181/2243/2144
f 2092/2183/2145 2091/2180/2145 2154/2241/2145 2155/2244/2145
f 2066/2184/2146 2065/2181/2146 2128/2242/2146 2129/2245/2146
f 2119/2185/2147 2118/2182/2147 2181/2243/2147 2182/2246/2147
f 2093/2186/2148 2092/2183/2148 2155/2244/2148 2156/2247/2148
f 2067/2187/2149 2066/2184/2149 2129/2245/2149 2130/2248/2149
f 2120/2188/2150 2119/2185/2150 2182/2246/2150 2183/2249/2150
f 2094/2189/2151 2093/2186/2151 2156/2247/2151 2157/2250/2151
f 2068/2190/2152 2067/2187/2152 2130/2248/2152 2131/2251/2152
f 2121/2191/2153 2120/2188/2153 2183/2249/2153 2184/2252/2153
f 2095/2192/2154 2094/2189/2154 2157/2250/2154 2158/2253/2154
f 2069/2193/2155 2068/2190/2155 2131/2251/2155 2132/2254/2155
f 2752/2255/2156 2121/2191/2156 2184/2252/2156
f 2096/2195/2157 2095/2192/2157 2158/2253/2157 2159/2256/2157
f 2070/2196/2158 2069/2193/2158 2132/2254/2158 2133/2257/2158
f 2097/2197/2159 2096/2195/2159 2159/2256/2159 2160/2258/2159
f 2071/2198/2160 2070/2196/2160 2133/2257/2160 2134/2259/2160
f 2098/2199/2161 2097/2197/2161 2160/2258/2161 2161/2260/2161
f 2072/2200/2162 2071/2198/2162 2134/2259/2162 2135/2261/2162
f 2099/2201/2163 2098/2199/2163 2161/2260/2163 2162/2262/2163
f 2073/2202/2164 2072/2200/2164 2135/2261/2164 2136/2263/2164
f 2100/2203/2165 2099/2201/2165 2162/2262/2165 2163/2264/2165
f 2074/2204/2166 2073/2202/2166 2136/2263/2166 2137/2265/2166
f 2101/2205/2167 2100/2203/2167 2163/2264/2167 2164/2266/2167
f 2075/2206/2168 2074/2204/2168 2137/2265/2168 2138/2267/2168
f 2102/2207/2169 2101/2205/2169 2164/2266/2169 2165/2268/2169
f 2076/2208/2170 2075/2206/2170 2138/2267/2170 2139/2269/2170
f 2103/2144/2171 2102/2207/2171 2165/2268/2171 2166/2270/2171
f 2077/2146/2172 2076/2208/2172 2139/2269/2172 2140/2271/2172
f 2104/2145/2173 2103/2144/2173 2166/2270/2173 2167/2272/2173
f 2078/2147/2174 2077/2146/2174 2140/2271/2174 2141/2273/2174
f 2105/2148/2175 2104/2145/2175 2167/2272/2175 2168/2209/2175
f 2079/2149/2176 2078/2147/2176 2141/2273/2176 2142/2211/2176
f 2171/2215/2177 2170/2213/2177 2233/2274/2177 2234/2275/2177
f 2145/2216/2178 2144/2214/2178 2207/2276/2178 2208/2277/2178
f 2172/2217/2179 2171/2215/2179 2234/2275/2179 2235/2278/2179
f 2146/2218/2180 2145/2216/2180 2208/2277/2180 2209/2279/2180
f 2173/2219/2181 2172/2217/2181 2235/2278/2181 2236/2280/2181
f 2147/2220/2182 2146/2218/2182 2209/2279/2182 2210/2281/2182
f 2174/2221/2183 2173/2219/2183 2236/2280/2183 2237/2282/2183
f 2148/2222/2184 2147/2220/2184 2210/2281/2184 2211/2283/2184
f 2122/2224/2185 2058/2284/2185 2185/2285/2185
f 2175/2225/2186 2174/2221/2186 2237/2282/2186 2238/2286/2186
f 2149/2226/2187 2148/2222/2187 2211/2283/2187 2212/2287/2187
f 2123/2227/2188 2122/2224/2188 2185/2285/2188 2186/2288/2188
f 2176/2228/2189 2175/2225/2189 2238/2286/2189 2239/2289/2189
f 2150/2229/2190 2149/2226/2190 2212/2287/2190 2213/2290/2190
f 2124/2230/2191 2123/2227/2191 2186/2288/2191 2187/2291/2191
f 2177/2231/2192 2176/2228/2192 2239/2289/2192 2240/2292/2192
f 2151/2232/2193 2150/2229/2193 2213/2290/2193 2214/2293/2193
f 2125/2233/2194 2124/2230/2194 2187/2291/2194 2188/2294/2194
f 2178/2234/2195 2177/2231/2195 2240/2292/2195 2241/2295/2195
f 2152/2235/2196 2151/2232/2196 2214/2293/2196 2215/2296/2196
f 2126/2236/2197 2125/2233/2197 2188/2294/2197 2189/2297/2197
f 2179/2237/2198 2178/2234/2198 2241/2295/2198 2242/2298/2198
f 2153/2238/2199 2152/2235/2199 2215/2296/2199 2216/2299/2199
f 2127/2239/2200 2126/2236/2200 2189/2297/2200 2190/2300/2200
f 2180/2240/2201 2179/2237/2201 2242/2298/2201 2243/2301/2201
f 2154/2241/2202 2153/2238/2202 2216/2299/2202 2217/2302/2202
f 2128/2242/2203 2127/2239/2203 2190/2300/2203 2191/2303/2203
f 2181/2243/2204 2180/2240/2204 2243/2301/2204 2244/2304/2204
f 2155/2244/2205 2154/2241/2205 2217/2302/2205 2218/2305/2205
f 2129/2245/2206 2128/2242/2206 2191/2303/2206 2192/2306/2206
f 2182/2246/2207 2181/2243/2207 2244/2304/2207 2245/2307/2207
f 2156/2247/2208 2155/2244/2208 2218/2305/2208 2219/2308/2208
f 2130/2248/2209 2129/2245/2209 2192/2306/2209 2193/2309/2209
f 2183/2249/2210 2182/2246/2210 2245/2307/2210 2246/2310/2210
f 2157/2250/2211 2156/2247/2211 2219/2308/2211 2220/2311/2211
f 2131/2251/2212 2130/2248/2212 2193/2309/2212 2194/2312/2212
f 2184/2252/2213 2183/2249/2213 2246/2310/2213 2247/2313/2213
f 2158/2253/2214 2157/2250/2214 2220/2311/2214 2221/2314/2214
f 2132/2254/2215 2131/2251/2215 2194/2312/2215 2195/2315/2215
f 2752/2316/2216 2184/2252/2216 2247/2313/2216
f 2159/2256/2217 2158/2253/2217 2221/2314/2217 2222/2317/2217
f 2133/2257/2218 2132/2254/2218 2195/2315/2218 2196/2318/2218
f 2160/2258/2219 2159/2256/2219 2222/2317/2219 2223/2319/2219
f 2134/2259/2220 2133/2257/2220 2196/2318/2220 2197/2320/2220
f 2161/2260/2221 2160/2258/2221 2223/2319/2221 2224/2321/2221
f 2135/2261/2222 2134/2259/2222 2197/2320/2222 2198/2322/2222
f 2162/2262/2223 2161/2260/2223 2224/2321/2223 2225/2323/2223
f 2136/2263/2224 2135/2261/2224 2198/2322/2224 2199/2324/2224
f 2163/2264/2225 2162/2262/2225 2225/2323/2225 2226/2325/2225
f 2137/2265/2226 2136/2263/2226 2199/2324/2226 2200/2326/2226
f 2164/2266/2227 2163/2264/2227 2226/2325/2227 2227/2327/2227
f 2138/2267/2228 2137/2265/2228 2200/2326/2228 2201/2328/2228
f 2165/2268/2229 2164/2266/2229 2227/2327/2229 2228/2329/2229
f 2139/2269/2230 2138/2267/2230 2201/2328/2230 2202/2330/2230
f 2166/2270/2231 2165/2268/2231 2228/2329/2231 2229/2331/2231
f 2140/2271/2232 2139/2269/2232 2202/2330/2232 2203/2332/2232
f 2167/2272/2233 2166/2270/2233 2229/2331/2233 2230/2333/2233
f 2141/2273/2234 2140/2271/2234 2203/2332/2234 2204/2334/2234
f 2168/2209/2235 2167/2272/2235 2230/2333/2235 2231/2335/2235
f 2142/2211/2236 2141/2273/2236 2204/2334/2236 2205/2336/2236
f 2169/2210/2237 2168/2209/2237 2231/2335/2237 2232/2337/2237
f 2143/2212/2238 2142/2211/2238 2205/2336/2238 2206/2338/2238
f 2170/2213/2239 2169/2210/2239 2232/2337/2239 2233/2274/2239
f 2144/2214/2240 2143/2212/2240 2206/2338/2240 2207/2276/2240
f 2236/2280/2241 2235/2278/2241 2298/2339/2241 2299/2340/2241
f 2210/2281/2242 2209/2279/2242 2272/2341/2242 2273/2342/2242
f 2237/2282/2243 2236/2280/2243 2299/2340/2243 2300/2343/2243
f 2211/2283/2244 2210/2281/2244 2273/2342/2244 2274/2344/2244
f 2185/2285/2245 2058/2345/2245 2248/2346/2245
f 2238/2286/2246 2237/2282/2246 2300/2343/2246 2301/2347/2246
f 2212/2287/2247 2211/2283/2247 2274/2344/2247 2275/2348/2247
f 2186/2288/2248 2185/2285/2248 2248/2346/2248 2249/2349/2248
f 2239/2289/2249 2238/2286/2249 2301/2347/2249 2302/2350/2249
f 2213/2290/2250 2212/2287/2250 2275/2348/2250 2276/2351/2250
f 2187/2291/2251 2186/2288/2251 2249/2349/2251 2250/2352/2251
f 2240/2292/2252 2239/2289/2252 2302/2350/2252 2303/2353/2252
f 2214/2293/2253 2213/2290/2253 2276/2351/2253 2277/2354/2253
f 2188/2294/2254 2187/2291/2254 2250/2352/2254 2251/2355/2254
f 2241/2295/2255 2240/2292/2255 2303/2353/2255 2304/2356/2255
f 2215/2296/2256 2214/2293/2256 2277/2354/2256 2278/2357/2256
f 2189/2297/2257 2188/2294/2257 2251/2355/2257 2252/2358/2257
f 2242/2298/2258 2241/2295/2258 2304/2356/2258 2305/2359/2258
f 2216/2299/2259 2215/2296/2259 2278/2357/2259 2279/2360/2259
f 2190/2300/2260 2189/2297/2260 2252/2358/2260 2253/2361/2260
f 2243/2301/2261 2242/2298/2261 2305/2359/2261 2306/2362/2261
f 2217/2302/2262 2216/2299/2262 2279/2360/2262 2280/2363/2262
f 2191/2303/2263 2190/2300/2263 2253/2361/2263 2254/2364/2263
f 2244/2304/2264 2243/2301/2264 2306/2362/2264 2307/2365/2264
f 2218/2305/2265 2217/2302/2265 2280/2363/2265 2281/2366/2265
f 2192/2306/2266 2191/2303/2266 2254/2364/2266 2255/2367/2266
f 2245/2307/2267 2244/2304/2267 2307/2365/2267 2308/2368/2267
f 2219/2308/2268 2218/2305/2268 2281/2366/2268 2282/2369/2268
f 2193/2309/2269 2192/2306/2269 2255/2367/2269 2256/2370/2269
f 2246/2310/2270 2245/2307/2270 2308/2368/2270 2309/2371/2270
f 2220/2311/2271 2219/2308/2271 2282/2369/2271 2283/2372/2271
f 2194/2312/2272 2193/2309/2272 2256/2370/2272 2257/2373/2272
f 2247/2313/2273 2246/2310/2273 2309/2371/2273 2310/2374/2273
f 2221/2314/2274 2220/2311/2274 2283/2372/2274 2284/2375/2274
f 2195/2315/2275 2194/2312/2275 2257/2373/2275 2258/2376/2275
f 2752/2377/2276 2247/2313/2276 2310/2374/2276
f 2222/2317/2277 2221/2314/2277 2284/2375/2277 2285/2378/2277
f 2196/2318/2278 2195/2315/2278 2258/2376/2278 2259/2379/2278
f 2223/2319/2279 2222/2317/2279 2285/2378/2279 2286/2380/2279
f 2197/2320/2280 2196/2318/2280 2259/2379/2280 2260/2381/2280
f 2224/2321/2281 2223/2319/2281 2286/2380/2281 2287/2382/2281
f 2198/2322/2282 2197/2320/2282 2260/2381/2282 2261/2383/2282
f 2225/2323/2283 2224/2321/2283 2287/2382/2283 2288/2384/2283
f 2199/2324/2284 2198/2322/2284 2261/2383/2284 2262/2385/2284
f 2226/2325/2285 2225/2323/2285 2288/2384/2285 2289/2386/2285
f 2200/2326/2286 2199/2324/2286 2262/2385/2286 2263/2387/2286
f 2227/2327/2287 2226/2325/2287 2289/2386/2287 2290/2388/2287
f 2201/2328/2288 2200/2326/2288 2263/2387/2288 2264/2389/2288
f 2228/2329/2289 2227/2327/2289 2290/2388/2289 2291/2390/2289
f 2202/2330/2290 2201/2328/2290 2264/2389/2290 2265/2391/2290
f 2229/2331/2291 2228/2329/2291 2291/2390/2291 2292/2392/2291
f 2203/2332/2292 2202/2330/2292 2265/2391/2292 2266/2393/2292
f 2230/2333/2293 2229/2331/2293 2292/2392/2293 2293/2394/2293
f 2204/2334/2294 2203/2332/2294 2266/2393/2294 2267/2395/2294
f 2231/2335/2295 2230/2333/2295 2293/2394/2295 2294/2396/2295
f 2205/2336/2296 2204/2334/2296 2267/2395/2296 2268/2397/2296
f 2232/2337/2297 2231/2335/2297 2294/2396/2297 2295/2398/2297
f 2206/2338/2298 2205/2336/2298 2268/2397/2298 2269/2399/2298
f 2233/2274/2299 2232/2337/2299 2295/2398/2299 2296/2400/2299
f 2207/2276/2300 2206/2338/2300 2269/2399/2300 2270/2401/2300
f 2234/2275/2301 2233/2274/2301 2296/2400/2301 2297/2402/2301
f 2208/2277/2302 2207/2276/2302 2270/2401/2302 2271/2403/2302
f 2235/2278/2303 2234/2275/2303 2297/2402/2303 2298/2339/2303
f 2209/2279/2304 2208/2277/2304 2271/2403/2304 2272/2341/2304
f 2248/2346/2305 2058/2404/2305 2311/2405/2305
f 2301/2347/2306 2300/2343/2306 2363/2406/2306 2364/2407/2306
f 2275/2348/2307 2274/2344/2307 2337/2408/2307 2338/2409/2307
f 2249/2349/2308 2248/2346/2308 2311/2405/2308 2312/2410/2308
f 2302/2350/2309 2301/2347/2309 2364/2407/2309 2365/2411/2309
f 2276/2351/2310 2275/2348/2310 2338/2409/2310 2339/2412/2310
f 2250/2352/2311 2249/2349/2311 2312/2410/2311 2313/2413/2311
f 2303/2353/2312 2302/2350/2312 2365/2411/2312 2366/2414/2312
f 2277/2354/2313 2276/2351/2313 2339/2412/2313 2340/2415/2313
f 2251/2355/2314 2250/2352/2314 2313/2413/2314 2314/2416/2314
f 2304/2356/2315 2303/2353/2315 2366/2414/2315 2367/2417/2315
f 2278/2357/2316 2277/2354/2316 2340/2415/2316 2341/2418/2316
f 2252/2358/2317 2251/2355/2317 2314/2416/2317 2315/2419/2317
f 2305/2359/2318 2304/2356/2318 2367/2417/2318 2368/2420/2318
f 2279/2360/2319 2278/2357/2319 2341/2418/2319 2342/2421/2319
f 2253/2361/2320 2252/2358/2320 2315/2419/2320 2316/2422/2320
f 2306/2362/2321 2305/2359/2321 2368/2420/2321 2369/2423/2321
f 2280/2363/2322 2279/2360/2322 2342/2421/2322 2343/2424/2322
f 2254/2364/2323 2253/2361/2323 2316/2422/2323 2317/2425/2323
f 2307/2365/2324 2306/2362/2324 2369/2423/2324 2370/2426/2324
f 2281/2366/2325 2280/2363/2325 2343/2424/2325 2344/2427/2325
f 2255/2367/2326 2254/2364/2326 2317/2425/2326 2318/2428/2326
f 2308/2368/2327 2307/2365/2327 2370/2426/2327 2371/2429/2327
f 2282/2369/2328 2281/2366/2328 2344/2427/2328 2345/2430/2328
f 2256/2370/2329 2255/2367/2329 2318/2428/2329 2319/2431/2329
f 2309/2371/2330 2308/2368/2330 2371/2429/2330 2372/2432/2330
f 2283/2372/2331 2282/2369/2331 2345/2430/2331 2346/2433/2331
f 2257/2373/2332 2256/2370/2332 2319/2431/2332 2320/2434/2332
f 2310/2374/2333 2309/2371/2333 2372/2432/2333 2373/2435/2333
f 2284/2375/2334 2283/2372/2334 2346/2433/2334 2347/2436/2334
f 2258/2376/2335 2257/2373/2335 2320/2434/2335 2321/2437/2335
f 2752/2438/2336 2310/2374/2336 2373/2435/2336
f 2285/2378/2337 2284/2375/2337 2347/2436/2337 2348/2439/2337
f 2259/2379/2338 2258/2376/2338 2321/2437/2338 2322/2440/2338
f 2286/2380/2339 2285/2378/2339 2348/2439/2339 2349/2441/2339
f 2260/2381/2340 2259/2379/2340 2322/2440/2340 2323/2442/2340
f 2287/2382/2341 2286/2380/2341 2349/2441/2341 2350/2443/2341
f 2261/2383/2342 2260/2381/2342 2323/2442/2342 2324/2444/2342
f 2288/2384/2343 2287/2382/2343 2350/2443/2343 2351/2445/2343
f 2262/2385/2344 2261/2383/2344 2324/2444/2344 2325/2446/2344
f 2289/2386/2345 2288/2384/2345 2351/2445/2345 2352/2447/2345
f 2263/2387/2346 2262/2385/2346 2325/2446/2346 2326/2448/2346
f 2290/2388/2347 2289/2386/2347 2352/2447/2347 2353/2449/2347
f 2264/2389/2348 2263/2387/2348 2326/2448/2348 2327/2450/2348
f 2291/2390/2349 2290/2388/2349 2353/2449/2349 2354/2451/2349
f 2265/2391/2350 2264/2389/2350 2327/2450/2350 2328/2452/2350
f 2292/2392/2351 2291/2390/2351 2354/2451/2351 2355/2453/2351
f 2266/2393/2352 2265/2391/2352 2328/2452/2352 2329/2454/2352
f 2293/2394/2353 2292/2392/2353 2355/2453/2353 2356/2455/2353
f 2267/2395/2354 2266/2393/2354 2329/2454/2354 2330/2456/2354
f 2294/2396/2355 2293/2394/2355 2356/2455/2355 2357/2457/2355
f 2268/2397/2356 2267/2395/2356 2330/2456/2356 2331/2458/2356
f 2295/2398/2357 2294/2396/2357 2357/2457/2357 2358/2459/2357
f 2269/2399/2358 2268/2397/2358 2331/2458/2358 2332/2460/2358
f 2296/2400/2359 2295/2398/2359 2358/2459/2359 2359/2461/2359
f 2270/2401/2360 2269/2399/2360 2332/2460/2360 2333/2462/2360
f 2297/2402/2361 2296/2400/2361 2359/2461/2361 2360/2463/2361
f 2271/2403/2362 2270/2401/2362 2333/2462/2362 2334/2464/2362
f 2298/2339/2363 2297/2402/2363 2360/2463/2363 2361/2465/2363
f 2272/2341/2364 2271/2403/2364 2334/2464/2364 2335/2466/2364
f 2299/2340/2365 2298/2339/2365 2361/2465/2365 2362/2467/2365
f 2273/2342/2366 2272/2341/2366 2335/2466/2366 2336/2468/2366
f 2300/2343/2367 2299/2340/2367 2362/2467/2367 2363/2406/2367
f 2274/2344/2368 2273/2342/2368 2336/2468/2368 2337/2408/2368
f 2313/2413/2369 2312/2410/2369 2375/2469/2369 2376/2470/2369
f 2366/2414/2370 2365/2411/2370 2428/2471/2370 2429/2472/2370
f 2340/2415/2371 2339/2412/2371 2402/2473/2371 2403/2474/2371
f 2314/2416/2372 2313/2413/2372 2376/2470/2372 2377/2475/2372
f 2367/2417/2373 2366/2414/2373 2429/2472/2373 2430/2476/2373
f 2341/2418/2374 2340/2415/2374 2403/2474/2374 2404/2477/2374
f 2315/2419/2375 2314/2416/2375 2377/2475/2375 2378/2478/2375
f 2368/2420/2376 2367/2417/2376 2430/2476/2376 2431/2479/2376
f 2342/2421/2377 2341/2418/2377 2404/2477/2377 2405/2480/2377
f 2316/2422/2378 2315/2419/2378 2378/2478/2378 2379/2481/2378
f 2369/2423/2379 2368/2420/2379 2431/2479/2379 2432/2482/2379
f 2343/2424/2380 2342/2421/2380 2405/2480/2380 2406/2483/2380
f 2317/2425/2381 2316/2422/2381 2379/2481/2381 2380/2484/2381
f 2370/2426/2382 2369/2423/2382 2432/2482/2382 2433/2485/2382
f 2344/2427/2383 2343/2424/2383 2406/2483/2383 2407/2486/2383
f 2318/2428/2384 2317/2425/2384 2380/2484/2384 2381/2487/2384
f 2371/2429/2385 2370/2426/2385 2433/2485/2385 2434/2488/2385
f 2345/2430/2386 2344/2427/2386 2407/2486/2386 2408/2489/2386
f 2319/2431/2387 2318/2428/2387 2381/2487/2387 2382/2490/2387
f 2372/2432/2388 2371/2429/2388 2434/2488/2388 2435/2491/2388
f 2346/2433/2389 2345/2430/2389 2408/2489/2389 2409/2492/2389
f 2320/2434/2390 2319/2431/2390 2382/2490/2390 2383/2493/2390
f 2373/2435/2391 2372/2432/2391 2435/2491/2391 2436/2494/2391
f 2347/2436/2392 2346/2433/2392 2409/2492/2392 2410/2495/2392
f 2321/2437/2393 2320/2434/2393 2383/2493/2393 2384/2496/2393
f 2752/2497/2394 2373/2435/2394 2436/2494/2394
f 2348/2439/2395 2347/2436/2395 2410/2495/2395 2411/2498/2395
f 2322/2440/2396 2321/2437/2396 2384/2496/2396 2385/2499/2396
f 2349/2441/2397 2348/2439/2397 2411/2498/2397 2412/2500/2397
f 2323/2442/2398 2322/2440/2398 2385/2499/2398 2386/2501/2398
f 2350/2443/2399 2349/2441/2399 2412/2500/2399 2413/2502/2399
f 2324/2444/2400 2323/2442/2400 2386/2501/2400 2387/2503/2400
f 2351/2445/2401 2350/2443/2401 2413/2502/2401 2414/2504/2401
f 2325/2446/2402 2324/2444/2402 2387/2503/2402 2388/2505/2402
f 2352/2447/2403 2351/2445/2403 2414/2504/2403 2415/2506/2403
f 2326/2448/2404 2325/2446/2404 2388/2505/2404 2389/2507/2404
f 2353/2449/2405 2352/2447/2405 2415/2506/2405 2416/2508/2405
f 2327/2450/2406 2326/2448/2406 2389/2507/2406 2390/2509/2406
f 2354/2451/2407 2353/2449/2407 2416/2508/2407 2417/2510/2407
f 2328/2452/2408 2327/2450/2408 2390/2509/2408 2391/2511/2408
f 2355/2453/2409 2354/2451/2409 2417/2510/2409 2418/2512/2409
f 2329/2454/2410 2328/2452/2410 2391/2511/2410 2392/2513/2410
f 2356/2455/2411 2355/2453/2411 2418/2512/2411 2419/2514/2411
f 2330/2456/2412 2329/2454/2412 2392/2513/2412 2393/2515/2412
f 2357/2457/2413 2356/2455/2413 2419/2514/2413 2420/2516/2413
f 2331/2458/2414 2330/2456/2414 2393/2515/2414 2394/2517/2414
f 2358/2459/2415 2357/2457/2415 2420/2516/2415 2421/2518/2415
f 2332/2460/2416 2331/2458/2416 2394/2517/2416 2395/2519/2416
f 2359/2461/2417 2358/2459/2417 2421/2518/2417 2422/2520/2417
f 2333/2462/2418 2332/2460/2418 2395/2519/2418 2396/2521/2418
f 2360/2463/2419 2359/2461/2419 2422/2520/2419 2423/2522/2419
f 2334/2464/2420 2333/2462/2420 2396/2521/2420 2397/2523/2420
f 2361/2465/2421 2360/2463/2421 2423/2522/2421 2424/2524/2421
f 2335/2466/2422 2334/2464/2422 2397/2523/2422 2398/2525/2422
f 2362/2467/2423 2361/2465/2423 2424/2524/2423 2425/2526/2423
f 2336/2468/2424 2335/2466/2424 2398/2525/2424 2399/2527/2424
f 2363/2406/2425 2362/2467/2425 2425/2526/2425 2426/2528/2425
f 2337/2408/2426 2336/2468/2426 2399/2527/2426 2400/2529/2426
f 2311/2405/2427 2058/2530/2427 2374/2531/2427
f 2364/2407/2428 2363/2406/2428 2426/2528/2428 2427/2532/2428
f 2338/2409/2429 2337/2408/2429 2400/2529/2429 2401/2533/2429
f 2312/2410/2430 2311/2405/2430 2374/2531/2430 2375/2469/2430
f 2365/2411/2431 2364/2407/2431 2427/2532/2431 2428/2471/2431
f 2339/2412/2432 2338/2409/2432 2401/2533/2432 2402/2473/2432
f 2378/2478/2433 2377/2475/2433 2440/2534/2433 2441/2535/2433
f 2431/2479/2434 2430/2476/2434 2493/2536/2434 2494/2537/2434
f 2405/2480/2435 2404/2477/2435 2467/2538/2435 2468/2539/2435
f 2379/2481/2436 2378/2478/2436 2441/2535/2436 2442/2540/2436
f 2432/2482/2437 2431/2479/2437 2494/2537/2437 2495/2541/2437
f 2406/2483/2438 2405/2480/2438 2468/2539/2438 2469/2542/2438
f 2380/2484/2439 2379/2481/2439 2442/2540/2439 2443/2543/2439
f 2433/2485/2440 2432/2482/2440 2495/2541/2440 2496/2544/2440
f 2407/2486/2441 2406/2483/2441 2469/2542/2441 2470/2545/2441
f 2381/2487/2442 2380/2484/2442 2443/2543/2442 2444/2546/2442
f 2434/2488/2443 2433/2485/2443 2496/2544/2443 2497/2547/2443
f 2408/2489/2444 2407/2486/2444 2470/2545/2444 2471/2548/2444
f 2382/2490/2445 2381/2487/2445 2444/2546/2445 2445/2549/2445
f 2435/2491/2446 2434/2488/2446 2497/2547/2446 2498/2550/2446
f 2409/2492/2447 2408/2489/2447 2471/2548/2447 2472/2551/2447
f 2383/2493/2448 2382/2490/2448 2445/2549/2448 2446/2552/2448
f 2436/2494/2449 2435/2491/2449 2498/2550/2449 2499/2553/2449
f 2410/2495/2450 2409/2492/2450 2472/2551/2450 2473/2554/2450
f 2384/2496/2451 2383/2493/2451 2446/2552/2451 2447/2555/2451
f 2752/2556/2452 2436/2494/2452 2499/2553/2452
f 2411/2498/2453 2410/2495/2453 2473/2554/2453 2474/2557/2453
f 2385/2499/2454 2384/2496/2454 2447/2555/2454 2448/2558/2454
f 2412/2500/2455 2411/2498/2455 2474/2557/2455 2475/2559/2455
f 2386/2501/2456 2385/2499/2456 2448/2558/2456 2449/2560/2456
f 2413/2502/2457 2412/2500/2457 2475/2559/2457 2476/2561/2457
f 2387/2503/2458 2386/2501/2458 2449/2560/2458 2450/2562/2458
f 2414/2504/2459 2413/2502/2459 2476/2561/2459 2477/2563/2459
f 2388/2505/2460 2387/2503/2460 2450/2562/2460 2451/2564/2460
f 2415/2506/2461 2414/2504/2461 2477/2563/2461 2478/2565/2461
f 2389/2507/2462 2388/2505/2462 2451/2564/2462 2452/2566/2462
f 2416/2508/2463 2415/2506/2463 2478/2565/2463 2479/2567/2463
f 2390/2509/2464 2389/2507/2464 2452/2566/2464 2453/2568/2464
f 2417/2510/2465 2416/2508/2465 2479/2567/2465 2480/2569/2465
f 2391/2511/2466 2390/2509/2466 2453/2568/2466 2454/2570/2466
f 2418/2512/2467 2417/2510/2467 2480/2569/2467 2481/2571/2467
f 2392/2513/2468 2391/2511/2468 2454/2570/2468 2455/2572/2468
f 2419/2514/2469 2418/2512/2469 2481/2571/2469 2482/2573/2469
f 2393/2515/2470 2392/2513/2470 2455/2572/2470 2456/2574/2470
f 2420/2516/2471 2419/2514/2471 2482/2573/2471 2483/2575/2471
f 2394/2517/2472 2393/2515/2472 2456/2574/2472 2457/2576/2472
f 2421/2518/2473 2420/2516/2473 2483/2575/2473 2484/2577/2473
f 2395/2519/2474 2394/2517/2474 2457/2576/2474 2458/2578/2474
f 2422/2520/2475 2421/2518/2475 2484/2577/2475 2485/2579/2475
f 2396/2521/2476 2395/2519/2476 2458/2578/2476 2459/2580/2476
f 2423/2522/2477 2422/2520/2477 2485/2579/2477 2486/2581/2477
f 2397/2523/2478 2396/2521/2478 2459/2580/2478 2460/2582/2478
f 2424/2524/2479 2423/2522/2479 2486/2581/2479 2487/2583/2479
f 2398/2525/2480 2397/2523/2480 2460/2582/2480 2461/2584/2480
f 2425/2526/2481 2424/2524/2481 2487/2583/2481 2488/2585/2481
f 2399/2527/2482 2398/2525/2482 2461/2584/2482 2462/2586/2482
f 2426/2528/2483 2425/2526/2483 2488/2585/2483 2489/2587/2483
f 2400/2529/2484 2399/2527/2484 2462/2586/2484 2463/2588/2484
f 2374/2531/2485 2058/2589/2485 2437/2590/2485
f 2427/2532/2486 2426/2528/2486 2489/2587/2486 2490/2591/2486
f 2401/2533/2487 2400/2529/2487 2463/2588/2487 2464/2592/2487
f 2375/2469/2488 2374/2531/2488 2437/2590/2488 2438/2593/2488
f 2428/2471/2489 2427/2532/2489 2490/2591/2489 2491/2594/2489
f 2402/2473/2490 2401/2533/2490 2464/2592/2490 2465/2595/2490
f 2376/2470/2491 2375/2469/2491 2438/2593/2491 2439/2596/2491
f 2429/2472/2492 2428/2471/2492 2491/2594/2492 2492/2597/2492
f 2403/2474/2493 2402/2473/2493 2465/2595/2493 2466/2598/2493
f 2377/2475/2494 2376/2470/2494 2439/2596/2494 2440/2534/2494
f 2430/2476/2495 2429/2472/2495 2492/2597/2495 2493/2536/2495
f 2404/2477/2496 2403/2474/2496 2466/2598/2496 2467/2538/2496
f 2481/2571/2497 2480/2569/2497 2543/2599/2497 2544/2600/2497
f 2455/2572/2498 2454/2570/2498 2517/2601/2498 2518/2602/2498
f 2482/2573/2499 2481/2571/2499 2544/2600/2499 2545/2603/2499
f 2456/2574/2500 2455/2572/2500 2518/2602/2500 2519/2604/2500
f 2483/2575/2501 2482/2573/2501 2545/2603/2501 2546/2605/2501
f 2457/2576/2502 2456/2574/2502 2519/2604/2502 2520/2606/2502
f 2484/2577/2503 2483/2575/2503 2546/2605/2503 2547/2607/2503
f 2458/2578/2504 2457/2576/2504 2520/2606/2504 2521/2608/2504
f 2485/2579/2505 2484/2577/2505 2547/2607/2505 2548/2609/2505
f 2459/2580/2506 2458/2578/2506 2521/2608/2506 2522/2610/2506
f 2486/2581/2507 2485/2579/2507 2548/2609/2507 2549/2611/2507
f 2460/2582/2508 2459/2580/2508 2522/2610/2508 2523/2612/2508
f 2487/2583/2509 2486/2581/2509 2549/2611/2509 2550/2613/2509
f 2461/2584/2510 2460/2582/2510 2523/2612/2510 2524/2614/2510
f 2488/2585/2511 2487/2583/2511 2550/2613/2511 2551/2615/2511
f 2462/2586/2512 2461/2584/2512 2524/2614/2512 2525/2616/2512
f 2489/2587/2513 2488/2585/2513 2551/2615/2513 2552/2617/2513
f 2463/2588/2514 2462/2586/2514 2525/2616/2514 2526/2618/2514
f 2437/2590/2515 2058/2619/2515 2500/2620/2515
f 2490/2591/2516 2489/2587/2516 2552/2617/2516 2553/2621/2516
f 2464/2592/2517 2463/2588/2517 2526/2618/2517 2527/2622/2517
f 2438/2593/2518 2437/2590/2518 2500/2620/2518 2501/2623/2518
f 2491/2594/2519 2490/2591/2519 2553/2621/2519 2554/2624/2519
f 2465/2595/2520 2464/2592/2520 2527/2622/2520 2528/2625/2520
f 2439/2596/2521 2438/2593/2521 2501/2623/2521 2502/2626/2521
f 2492/2597/2522 2491/2594/2522 2554/2624/2522 2555/2627/2522
f 2466/2598/2523 2465/2595/2523 2528/2625/2523 2529/2628/2523
f 2440/2534/2524 2439/2596/2524 2502/2626/2524 2503/2629/2524
f 2493/2536/2525 2492/2597/2525 2555/2627/2525 2556/2630/2525
f 2467/2538/2526 2466/2598/2526 2529/2628/2526 2530/2631/2526
f 2441/2535/2527 2440/2534/2527 2503/2629/2527 2504/2632/2527
f 2494/2537/2528 2493/2536/2528 2556/2630/2528 2557/2633/2528
f 2468/2539/2529 2467/2538/2529 2530/2631/2529 2531/2634/2529
f 2442/2540/2530 2441/2535/2530 2504/2632/2530 2505/2635/2530
f 2495/2541/2531 2494/2537/2531 2557/2633/2531 2558/2636/2531
f 2469/2542/2532 2468/2539/2532 2531/2634/2532 2532/2637/2532
f 2443/2543/2533 2442/2540/2533 2505/2635/2533 2506/2638/2533
f 2496/2544/2534 2495/2541/2534 2558/2636/2534 2559/2639/2534
f 2470/2545/2535 2469/2542/2535 2532/2637/2535 2533/2640/2535
f 2444/2546/2536 2443/2543/2536 2506/2638/2536 2507/2641/2536
f 2497/2547/2537 2496/2544/2537 2559/2639/2537 2560/2642/2537
f 2471/2548/2538 2470/2545/2538 2533/2640/2538 2534/2643/2538
f 2445/2549/2539 2444/2546/2539 2507/2641/2539 2508/2644/2539
f 2498/2550/2540 2497/2547/2540 2560/2642/2540 2561/2645/2540
f 2472/2551/2541 2471/2548/2541 2534/2643/2541 2535/2646/2541
f 2446/2552/2542 2445/2549/2542 2508/2644/2542 2509/2647/2542
f 2499/2553/2543 2498/2550/2543 2561/2645/2543 2562/2648/2543
f 2473/2554/2544 2472/2551/2544 2535/2646/2544 2536/2649/2544
f 2447/2555/2545 2446/2552/2545 2509/2647/2545 2510/2650/2545
f 2752/2651/2546 2499/2553/2546 2562/2648/2546
f 2474/2557/2547 2473/2554/2547 2536/2649/2547 2537/2652/2547
f 2448/2558/2548 2447/2555/2548 2510/2650/2548 2511/2653/2548
f 2475/2559/2549 2474/2557/2549 2537/2652/2549 2538/2654/2549
f 2449/2560/2550 2448/2558/2550 2511/2653/2550 2512/2655/2550
f 2476/2561/2551 2475/2559/2551 2538/2654/2551 2539/2656/2551
f 2450/2562/2552 2449/2560/2552 2512/2655/2552 2513/2657/2552
f 2477/2563/2553 2476/2561/2553 2539/2656/2553 2540/2658/2553
f 2451/2564/2554 2450/2562/2554 2513/2657/2554 2514/2659/2554
f 2478/2565/2555 2477/2563/2555 2540/2658/2555 2541/2660/2555
f 2452/2566/2556 2451/2564/2556 2514/2659/2556 2515/2661/2556
f 2479/2567/2557 2478/2565/2557 2541/2660/2557 2542/2662/2557
f 2453/2568/2558 2452/2566/2558 2515/2661/2558 2516/2663/2558
f 2480/2569/2559 2479/2567/2559 2542/2662/2559 2543/2599/2559
f 2454/2570/2560 2453/2568/2560 2516/2663/2560 2517/2601/2560
f 2546/2605/2561 2545/2603/2561 2608/2664/2561 2609/2665/2561
f 2520/2606/2562 2519/2604/2562 2582/2666/2562 2583/2667/2562
f 2547/2607/2563 2546/2605/2563 2609/2665/2563 2610/2668/2563
f 2521/2608/2564 2520/2606/2564 2583/2667/2564 2584/2669/2564
f 2548/2609/2565 2547/2607/2565 2610/2668/2565 2611/2670/2565
f 2522/2610/2566 2521/2608/2566 2584/2669/2566 2585/2671/2566
f 2549/2611/2567 2548/2609/2567 2611/2670/2567 2612/2672/2567
f 2523/2612/2568 2522/2610/2568 2585/2671/2568 2586/2673/2568
f 2550/2613/2569 2549/2611/2569 2612/2672/2569 2613/2674/2569
f 2524/2614/2570 2523/2612/2570 2586/2673/2570 2587/2675/2570
f 2551/2615/2571 2550/2613/2571 2613/2674/2571 2614/2676/2571
f 2525/2616/2572 2524/2614/2572 2587/2675/2572 2588/2677/2572
f 2552/2617/2573 2551/2615/2573 2614/2676/2573 2615/2678/2573
f 2526/2618/2574 2525/2616/2574 2588/2677/2574 2589/2679/2574
f 2500/2620/2575 2058/2680/2575 2563/2681/2575
f 2553/2621/2576 2552/2617/2576 2615/2678/2576 2616/2682/2576
f 2527/2622/2577 2526/2618/2577 2589/2679/2577 2590/2683/2577
f 2501/2623/2578 2500/2620/2578 2563/2681/2578 2564/2684/2578
f 2554/2624/2579 2553/2621/2579 2616/2682/2579 2617/2685/2579
f 2528/2625/2580 2527/2622/2580 2590/2683/2580 2591/2686/2580
f 2502/2626/2581 2501/2623/2581 2564/2684/2581 2565/2687/2581
f 2555/2627/2582 2554/2624/2582 2617/2685/2582 2618/2688/2582
f 2529/2628/2583 2528/2625/2583 2591/2686/2583 2592/2689/2583
f 2503/2629/2584 2502/2626/2584 2565/2687/2584 2566/2690/2584
f 2556/2630/2585 2555/2627/2585 2618/2688/2585 2619/2691/2585
f 2530/2631/2586 2529/2628/2586 2592/2689/2586 2593/2692/2586
f 2504/2632/2587 2503/2629/2587 2566/2690/2587 2567/2693/2587
f 2557/2633/2588 2556/2630/2588 2619/2691/2588 2620/2694/2588
f 2531/2634/2589 2530/2631/2589 2593/2692/2589 2594/2695/2589
f 2505/2635/2590 2504/2632/2590 2567/2693/2590 2568/2696/2590
f 2558/2636/2591 2557/2633/2591 2620/2694/2591 2621/2697/2591
f 2532/2637/2592 2531/2634/2592 2594/2695/2592 2595/2698/2592
f 2506/2638/2593 2505/2635/2593 2568/2696/2593 2569/2699/2593
f 2559/2639/2594 2558/2636/2594 2621/2697/2594 2622/2700/2594
f 2533/2640/2595 2532/2637/2595 2595/2698/2595 2596/2701/2595
f 2507/2641/2596 2506/2638/2596 2569/2699/2596 2570/2702/2596
f 2560/2642/2597 2559/2639/2597 2622/2700/2597 2623/2703/2597
f 2534/2643/2598 2533/2640/2598 2596/2701/2598 2597/2704/2598
f 2508/2644/2599 2507/2641/2599 2570/2702/2599 2571/2705/2599
f 2561/2645/2600 2560/2642/2600 2623/2703/2600 2624/2706/2600
f 2535/2646/2601 2534/2643/2601 2597/2704/2601 2598/2707/2601
f 2509/2647/2602 2508/2644/2602 2571/2705/2602 2572/2708/2602
f 2562/2648/2603 2561/2645/2603 2624/2706/2603 2625/2709/2603
f 2536/2649/2604 2535/2646/2604 2598/2707/2604 2599/2710/2604
f 2510/2650/2605 2509/2647/2605 2572/2708/2605 2573/2711/2605
f 2752/2712/2606 2562/2648/2606 2625/2709/2606
f 2537/2652/2607 2536/2649/2607 2599/2710/2607 2600/2713/2607
f 2511/2653/2608 2510/2650/2608 2573/2711/2608 2574/2714/2608
f 2538/2654/2609 2537/2652/2609 2600/2713/2609 2601/2715/2609
f 2512/2655/2610 2511/2653/2610 2574/2714/2610 2575/2716/2610
f 2539/2656/2611 2538/2654/2611 2601/2715/2611 2602/2717/2611
f 2513/2657/2612 2512/2655/2612 2575/2716/2612 2576/2718/2612
f 2540/2658/2613 2539/2656/2613 2602/2717/2613 2603/2719/2613
f 2514/2659/2614 2513/2657/2614 2576/2718/2614 2577/2720/2614
f 2541/2660/2615 2540/2658/2615 2603/2719/2615 2604/2721/2615
f 2515/2661/2616 2514/2659/2616 2577/2720/2616 2578/2722/2616
f 2542/2662/2617 2541/2660/2617 2604/2721/2617 2605/2723/2617
f 2516/2663/2618 2515/2661/2618 2578/2722/2618 2579/2724/2618
f 2543/2599/2619 2542/2662/2619 2605/2723/2619 2606/2725/2619
f 2517/2601/2620 2516/2663/2620 2579/2724/2620 2580/2726/2620
f 2544/2600/2621 2543/2599/2621 2606/2725/2621 2607/2727/2621
f 2518/2602/2622 2517/2601/2622 2580/2726/2622 2581/2728/2622
f 2545/2603/2623 2544/2600/2623 2607/2727/2623 2608/2664/2623
f 2519/2604/2624 2518/2602/2624 2581/2728/2624 2582/2666/2624
f 2611/2670/2625 2610/2668/2625 2673/2729/2625 2674/2730/2625
f 2585/2671/2626 2584/2669/2626 2647/2731/2626 2648/2732/2626
f 2612/2672/2627 2611/2670/2627 2674/2730/2627 2675/2733/2627
f 2586/2673/2628 2585/2671/2628 2648/2732/2628 2649/2734/2628
f 2613/2674/2629 2612/2672/2629 2675/2733/2629 2676/2735/2629
f 2587/2675/2630 2586/2673/2630 2649/2734/2630 2650/2736/2630
f 2614/2676/2631 2613/2674/2631 2676/2735/2631 2677/2737/2631
f 2588/2677/2632 2587/2675/2632 2650/2736/2632 2651/2738/2632
f 2615/2678/2633 2614/2676/2633 2677/2737/2633 2678/2739/2633
f 2589/2679/2634 2588/2677/2634 2651/2738/2634 2652/2740/2634
f 2563/2681/2635 2058/2741/2635 2626/2742/2635
f 2616/2682/2636 2615/2678/2636 2678/2739/2636 2679/2743/2636
f 2590/2683/2637 2589/2679/2637 2652/2740/2637 2653/2744/2637
f 2564/2684/2638 2563/2681/2638 2626/2742/2638 2627/2745/2638
f 2617/2685/2639 2616/2682/2639 2679/2743/2639 2680/2746/2639
f 2591/2686/2640 2590/2683/2640 2653/2744/2640 2654/2747/2640
f 2565/2687/2641 2564/2684/2641 2627/2745/2641 2628/2748/2641
f 2618/2688/2642 2617/2685/2642 2680/2746/2642 2681/2749/2642
f 2592/2689/2643 2591/2686/2643 2654/2747/2643 2655/2750/2643
f 2566/2690/2644 2565/2687/2644 2628/2748/2644 2629/2751/2644
f 2619/2691/2645 2618/2688/2645 2681/2749/2645 2682/2752/2645
f 2593/2692/2646 2592/2689/2646 2655/2750/2646 2656/2753/2646
f 2567/2693/2647 2566/2690/2647 2629/2751/2647 2630/2754/2647
f 2620/2694/2648 2619/2691/2648 2682/2752/2648 2683/2755/2648
f 2594/2695/2649 2593/2692/2649 2656/2753/2649 2657/2756/2649
f 2568/2696/2650 2567/2693/2650 2630/2754/2650 2631/2757/2650
f 2621/2697/2651 2620/2694/2651 2683/2755/2651 2684/2758/2651
f 2595/2698/2652 2594/2695/2652 2657/2756/2652 2658/2759/2652
f 2569/2699/2653 2568/2696/2653 2631/2757/2653 2632/2760/2653
f 2622/2700/2654 2621/2697/2654 2684/2758/2654 2685/2761/2654
f 2596/2701/2655 2595/2698/2655 2658/2759/2655 2659/2762/2655
f 2570/2702/2656 2569/2699/2656 2632/2760/2656 2633/2763/2656
f 2623/2703/2657 2622/2700/2657 2685/2761/2657 2686/2764/2657
f 2597/2704/2658 2596/2701/2658 2659/2762/2658 2660/2765/2658
f 2571/2705/2659 2570/2702/2659 2633/2763/2659 2634/2766/2659
f 2624/2706/2660 2623/2703/2660 2686/2764/2660 2687/2767/2660
f 2598/2707/2661 2597/2704/2661 2660/2765/2661 2661/2768/2661
f 2572/2708/2662 2571/2705/2662 2634/2766/2662 2635/2769/2662
f 2625/2709/2663 2624/2706/2663 2687/2767/2663 2688/2770/2663
f 2599/2710/2664 2598/2707/2664 2661/2768/2664 2662/2771/2664
f 2573/2711/2665 2572/2708/2665 2635/2769/2665 2636/2772/2665
f 2752/2773/2666 2625/2709/2666 2688/2770/2666
f 2600/2713/2667 2599/2710/2667 2662/2771/2667 2663/2774/2667
f 2574/2714/2668 2573/2711/2668 2636/2772/2668 2637/2775/2668
f 2601/2715/2669 2600/2713/2669 2663/2774/2669 2664/2776/2669
f 2575/2716/2670 2574/2714/2670 2637/2775/2670 2638/2777/2670
f 2602/2717/2671 2601/2715/2671 2664/2776/2671 2665/2778/2671
f 2576/2718/2672 2575/2716/2672 2638/2777/2672 2639/2779/2672
f 2603/2719/2673 2602/2717/2673 2665/2778/2673 2666/2780/2673
f 2577/2720/2674 2576/2718/2674 2639/2779/2674 2640/2781/2674
f 2604/2721/2675 2603/2719/2675 2666/2780/2675 2667/2782/2675
f 2578/2722/2676 2577/2720/2676 2640/2781/2676 2641/2783/2676
f 2605/2723/2677 2604/2721/2677 2667/2782/2677 2668/2784/2677
f 2579/2724/2678 2578/2722/2678 2641/2783/2678 2642/2785/2678
f 2606/2725/2679 2605/2723/2679 2668/2784/2679 2669/2786/2679
f 2580/2726/2680 2579/2724/2680 2642/2785/2680 2643/2787/2680
f 2607/2727/2681 2606/2725/2681 2669/2786/2681 2670/2788/2681
f 2581/2728/2682 2580/2726/2682 2643/2787/2682 2644/2789/2682
f 2608/2664/2683 2607/2727/2683 2670/2788/2683 2671/2790/2683
f 2582/2666/2684 2581/2728/2684 2644/2789/2684 2645/2791/2684
f 2609/2665/2685 2608/2664/2685 2671/2790/2685 2672/2792/2685
f 2583/2667/2686 2582/2666/2686 2645/2791/2686 2646/2793/2686
f 2610/2668/2687 2609/2665/2687 2672/2792/2687 2673/2729/2687
f 2584/2669/2688 2583/2667/2688 2646/2793/2688 2647/2731/2688
f 2676/2735/2689 2675/2733/2689 2738/2794/2689 2739/2795/2689
f 2650/2736/2690 2649/2734/2690 2712/2796/2690 2713/2797/2690
f 2677/2737/2691 2676/2735/2691 2739/2795/2691 2740/2798/2691
f 2651/2738/2692 2650/2736/2692 2713/2797/2692 2714/2799/2692
f 2678/2739/2693 2677/2737/2693 2740/2798/2693 2741/2800/2693
f 2652/2740/2694 2651/2738/2694 2714/2799/2694 2715/2801/2694
f 2626/2742/2695 2058/2802/2695 2689/2803/2695
f 2679/2743/2696 2678/2739/2696 2741/2800/2696 2742/2804/2696
f 2653/2744/2697 2652/2740/2697 2715/2801/2697 2716/2805/2697
f 2627/2745/2698 2626/2742/2698 2689/2803/2698 2690/2806/2698
f 2680/2746/2699 2679/2743/2699 2742/2804/2699 2743/2807/2699
f 2654/2747/2700 2653/2744/2700 2716/2805/2700 2717/2808/2700
f 2628/2748/2701 2627/2745/2701 2690/2806/2701 2691/2809/2701
f 2681/2749/2702 2680/2746/2702 2743/2807/2702 2744/2810/2702
f 2655/2750/2703 2654/2747/2703 2717/2808/2703 2718/2811/2703
f 2629/2751/2704 2628/2748/2704 2691/2809/2704 2692/2812/2704
f 2682/2752/2705 2681/2749/2705 2744/2810/2705 2745/2813/2705
f 2656/2753/2706 2655/2750/2706 2718/2811/2706 2719/2814/2706
f 2630/2754/2707 2629/2751/2707 2692/2812/2707 2693/2815/2707
f 2683/2755/2708 2682/2752/2708 2745/2813/2708 2746/2816/2708
f 2657/2756/2709 2656/2753/2709 2719/2814/2709 2720/2817/2709
f 2631/2757/2710 2630/2754/2710 2693/2815/2710 2694/2818/2710
f 2684/2758/2711 2683/2755/2711 2746/2816/2711 2747/2819/2711
f 2658/2759/2712 2657/2756/2712 2720/2817/2712 2721/2820/2712
f 2632/2760/2713 2631/2757/2713 2694/2818/2713 2695/2821/2713
f 2685/2761/2714 2684/2758/2714 2747/2819/2714 2748/2822/2714
f 2659/2762/2715 2658/2759/2715 2721/2820/2715 2722/2823/2715
f 2633/2763/2716 2632/2760/2716 2695/2821/2716 2696/2824/2716
f 2686/2764/2717 2685/2761/2717 2748/2822/2717 2749/2825/2717
f 2660/2765/2718 2659/2762/2718 2722/2823/2718 2723/2826/2718
f 2634/2766/2719 2633/2763/2719 2696/2824/2719 2697/2827/2719
f 2687/2767/2720 2686/2764/2720 2749/2825/2720 2750/2828/2720
f 2661/2768/2721 2660/2765/2721 2723/2826/2721 2724/2829/2721
f 2635/2769/2722 2634/2766/2722 2697/2827/2722 2698/2830/2722
f 2688/2770/2723 2687/2767/2723 2750/2828/2723 2751/2831/2723
f 2662/2771/2724 2661/2768/2724 2724/2829/2724 2725/2832/2724
f 2636/2772/2725 2635/2769/2725 2698/2830/2725 2699/2833/2725
f 2752/2834/2726 2688/2770/2726 2751/2831/2726
f 2663/2774/2727 2662/2771/2727 2725/2832/2727 2726/2835/2727
f 2637/2775/2728 2636/2772/2728 2699/2833/2728 2700/2836/2728
f 2664/2776/2729 2663/2774/2729 2726/2835/2729 2727/2837/2729
f 2638/2777/2730 2637/2775/2730 2700/2836/2730 2701/2838/2730
f 2665/2778/2731 2664/2776/2731 2727/2837/2731 2728/2839/2731
f 2639/2779/2732 2638/2777/2732 2701/2838/2732 2702/2840/2732
f 2666/2780/2733 2665/2778/2733 2728/2839/2733 2729/2841/2733
f 2640/2781/2734 2639/2779/2734 2702/2840/2734 2703/2842/2734
f 2667/2782/2735 2666/2780/2735 2729/2841/2735 2730/2843/2735
f 2641/2783/2736 2640/2781/2736 2703/2842/2736 2704/2844/2736
f 2668/2784/2737 2667/2782/2737 2730/2843/2737 2731/2845/2737
f 2642/2785/2738 2641/2783/2738 2704/2844/2738 2705/2846/2738
f 2669/2786/2739 2668/2784/2739 2731/2845/2739 2732/2847/2739
f 2643/2787/2740 2642/2785/2740 2705/2846/2740 2706/2848/2740
f 2670/2788/2741 2669/2786/2741 2732/2847/2741 2733/2849/2741
f 2644/2789/2742 2643/2787/2742 2706/2848/2742 2707/2850/2742
f 2671/2790/2743 2670/2788/2743 2733/2849/2743 2734/2851/2743
f 2645/2791/2744 2644/2789/2744 2707/2850/2744 2708/2852/2744
f 2672/2792/2745 2671/2790/2745 2734/2851/2745 2735/2853/2745
f 2646/2793/2746 2645/2791/2746 2708/2852/2746 2709/2854/2746
f 2673/2729/2747 2672/2792/2747 2735/2853/2747 2736/2855/2747
f 2647/2731/2748 2646/2793/2748 2709/2854/2748 2710/2856/2748
f 2674/2730/2749 2673/2729/2749 2736/2855/2749 2737/2857/2749
f 2648/2732/2750 2647/2731/2750 2710/2856/2750 2711/2858/2750
f 2675/2733/2751 2674/2730/2751 2737/2857/2751 2738/2794/2751
f 2649/2734/2752 2648/2732/2752 2711/2858/2752 2712/2796/2752
f 2741/2800/2753 2740/2798/2753 2804/2859/2753 2805/2860/2753
f 2715/2801/2754 2714/2799/2754 2778/2861/2754 2779/2862/2754
f 2689/2803/2755 2058/2863/2755 2753/2864/2755
f 2742/2804/2756 2741/2800/2756 2805/2860/2756 2806/2865/2756
f 2716/2805/2757 2715/2801/2757 2779/2862/2757 2780/2866/2757
f 2690/2806/2758 2689/2803/2758 2753/2864/2758 2754/2867/2758
f 2743/2807/2759 2742/2804/2759 2806/2865/2759 2807/2868/2759
f 2717/2808/2760 2716/2805/2760 2780/2866/2760 2781/2869/2760
f 2691/2809/2761 2690/2806/2761 2754/2867/2761 2755/2870/2761
f 2744/2810/2762 2743/2807/2762 2807/2868/2762 2808/2871/2762
f 2718/2811/2763 2717/2808/2763 2781/2869/2763 2782/2872/2763
f 2692/2812/2764 2691/2809/2764 2755/2870/2764 2756/2873/2764
f 2745/2813/2765 2744/2810/2765 2808/2871/2765 2809/2874/2765
f 2719/2814/2766 2718/2811/2766 2782/2872/2766 2783/2875/2766
f 2693/2815/2767 2692/2812/2767 2756/2873/2767 2757/2876/2767
f 2746/2816/2768 2745/2813/2768 2809/2874/2768 2810/2877/2768
f 2720/2817/2769 2719/2814/2769 2783/2875/2769 2784/2878/2769
f 2694/2818/2770 2693/2815/2770 2757/2876/2770 2758/2879/2770
f 2747/2819/2771 2746/2816/2771 2810/2877/2771 2811/2880/2771
f 2721/2820/2772 2720/2817/2772 2784/2878/2772 2785/2881/2772
f 2695/2821/2773 2694/2818/2773 2758/2879/2773 2759/2882/2773
f 2748/2822/2774 2747/2819/2774 2811/2880/2774 2812/2883/2774
f 2722/2823/2775 2721/2820/2775 2785/2881/2775 2786/2884/2775
f 2696/2824/2776 2695/2821/2776 2759/2882/2776 2760/2885/2776
f 2749/2825/2777 2748/2822/2777 2812/2883/2777 2813/2886/2777
f 2723/2826/2778 2722/2823/2778 2786/2884/2778 2787/2887/2778
f 2697/2827/2779 2696/2824/2779 2760/2885/2779 2761/2888/2779
f 2750/2828/2780 2749/2825/2780 2813/2886/2780 2814/2889/2780
f 2724/2829/2781 2723/2826/2781 2787/2887/2781 2788/2890/2781
f 2698/2830/2782 2697/2827/2782 2761/2888/2782 2762/2891/2782
f 2751/2831/2783 2750/2828/2783 2814/2889/2783 2815/2892/2783
f 2725/2832/2784 2724/2829/2784 2788/2890/2784 2789/2893/2784
f 2699/2833/2785 2698/2830/2785 2762/2891/2785 2763/2894/2785
f 2752/2895/2786 2751/2831/2786 2815/2892/2786
f 2726/2835/2787 2725/2832/2787 2789/2893/2787 2790/2896/2787
f 2700/2836/2788 2699/2833/2788 2763/2894/2788 2764/2897/2788
f 2727/2837/2789 2726/2835/2789 2790/2896/2789 2791/2898/2789
f 2701/2838/2790 2700/2836/2790 2764/2897/2790 2765/2899/2790
f 2728/2839/2791 2727/2837/2791 2791/2898/2791 2792/2900/2791
f 2702/2840/2792 2701/2838/2792 2765/2899/2792 2766/2901/2792
f 2729/2841/2793 2728/2839/2793 2792/2900/2793 2793/2902/2793
f 2703/2842/2794 2702/2840/2794 2766/2901/2794 2767/2903/2794
f 2730/2843/2795 2729/2841/2795 2793/2902/2795 2794/2904/2795
f 2704/2844/2796 2703/2842/2796 2767/2903/2796 2768/2905/2796
f 2731/2845/2797 2730/2843/2797 2794/2904/2797 2795/2906/2797
f 2705/2846/2798 2704/2844/2798 2768/2905/2798 2769/2907/2798
f 2732/2847/2799 2731/2845/2799 2795/2906/2799 2796/2908/2799
f 2706/2848/2800 2705/2846/2800 2769/2907/2800 2770/2909/2800
f 2733/2849/2801 2732/2847/2801 2796/2908/2801 2797/2910/2801
f 2707/2850/2802 2706/2848/2802 2770/2909/2802 2771/2911/2802
f 2734/2851/2803 2733/2849/2803 2797/2910/2803 2798/2912/2803
f 2708/2852/2804 2707/2850/2804 2771/2911/2804 2772/2913/2804
f 2735/2853/2805 2734/2851/2805 2798/2912/2805 2799/2914/2805
f 2709/2854/2806 2708/2852/2806 2772/2913/2806 2773/2915/2806
f 2736/2855/2807 2735/2853/2807 2799/2914/2807 2800/2916/2807
f 2710/2856/2808 2709/2854/2808 2773/2915/2808 2774/2917/2808
f 2737/2857/2809 2736/2855/2809 2800/2916/2809 2801/2918/2809
f 2711/2858/2810 2710/2856/2810 2774/2917/2810 2775/2919/2810
f 2738/2794/2811 2737/2857/2811 2801/2918/2811 2802/2920/2811
f 2712/2796/2812 2711/2858/2812 2775/2919/2812 2776/2921/2812
f 2739/2795/2813 2738/2794/2813 2802/2920/2813 2803/2922/2813
f 2713/2797/2814 2712/2796/2814 2776/2921/2814 2777/2923/2814
f 2740/2798/2815 2739/2795/2815 2803/2922/2815 2804/2859/2815
f 2714/2799/2816 2713/2797/2816 2777/2923/2816 2778/2861/2816
f 2807/2868/2817 2806/2865/2817 2869/2924/2817 2870/2925/2817
f 2781/2869/2818 2780/2866/2818 2843/2926/2818 2844/2927/2818
f 2755/2870/2819 2754/2867/2819 2817/2928/2819 2818/2929/2819
f 2808/2871/2820 2807/2868/2820 2870/2925/2820 2871/2930/2820
f 2782/2872/2821 2781/2869/2821 2844/2927/2821 2845/2931/2821
f 2756/2873/2822 2755/2870/2822 2818/2929/2822 2819/2932/2822
f 2809/2874/2823 2808/2871/2823 2871/2930/2823 2872/2933/2823
f 2783/2875/2824 2782/2872/2824 2845/2931/2824 2846/2934/2824
f 2757/2876/2825 2756/2873/2825 2819/2932/2825 2820/2935/2825
f 2810/2877/2826 2809/2874/2826 2872/2933/2826 2873/2936/2826
f 2784/2878/2827 2783/2875/2827 2846/2934/2827 2847/2937/2827
f 2758/2879/2828 2757/2876/2828 2820/2935/2828 2821/2938/2828
f 2811/2880/2829 2810/2877/2829 2873/2936/2829 2874/2939/2829
f 2785/2881/2830 2784/2878/2830 2847/2937/2830 2848/2940/2830
f 2759/2882/2831 2758/2879/2831 2821/2938/2831 2822/2941/2831
f 2812/2883/2832 2811/2880/2832 2874/2939/2832 2875/2942/2832
f 2786/2884/2833 2785/2881/2833 2848/2940/2833 2849/2943/2833
f 2760/2885/2834 2759/2882/2834 2822/2941/2834 2823/2944/2834
f 2813/2886/2835 2812/2883/2835 2875/2942/2835 2876/2945/2835
f 2787/2887/2836 2786/2884/2836 2849/2943/2836 2850/2946/2836
f 2761/2888/2837 2760/2885/2837 2823/2944/2837 2824/2947/2837
f 2814/2889/2838 2813/2886/2838 2876/2945/2838 2877/2948/2838
f 2788/2890/2839 2787/2887/2839 2850/2946/2839 2851/2949/2839
f 2762/2891/2840 2761/2888/2840 2824/2947/2840 2825/2950/2840
f 2815/2892/2841 2814/2889/2841 2877/2948/2841 2878/2951/2841
f 2789/2893/2842 2788/2890/2842 2851/2949/2842 2852/2952/2842
f 2763/2894/2843 2762/2891/2843 2825/2950/2843 2826/2953/2843
f 2752/2954/2844 2815/2892/2844 2878/2951/2844
f 2790/2896/2845 2789/2893/2845 2852/2952/2845 2853/2955/2845
f 2764/2897/2846 2763/2894/2846 2826/2953/2846 2827/2956/2846
f 2791/2898/2847 2790/2896/2847 2853/2955/2847 2854/2957/2847
f 2765/2899/2848 2764/2897/2848 2827/2956/2848 2828/2958/2848
f 2792/2900/2849 2791/2898/2849 2854/2957/2849 2855/2959/2849
f 2766/2901/2850 2765/2899/2850 2828/2958/2850 2829/2960/2850
f 2793/2902/2851 2792/2900/2851 2855/2959/2851 2856/2961/2851
f 2767/2903/2852 2766/2901/2852 2829/2960/2852 2830/2962/2852
f 2794/2904/2853 2793/2902/2853 2856/2961/2853 2857/2963/2853
f 2768/2905/2854 2767/2903/2854 2830/2962/2854 2831/2964/2854
f 2795/2906/2855 2794/2904/2855 2857/2963/2855 2858/2965/2855
f 2769/2907/2856 2768/2905/2856 2831/2964/2856 2832/2966/2856
f 2796/2908/2857 2795/2906/2857 2858/2965/2857 2859/2967/2857
f 2770/2909/2858 2769/2907/2858 2832/2966/2858 2833/2968/2858
f 2797/2910/2859 2796/2908/2859 2859/2967/2859 2860/2969/2859
f 2771/2911/2860 2770/2909/2860 2833/2968/2860 2834/2970/2860
f 2798/2912/2861 2797/2910/2861 2860/2969/2861 2861/2971/2861
f 2772/2913/2862 2771/2911/2862 2834/2970/2862 2835/2972/2862
f 2799/2914/2863 2798/2912/2863 2861/2971/2863 2862/2973/2863
f 2773/2915/2864 2772/2913/2864 2835/2972/2864 2836/2974/2864
f 2800/2916/2865 2799/2914/2865 2862/2973/2865 2863/2975/2865
f 2774/2917/2866 2773/2915/2866 2836/2974/2866 2837/2976/2866
f 2801/2918/2867 2800/2916/2867 2863/2975/2867 2864/2977/2867
f 2775/2919/2868 2774/2917/2868 2837/2976/2868 2838/2978/2868
f 2802/2920/2869 2801/2918/2869 2864/2977/2869 2865/2979/2869
f 2776/2921/2870 2775/2919/2870 2838/2978/2870 2839/2980/2870
f 2803/2922/2871 2802/2920/2871 2865/2979/2871 2866/2981/2871
f 2777/2923/2872 2776/2921/2872 2839/2980/2872 2840/2982/2872
f 2804/2859/2873 2803/2922/2873 2866/2981/2873 2867/2983/2873
f 2778/2861/2874 2777/2923/2874 2840/2982/2874 2841/2984/2874
f 2805/2860/2875 2804/2859/2875 2867/2983/2875 2868/2985/2875
f 2779/2862/2876 2778/2861/2876 2841/2984/2876 2842/2986/2876
f 2753/2864/2877 2058/2987/2877 2816/2988/2877
f 2806/2865/2878 2805/2860/2878 2868/2985/2878 2869/2924/2878
f 2780/2866/2879 2779/2862/2879 2842/2986/2879 2843/2926/2879
f 2754/2867/2880 2753/2864/2880 2816/2988/2880 2817/2928/2880
f 2872/2933/2881 2871/2930/2881 2934/2989/2881 2935/2990/2881
f 2846/2934/2882 2845/2931/2882 2908/2991/2882 2909/2992/2882
f 2820/2935/2883 2819/2932/2883 2882/2993/2883 2883/2994/2883
f 2873/2936/2884 2872/2933/2884 2935/2990/2884 2936/2995/2884
f 2847/2937/2885 2846/2934/2885 2909/2992/2885 2910/2996/2885
f 2821/2938/2886 2820/2935/2886 2883/2994/2886 2884/2997/2886
f 2874/2939/2887 2873/2936/2887 2936/2995/2887 2937/2998/2887
f 2848/2940/2888 2847/2937/2888 2910/2996/2888 2911/2999/2888
f 2822/2941/2889 2821/2938/2889 2884/2997/2889 2885/3000/2889
f 2875/2942/2890 2874/2939/2890 2937/2998/2890 2938/3001/2890
f 2849/2943/2891 2848/2940/2891 2911/2999/2891 2912/3002/2891
f 2823/2944/2892 2822/2941/2892 2885/3000/2892 2886/3003/2892
f 2876/2945/2893 2875/2942/2893 2938/3001/2893 2939/3004/2893
f 2850/2946/2894 2849/2943/2894 2912/3002/2894 2913/3005/2894
f 2824/2947/2895 2823/2944/2895 2886/3003/2895 2887/3006/2895
f 2877/2948/2896 2876/2945/2896 2939/3004/2896 2940/3007/2896
f 2851/2949/2897 2850/2946/2897 2913/3005/2897 2914/3008/2897
f 2825/2950/2898 2824/2947/2898 2887/3006/2898 2888/3009/2898
f 2878/2951/2899 2877/2948/2899 2940/3007/2899 2941/3010/2899
f 2852/2952/2900 2851/2949/2900 2914/3008/2900 2915/3011/2900
f 2826/2953/2901 2825/2950/2901 2888/3009/2901 2889/3012/2901
f 2752/3013/2902 2878/2951/2902 2941/3010/2902
f 2853/2955/2903 2852/2952/2903 2915/3011/2903 2916/3014/2903
f 2827/2956/2904 2826/2953/2904 2889/3012/2904 2890/3015/2904
f 2854/2957/2905 2853/2955/2905 2916/3014/2905 2917/3016/2905
f 2828/2958/2906 2827/2956/2906 2890/3015/2906 2891/3017/2906
f 2855/2959/2907 2854/2957/2907 2917/3016/2907 2918/3018/2907
f 2829/2960/2908 2828/2958/2908 2891/3017/2908 2892/3019/2908
f 2856/2961/2909 2855/2959/2909 2918/3018/2909 2919/3020/2909
f 2830/2962/2910 2829/2960/2910 2892/3019/2910 2893/3021/2910
f 2857/2963/2911 2856/2961/2911 2919/3020/2911 2920/3022/2911
f 2831/2964/2912 2830/2962/2912 2893/3021/2912 2894/3023/2912
f 2858/2965/2913 2857/2963/2913 2920/3022/2913 2921/3024/2913
f 2832/2966/2914 2831/2964/2914 2894/3023/2914 2895/3025/2914
f 2859/2967/2915 2858/2965/2915 2921/3024/2915 2922/3026/2915
f 2833/2968/2916 2832/2966/2916 2895/3025/2916 2896/3027/2916
f 2860/2969/2917 2859/2967/2917 2922/3026/2917 2923/3028/2917
f 2834/2970/2918 2833/2968/2918 2896/3027/2918 2897/3029/2918
f 2861/2971/2919 2860/2969/2919 2923/3028/2919 2924/3030/2919
f 2835/2972/2920 2834/2970/2920 2897/3029/2920 2898/3031/2920
f 2862/2973/2921 2861/2971/2921 2924/3030/2921 2925/3032/2921
f 2836/2974/2922 2835/2972/2922 2898/3031/2922 2899/3033/2922
f 2863/2975/2923 2862/2973/2923 2925/3032/2923 2926/3034/2923
f 2837/2976/2924 2836/2974/2924 2899/3033/2924 2900/3035/2924
f 2864/2977/2925 2863/2975/2925 2926/3034/2925 2927/3036/2925
f 2838/2978/2926 2837/2976/2926 2900/3035/2926 2901/3037/2926
f 2865/2979/2927 2864/2977/2927 2927/3036/2927 2928/3038/2927
f 2839/2980/2928 2838/2978/2928 2901/3037/2928 2902/3039/2928
f 2866/2981/2929 2865/2979/2929 2928/3038/2929 2929/3040/2929
f 2840/2982/2930 2839/2980/2930 2902/3039/2930 2903/3041/2930
f 2867/2983/2931 2866/2981/2931 2929/3040/2931 2930/3042/2931
f 2841/2984/2932 2840/2982/2932 2903/3041/2932 2904/3043/2932
f 2868/2985/2933 2867/2983/2933 2930/3042/2933 2931/3044/2933
f 2842/2986/2934 2841/2984/2934 2904/3043/2934 2905/3045/2934
f 2816/2988/2935 2058/3046/2935 2879/3047/2935
f 2869/2924/2936 2868/2985/2936 2931/3044/2936 2932/3048/2936
f 2843/2926/2937 2842/2986/2937 2905/3045/2937 2906/3049/2937
f 2817/2928/2938 2816/2988/2938 2879/3047/2938 2880/3050/2938
f 2870/2925/2939 2869/2924/2939 2932/3048/2939 2933/3051/2939
f 2844/2927/2940 2843/2926/2940 2906/3049/2940 2907/3052/2940
f 2818/2929/2941 2817/2928/2941 2880/3050/2941 2881/3053/2941
f 2871/2930/2942 2870/2925/2942 2933/3051/2942 2934/2989/2942
f 2845/2931/2943 2844/2927/2943 2907/3052/2943 2908/2991/2943
f 2819/2932/2944 2818/2929/2944 2881/3053/2944 2882/2993/2944
f 2937/2998/2945 2936/2995/2945 2999/3054/2945 3000/3055/2945
f 2911/2999/2946 2910/2996/2946 2973/3056/2946 2974/3057/2946
f 2885/3000/2947 2884/2997/2947 2947/3058/2947 2948/3059/2947
f 2938/3001/2948 2937/2998/2948 3000/3055/2948 3001/3060/2948
f 2912/3002/2949 2911/2999/2949 2974/3057/2949 2975/3061/2949
f 2886/3003/2950 2885/3000/2950 2948/3059/2950 2949/3062/2950
f 2939/3004/2951 2938/3001/2951 3001/3060/2951 3002/3063/2951
f 2913/3005/2952 2912/3002/2952 2975/3061/2952 2976/3064/2952
f 2887/3006/2953 2886/3003/2953 2949/3062/2953 2950/3065/2953
f 2940/3007/2954 2939/3004/2954 3002/3063/2954 3003/3066/2954
f 2914/3008/2955 2913/3005/2955 2976/3064/2955 2977/3067/2955
f 2888/3009/2956 2887/3006/2956 2950/3065/2956 2951/3068/2956
f 2941/3010/2957 2940/3007/2957 3003/3066/2957 3004/3069/2957
f 2915/3011/2958 2914/3008/2958 2977/3067/2958 2978/3070/2958
f 2889/3012/2959 2888/3009/2959 2951/3068/2959 2952/3071/2959
f 2752/3072/2960 2941/3010/2960 3004/3069/2960
f 2916/3014/2961 2915/3011/2961 2978/3070/2961 2979/3073/2961
f 2890/3015/2962 2889/3012/2962 2952/3071/2962 2953/3074/2962
f 2917/3016/2963 2916/3014/2963 2979/3073/2963 2980/3075/2963
f 2891/3017/2964 2890/3015/2964 2953/3074/2964 2954/3076/2964
f 2918/3018/2965 2917/3016/2965 2980/3075/2965 2981/3077/2965
f 2892/3019/2966 2891/3017/2966 2954/3076/2966 2955/3078/2966
f 2919/3020/2967 2918/3018/2967 2981/3077/2967 2982/3079/2967
f 2893/3021/2968 2892/3019/2968 2955/3078/2968 2956/3080/2968
f 2920/3022/2969 2919/3020/2969 2982/3079/2969 2983/3081/2969
f 2894/3023/2970 2893/3021/2970 2956/3080/2970 2957/3082/2970
f 2921/3024/2971 2920/3022/2971 2983/3081/2971 2984/3083/2971
f 2895/3025/2972 2894/3023/2972 2957/3082/2972 2958/3084/2972
f 2922/3026/2973 2921/3024/2973 2984/3083/2973 2985/3085/2973
f 2896/3027/2974 2895/3025/2974 2958/3084/2974 2959/3086/2974
f 2923/3028/2975 2922/3026/2975 2985/3085/2975 2986/3087/2975
f 2897/3029/2976 2896/3027/2976 2959/3086/2976 2960/3088/2976
f 2924/3030/2977 2923/3028/2977 2986/3087/2977 2987/3089/2977
f 2898/3031/2978 2897/3029/2978 2960/3088/2978 2961/3090/2978
f 2925/3032/2979 2924/3030/2979 2987/3089/2979 2988/3091/2979
f 2899/3033/2980 2898/3031/2980 2961/3090/2980 2962/3092/2980
f 2926/3034/2981 2925/3032/2981 2988/3091/2981 2989/3093/2981
f 2900/3035/2982 2899/3033/2982 2962/3092/2982 2963/3094/2982
f 2927/3036/2983 2926/3034/2983 2989/3093/2983 2990/3095/2983
f 2901/3037/2984 2900/3035/2984 2963/3094/2984 2964/3096/2984
f 2928/3038/2985 2927/3036/2985 2990/3095/2985 2991/3097/2985
f 2902/3039/2986 2901/3037/2986 2964/3096/2986 2965/3098/2986
f 2929/3040/2987 2928/3038/2987 2991/3097/2987 2992/3099/2987
f 2903/3041/2988 2902/3039/2988 2965/3098/2988 2966/3100/2988
f 2930/3042/2989 2929/3040/2989 2992/3099/2989 2993/3101/2989
f 2904/3043/2990 2903/3041/2990 2966/3100/2990 2967/3102/2990
f 2931/3044/2991 2930/3042/2991 2993/3101/2991 2994/3103/2991
f 2905/3045/2992 2904/3043/2992 2967/3102/2992 2968/3104/2992
f 2879/3047/2993 2058/3105/2993 2942/3106/2993
f 2932/3048/2994 2931/3044/2994 2994/3103/2994 2995/3107/2994
f 2906/3049/2995 2905/3045/2995 2968/3104/2995 2969/3108/2995
f 2880/3050/2996 2879/3047/2996 2942/3106/2996 2943/3109/2996
f 2933/3051/2997 2932/3048/2997 2995/3107/2997 2996/3110/2997
f 2907/3052/2998 2906/3049/2998 2969/3108/2998 2970/3111/2998
f 2881/3053/2999 2880/3050/2999 2943/3109/2999 2944/3112/2999
f 2934/2989/3000 2933/3051/3000 2996/3110/3000 2997/3113/3000
f 2908/2991/3001 2907/3052/3001 2970/3111/3001 2971/3114/3001
f 2882/2993/3002 2881/3053/3002 2944/3112/3002 2945/3115/3002
f 2935/2990/3003 2934/2989/3003 2997/3113/3003 2998/3116/3003
f 2909/2992/3004 2908/2991/3004 2971/3114/3004 2972/3117/3004
f 2883/2994/3005 2882/2993/3005 2945/3115/3005 2946/3118/3005
f 2936/2995/3006 2935/2990/3006 2998/3116/3006 2999/3054/3006
f 2910/2996/3007 2909/2992/3007 2972/3117/3007 2973/3056/3007
f 2884/2997/3008 2883/2994/3008 2946/3118/3008 2947/3058/3008
f 3002/3063/3009 3001/3060/3009 3064/3119/3009 3065/3120/3009
f 2976/3064/3010 2975/3061/3010 3038/3121/3010 3039/3122/3010
f 2950/3065/3011 2949/3062/3011 3012/3123/3011 3013/3124/3011
f 3003/3066/3012 3002/3063/3012 3065/3120/3012 3066/3125/3012
f 2977/3067/3013 2976/3064/3013 3039/3122/3013 3040/3126/3013
f 2951/3068/3014 2950/3065/3014 3013/3124/3014 3014/3127/3014
f 3004/3069/3015 3003/3066/3015 3066/3125/3015 3067/3128/3015
f 2978/3070/3016 2977/3067/3016 3040/3126/3016 3041/3129/3016
f 2952/3071/3017 2951/3068/3017 3014/3127/3017 3015/3130/3017
f 2752/3131/3018 3004/3069/3018 3067/3128/3018
f 2979/3073/3019 2978/3070/3019 3041/3129/3019 3042/3132/3019
f 2953/3074/3020 2952/3071/3020 3015/3130/3020 3016/3133/3020
f 2980/3075/3021 2979/3073/3021 3042/3132/3021 3043/3134/3021
f 2954/3076/3022 2953/3074/3022 3016/3133/3022 3017/3135/3022
f 2981/3077/3023 2980/3075/3023 3043/3134/3023 3044/3136/3023
f 2955/3078/3024 2954/3076/3024 3017/3135/3024 3018/3137/3024
f 2982/3079/3025 2981/3077/3025 3044/3136/3025 3045/3138/3025
f 2956/3080/3026 2955/3078/3026 3018/3137/3026 3019/3139/3026
f 2983/3081/3027 2982/3079/3027 3045/3138/3027 3046/3140/3027
f 2957/3082/3028 2956/3080/3028 3019/3139/3028 3020/3141/3028
f 2984/3083/3029 2983/3081/3029 3046/3140/3029 3047/3142/3029
f 2958/3084/3030 2957/3082/3030 3020/3141/3030 3021/3143/3030
f 2985/3085/3031 2984/3083/3031 3047/3142/3031 3048/3144/3031
f 2959/3086/3032 2958/3084/3032 3021/3143/3032 3022/3145/3032
f 2986/3087/3033 2985/3085/3033 3048/3144/3033 3049/3146/3033
f 2960/3088/3034 2959/3086/3034 3022/3145/3034 3023/3147/3034
f 2987/3089/3035 2986/3087/3035 3049/3146/3035 3050/3148/3035
f 2961/3090/3036 2960/3088/3036 3023/3147/3036 3024/3149/3036
f 2988/3091/3037 2987/3089/3037 3050/3148/3037 3051/3150/3037
f 2962/3092/3038 2961/3090/3038 3024/3149/3038 3025/3151/3038
f 2989/3093/3039 2988/3091/3039 3051/3150/3039 3052/3152/3039
f 2963/3094/3040 2962/3092/3040 3025/3151/3040 3026/3153/3040
f 2990/3095/3041 2989/3093/3041 3052/3152/3041 3053/3154/3041
f 2964/3096/3042 2963/3094/3042 3026/3153/3042 3027/3155/3042
f 2991/3097/3043 2990/3095/3043 3053/3154/3043 3054/3156/3043
f 2965/3098/3044 2964/3096/3044 3027/3155/3044 3028/3157/3044
f 2992/3099/3045 2991/3097/3045 3054/3156/3045 3055/3158/3045
f 2966/3100/3046 2965/3098/3046 3028/3157/3046 3029/3159/3046
f 2993/3101/3047 2992/3099/3047 3055/3158/3047 3056/3160/3047
f 2967/3102/3048 2966/3100/3048 3029/3159/3048 3030/3161/3048
f 2994/3103/3049 2993/3101/3049 3056/3160/3049 3057/3162/3049
f 2968/3104/3050 2967/3102/3050 3030/3161/3050 3031/3163/3050
f 2942/3106/3051 2058/3164/3051 3005/3165/3051
f 2995/3107/3052 2994/3103/3052 3057/3162/3052 3058/3166/3052
f 2969/3108/3053 2968/3104/3053 3031/3163/3053 3032/3167/3053
f 2943/3109/3054 2942/3106/3054 3005/3165/3054 3006/3168/3054
f 2996/3110/3055 2995/3107/3055 3058/3166/3055 3059/3169/3055
f 2970/3111/3056 2969/3108/3056 3032/3167/3056 3033/3170/3056
f 2944/3112/3057 2943/3109/3057 3006/3168/3057 3007/3171/3057
f 2997/3113/3058 2996/3110/3058 3059/3169/3058 3060/3172/3058
f 2971/3114/3059 2970/3111/3059 3033/3170/3059 3034/3173/3059
f 2945/3115/3060 2944/3112/3060 3007/3171/3060 3008/3174/3060
f 2998/3116/3061 2997/3113/3061 3060/3172/3061 3061/3175/3061
f 2972/3117/3062 2971/3114/3062 3034/3173/3062 3035/3176/3062
f 2946/3118/3063 2945/3115/3063 3008/3174/3063 3009/3177/3063
f 2999/3054/3064 2998/3116/3064 3061/3175/3064 3062/3178/3064
f 2973/3056/3065 2972/3117/3065 3035/3176/3065 3036/3179/3065
f 2947/3058/3066 2946/3118/3066 3009/3177/3066 3010/3180/3066
f 3000/3055/3067 2999/3054/3067 3062/3178/3067 3063/3181/3067
f 2974/3057/3068 2973/3056/3068 3036/3179/3068 3037/3182/3068
f 2948/3059/3069 2947/3058/3069 3010/3180/3069 3011/3183/3069
f 3001/3060/3070 3000/3055/3070 3063/3181/3070 3064/3119/3070
f 2975/3061/3071 2974/3057/3071 3037/3182/3071 3038/3121/3071
f 2949/3062/3072 2948/3059/3072 3011/3183/3072 3012/3123/3072
f 3067/3184/3073 3066/3185/3073 3129/3186/3073 3130/3187/3073
f 3041/3188/3074 3040/3189/3074 3103/3190/3074 3104/3191/3074
f 3015/3192/3075 3014/3193/3075 3077/3194/3075 3078/3195/3075
f 2752/3196/3076 3067/3184/3076 3130/3187/3076
f 3042/3197/3077 3041/3188/3077 3104/3191/3077 3105/3198/3077
f 3016/3199/3078 3015/3192/3078 3078/3195/3078 3079/3200/3078
f 3043/3201/3079 3042/3197/3079 3105/3198/3079 3106/3202/3079
f 3017/3203/3080 3016/3199/3080 3079/3200/3080 3080/3204/3080
f 3044/3205/3081 3043/3201/3081 3106/3202/3081 3107/3206/3081
f 3018/3207/3082 3017/3203/3082 3080/3204/3082 3081/3208/3082
f 3045/3209/3083 3044/3205/3083 3107/3206/3083 3108/3210/3083
f 3019/3211/3084 3018/3207/3084 3081/3208/3084 3082/3212/3084
f 3046/3213/3085 3045/3209/3085 3108/3210/3085 3109/3214/3085
f 3020/3215/3086 3019/3211/3086 3082/3212/3086 3083/3216/3086
f 3047/3217/3087 3046/3213/3087 3109/3214/3087 3110/3218/3087
f 3021/3219/3088 3020/3215/3088 3083/3216/3088 3084/3220/3088
f 3048/3221/3089 3047/3217/3089 3110/3218/3089 3111/3222/3089
f 3022/3223/3090 3021/3219/3090 3084/3220/3090 3085/3224/3090
f 3049/3225/3091 3048/3221/3091 3111/3222/3091 3112/3226/3091
f 3023/3227/3092 3022/3223/3092 3085/3224/3092 3086/3228/3092
f 3050/3229/3093 3049/3225/3093 3112/3226/3093 3113/3230/3093
f 3024/3231/3094 3023/3227/3094 3086/3228/3094 3087/3232/3094
f 3051/3233/3095 3050/3229/3095 3113/3230/3095 3114/3234/3095
f 3025/3235/3096 3024/3231/3096 3087/3232/3096 3088/3236/3096
f 3052/3237/3097 3051/3233/3097 3114/3234/3097 3115/3238/3097
f 3026/3239/3098 3025/3235/3098 3088/3236/3098 3089/3240/3098
f 3053/3241/3099 3052/3237/3099 3115/3238/3099 3116/3242/3099
f 3027/3243/3100 3026/3239/3100 3089/3240/3100 3090/3244/3100
f 3054/3245/3101 3053/3241/3101 3116/3242/3101 3117/3246/3101
f 3028/3247/3102 3027/3243/3102 3090/3244/3102 3091/3248/3102
f 3055/3249/3103 3054/3245/3103 3117/3246/3103 3118/3250/3103
f 3029/3251/3104 3028/3247/3104 3091/3248/3104 3092/3252/3104
f 3056/3253/3105 3055/3249/3105 3118/3250/3105 3119/3254/3105
f 3030/3255/3106 3029/3251/3106 3092/3252/3106 3093/3256/3106
f 3057/3257/3107 3056/3253/3107 3119/3254/3107 3120/3258/3107
f 3031/3259/3108 3030/3255/3108 3093/3256/3108 3094/3260/3108
f 3005/3261/3109 2058/3262/3109 3068/3263/3109
f 3058/3264/3110 3057/3257/3110 3120/3258/3110 3121/3265/3110
f 3032/3266/3111 3031/3259/3111 3094/3260/3111 3095/3267/3111
f 3006/3268/3112 3005/3261/3112 3068/3263/3112 3069/3269/3112
f 3059/3270/3113 3058/3264/3113 3121/3265/3113 3122/3271/3113
f 3033/3272/3114 3032/3266/3114 3095/3267/3114 3096/3273/3114
f 3007/3274/3115 3006/3268/3115 3069/3269/3115 3070/3275/3115
f 3060/3276/3116 3059/3270/3116 3122/3271/3116 3123/3277/3116
f 3034/3278/3117 3033/3272/3117 3096/3273/3117 3097/3279/3117
f 3008/3280/3118 3007/3274/3118 3070/3275/3118 3071/3281/3118
f 3061/3282/3119 3060/3276/3119 3123/3277/3119 3124/3283/3119
f 3035/3284/3120 3034/3278/3120 3097/3279/3120 3098/3285/3120
f 3009/3286/3121 3008/3280/3121 3071/3281/3121 3072/3287/3121
f 3062/3288/3122 3061/3282/3122 3124/3283/3122 3125/3289/3122
f 3036/3290/3123 3035/3284/3123 3098/3285/3123 3099/3291/3123
f 3010/3292/3124 3009/3286/3124 3072/3287/3124 3073/3293/3124
f 3063/3294/3125 3062/3288/3125 3125/3289/3125 3126/3295/3125
f 3037/3296/3126 3036/3290/3126 3099/3291/3126 3100/3297/3126
f 3011/3298/3127 3010/3292/3127 3073/3293/3127 3074/3299/3127
f 3064/3300/3128 3063/3294/3128 3126/3295/3128 3127/3301/3128
f 3038/3302/3129 3037/3296/3129 3100/3297/3129 3101/3303/3129
f 3012/3304/3130 3011/3298/3130 3074/3299/3130 3075/3305/3130
f 3065/3306/3131 3064/3300/3131 3127/3301/3131 3128/3307/3131
f 3039/3308/3132 3038/3302/3132 3101/3303/3132 3102/3309/3132
f 3013/3310/3133 3012/3304/3133 3075/3305/3133 3076/3311/3133
f 3066/3185/3134 3065/3306/3134 3128/3307/3134 3129/3186/3134
f 3040/3189/3135 3039/3308/3135 3102/3309/3135 3103/3190/3135
f 3014/3193/3136 3013/3310/3136 3076/3311/3136 3077/3194/3136
f 3106/3202/3137 3105/3198/3137 3168/3312/3137 3169/3313/3137
f 3080/3204/3138 3079/3200/3138 3142/3314/3138 3143/3315/3138
f 3107/3206/3139 3106/3202/3139 3169/3313/3139 3170/3316/3139
f 3081/3208/3140 3080/3204/3140 3143/3315/3140 3144/3317/3140
f 3108/3210/3141 3107/3206/3141 3170/3316/3141 3171/3318/3141
f 3082/3212/3142 3081/3208/3142 3144/3317/3142 3145/3319/3142
f 3109/3214/3143 3108/3210/3143 3171/3318/3143 3172/3320/3143
f 3083/3216/3144 3082/3212/3144 3145/3319/3144 3146/3321/3144
f 3110/3218/3145 3109/3214/3145 3172/3320/3145 3173/3322/3145
f 3084/3220/3146 3083/3216/3146 3146/3321/3146 3147/3323/3146
f 3111/3222/3147 3110/3218/3147 3173/3322/3147 3174/3324/3147
f 3085/3224/3148 3084/3220/3148 3147/3323/3148 3148/3325/3148
f 3112/3226/3149 3111/3222/3149 3174/3324/3149 3175/3326/3149
f 3086/3228/3150 3085/3224/3150 3148/3325/3150 3149/3327/3150
f 3113/3230/3151 3112/3226/3151 3175/3326/3151 3176/3328/3151
f 3087/3232/3152 3086/3228/3152 3149/3327/3152 3150/3329/3152
f 3114/3234/3153 3113/3230/3153 3176/3328/3153 3177/3330/3153
f 3088/3236/3154 3087/3232/3154 3150/3329/3154 3151/3331/3154
f 3115/3238/3155 3114/3234/3155 3177/3330/3155 3178/3332/3155
f 3089/3240/3156 3088/3236/3156 3151/3331/3156 3152/3333/3156
f 3116/3242/3157 3115/3238/3157 3178/3332/3157 3179/3334/3157
f 3090/3244/3158 3089/3240/3158 3152/3333/3158 3153/3335/3158
f 3117/3246/3159 3116/3242/3159 3179/3334/3159 3180/3336/3159
f 3091/3248/3160 3090/3244/3160 3153/3335/3160 3154/3337/3160
f 3118/3250/3161 3117/3246/3161 3180/3336/3161 3181/3338/3161
f 3092/3252/3162 3091/3248/3162 3154/3337/3162 3155/3339/3162
f 3119/3254/3163 3118/3250/3163 3181/3338/3163 3182/3340/3163
f 3093/3256/3164 3092/3252/3164 3155/3339/3164 3156/3341/3164
f 3120/3258/3165 3119/3254/3165 3182/3340/3165 3183/3342/3165
f 3094/3260/3166 3093/3256/3166 3156/3341/3166 3157/3343/3166
f 3068/3263/3167 2058/3344/3167 3131/3345/3167
f 3121/3265/3168 3120/3258/3168 3183/3342/3168 3184/3346/3168
f 3095/3267/3169 3094/3260/3169 3157/3343/3169 3158/3347/3169
f 3069/3269/3170 3068/3263/3170 3131/3345/3170 3132/3348/3170
f 3122/3271/3171 3121/3265/3171 3184/3346/3171 3185/3349/3171
f 3096/3273/3172 3095/3267/3172 3158/3347/3172 3159/3350/3172
f 3070/3275/3173 3069/3269/3173 3132/3348/3173 3133/3351/3173
f 3123/3277/3174 3122/3271/3174 3185/3349/3174 3186/3352/3174
f 3097/3279/3175 3096/3273/3175 3159/3350/3175 3160/3353/3175
f 3071/3281/3176 3070/3275/3176 3133/3351/3176 3134/3354/3176
f 3124/3283/3177 3123/3277/3177 3186/3352/3177 3187/3355/3177
f 3098/3285/3178 3097/3279/3178 3160/3353/3178 3161/3356/3178
f 3072/3287/3179 3071/3281/3179 3134/3354/3179 3135/3357/3179
f 3125/3289/3180 3124/3283/3180 3187/3355/3180 3188/3358/3180
f 3099/3291/3181 3098/3285/3181 3161/3356/3181 3162/3359/3181
f 3073/3293/3182 3072/3287/3182 3135/3357/3182 3136/3360/3182
f 3126/3295/3183 3125/3289/3183 3188/3358/3183 3189/3361/3183
f 3100/3297/3184 3099/3291/3184 3162/3359/3184 3163/3362/3184
f 3074/3299/3185 3073/3293/3185 3136/3360/3185 3137/3363/3185
f 3127/3301/3186 3126/3295/3186 3189/3361/3186 3190/3364/3186
f 3101/3303/3187 3100/3297/3187 3163/3362/3187 3164/3365/3187
f 3075/3305/3188 3074/3299/3188 3137/3363/3188 3138/3366/3188
f 3128/3307/3189 3127/3301/3189 3190/3364/3189 3191/3367/3189
f 3102/3309/3190 3101/3303/3190 3164/3365/3190 3165/3368/3190
f 3076/3311/3191 3075/3305/3191 3138/3366/3191 3139/3369/3191
f 3129/3186/3192 3128/3307/3192 3191/3367/3192 3192/3370/3192
f 3103/3190/3193 3102/3309/3193 3165/3368/3193 3166/3371/3193
f 3077/3194/3194 3076/3311/3194 3139/3369/3194 3140/3372/3194
f 3130/3187/3195 3129/3186/3195 3192/3370/3195 3193/3373/3195
f 3104/3191/3196 3103/3190/3196 3166/3371/3196 3167/3374/3196
f 3078/3195/3197 3077/3194/3197 3140/3372/3197 3141/3375/3197
f 2752/3376/3198 3130/3187/3198 3193/3373/3198
f 3105/3198/3199 3104/3191/3199 3167/3374/3199 3168/3312/3199
f 3079/3200/3200 3078/3195/3200 3141/3375/3200 3142/3314/3200
f 3171/3318/3201 3170/3316/3201 3233/3377/3201 3234/3378/3201
f 3145/3319/3202 3144/3317/3202 3207/3379/3202 3208/3380/3202
f 3172/3320/3203 3171/3318/3203 3234/3378/3203 3235/3381/3203
f 3146/3321/3204 3145/3319/3204 3208/3380/3204 3209/3382/3204
f 3173/3322/3205 3172/3320/3205 3235/3381/3205 3236/3383/3205
f 3147/3323/3206 3146/3321/3206 3209/3382/3206 3210/3384/3206
f 3174/3324/3207 3173/3322/3207 3236/3383/3207 3237/3385/3207
f 3148/3325/3208 3147/3323/3208 3210/3384/3208 3211/3386/3208
f 3175/3326/3209 3174/3324/3209 3237/3385/3209 3238/3387/3209
f 3149/3327/3210 3148/3325/3210 3211/3386/3210 3212/3388/3210
f 3176/3328/3211 3175/3326/3211 3238/3387/3211 3239/3389/3211
f 3150/3329/3212 3149/3327/3212 3212/3388/3212 3213/3390/3212
f 3177/3330/3213 3176/3328/3213 3239/3389/3213 3240/3391/3213
f 3151/3331/3214 3150/3329/3214 3213/3390/3214 3214/3392/3214
f 3178/3332/3215 3177/3330/3215 3240/3391/3215 3241/3393/3215
f 3152/3333/3216 3151/3331/3216 3214/3392/3216 3215/3394/3216
f 3179/3334/3217 3178/3332/3217 3241/3393/3217 3242/3395/3217
f 3153/3335/3218 3152/3333/3218 3215/3394/3218 3216/3396/3218
f 3180/3336/3219 3179/3334/3219 3242/3395/3219 3243/3397/3219
f 3154/3337/3220 3153/3335/3220 3216/3396/3220 3217/3398/3220
f 3181/3338/3221 3180/3336/3221 3243/3397/3221 3244/3399/3221
f 3155/3339/3222 3154/3337/3222 3217/3398/3222 3218/3400/3222
f 3182/3340/3223 3181/3338/3223 3244/3399/3223 3245/3401/3223
f 3156/3341/3224 3155/3339/3224 3218/3400/3224 3219/3402/3224
f 3183/3342/3225 3182/3340/3225 3245/3401/3225 3246/3403/3225
f 3157/3343/3226 3156/3341/3226 3219/3402/3226 3220/3404/3226
f 3131/3345/3227 2058/3405/3227 3194/3406/3227
f 3184/3346/3228 3183/3342/3228 3246/3403/3228 3247/3407/3228
f 3158/3347/3229 3157/3343/3229 3220/3404/3229 3221/3408/3229
f 3132/3348/3230 3131/3345/3230 3194/3406/3230 3195/3409/3230
f 3185/3349/3231 3184/3346/3231 3247/3407/3231 3248/3410/3231
f 3159/3350/3232 3158/3347/3232 3221/3408/3232 3222/3411/3232
f 3133/3351/3233 3132/3348/3233 3195/3409/3233 3196/3412/3233
f 3186/3352/3234 3185/3349/3234 3248/3410/3234 3249/3413/3234
f 3160/3353/3235 3159/3350/3235 3222/3411/3235 3223/3414/3235
f 3134/3354/3236 3133/3351/3236 3196/3412/3236 3197/3415/3236
f 3187/3355/3237 3186/3352/3237 3249/3413/3237 3250/3416/3237
f 3161/3356/3238 3160/3353/3238 3223/3414/3238 3224/3417/3238
f 3135/3357/3239 3134/3354/3239 3197/3415/3239 3198/3418/3239
f 3188/3358/3240 3187/3355/3240 3250/3416/3240 3251/3419/3240
f 3162/3359/3241 3161/3356/3241 3224/3417/3241 3225/3420/3241
f 3136/3360/3242 3135/3357/3242 3198/3418/3242 3199/3421/3242
f 3189/3361/3243 3188/3358/3243 3251/3419/3243 3252/3422/3243
f 3163/3362/3244 3162/3359/3244 3225/3420/3244 3226/3423/3244
f 3137/3363/3245 3136/3360/3245 3199/3421/3245 3200/3424/3245
f 3190/3364/3246 3189/3361/3246 3252/3422/3246 3253/3425/3246
f 3164/3365/3247 3163/3362/3247 3226/3423/3247 3227/3426/3247
f 3138/3366/3248 3137/3363/3248 3200/3424/3248 3201/3427/3248
f 3191/3367/3249 3190/3364/3249 3253/3425/3249 3254/3428/3249
f 3165/3368/3250 3164/3365/3250 3227/3426/3250 3228/3429/3250
f 3139/3369/3251 3138/3366/3251 3201/3427/3251 3202/3430/3251
f 3192/3370/3252 3191/3367/3252 3254/3428/3252 3255/3431/3252
f 3166/3371/3253 3165/3368/3253 3228/3429/3253 3229/3432/3253
f 3140/3372/3254 3139/3369/3254 3202/3430/3254 3203/3433/3254
f 3193/3373/3255 3192/3370/3255 3255/3431/3255 3256/3434/3255
f 3167/3374/3256 3166/3371/3256 3229/3432/3256 3230/3435/3256
f 3141/3375/3257 3140/3372/3257 3203/3433/3257 3204/3436/3257
f 2752/3437/3258 3193/3373/3258 3256/3434/3258
f 3168/3312/3259 3167/3374/3259 3230/3435/3259 3231/3438/3259
f 3142/3314/3260 3141/3375/3260 3204/3436/3260 3205/3439/3260
f 3169/3313/3261 3168/3312/3261 3231/3438/3261 3232/3440/3261
f 3143/3315/3262 3142/3314/3262 3205/3439/3262 3206/3441/3262
f 3170/3316/3263 3169/3313/3263 3232/3440/3263 3233/3377/3263
f 3144/3317/3264 3143/3315/3264 3206/3441/3264 3207/3379/3264
f 3238/3387/3265 3237/3385/3265 3300/3442/3265 3301/3443/3265
f 3210/3384/3266 3209/3382/3266 3272/3444/3266 3273/3445/3266
f 3239/3389/3267 3238/3387/3267 3301/3443/3267 3302/3446/3267
f 3211/3386/3268 3210/3384/3268 3273/3445/3268 3274/3447/3268
f 3240/3391/3269 3239/3389/3269 3302/3446/3269 3303/3448/3269
f 3212/3388/3270 3211/3386/3270 3274/3447/3270 3275/3449/3270
f 3241/3393/3271 3240/3391/3271 3303/3448/3271 3304/3450/3271
f 3213/3390/3272 3212/3388/3272 3275/3449/3272 3276/3451/3272
f 3242/3395/3273 3241/3393/3273 3304/3450/3273 3305/3452/3273
f 3214/3392/3274 3213/3390/3274 3276/3451/3274 3277/3453/3274
f 3243/3397/3275 3242/3395/3275 3305/3452/3275 3306/3454/3275
f 3215/3394/3276 3214/3392/3276 3277/3453/3276 3278/3455/3276
f 3244/3399/3277 3243/3397/3277 3306/3454/3277 3307/3456/3277
f 3216/3396/3278 3215/3394/3278 3278/3455/3278 3279/3457/3278
f 3245/3401/3279 3244/3399/3279 3307/3456/3279 3308/3458/3279
f 3217/3398/3280 3216/3396/3280 3279/3457/3280 3280/3459/3280
f 3246/3403/3281 3245/3401/3281 3308/3458/3281 3309/3460/3281
f 3218/3400/3282 3217/3398/3282 3280/3459/3282 3281/3461/3282
f 3247/3407/3283 3246/3403/3283 3309/3460/3283 3310/3462/3283
f 3219/3402/3284 3218/3400/3284 3281/3461/3284 3282/3463/3284
f 3248/3410/3285 3247/3407/3285 3310/3462/3285 3311/3464/3285
f 3220/3404/3286 3219/3402/3286 3282/3463/3286 3283/3465/3286
f 3194/3406/3287 2058/3466/3287 3257/3467/3287
f 3249/3413/3288 3248/3410/3288 3311/3464/3288 3312/3468/3288
f 3221/3408/3289 3220/3404/3289 3283/3465/3289 3284/3469/3289
f 3195/3409/3290 3194/3406/3290 3257/3467/3290 3258/3470/3290
f 3250/3416/3291 3249/3413/3291 3312/3468/3291 3313/3471/3291
f 3222/3411/3292 3221/3408/3292 3284/3469/3292 3285/3472/3292
f 3196/3412/3293 3195/3409/3293 3258/3470/3293 3259/3473/3293
f 3251/3419/3294 3250/3416/3294 3313/3471/3294 3314/3474/3294
f 3223/3414/3295 3222/3411/3295 3285/3472/3295 3286/3475/3295
f 3197/3415/3296 3196/3412/3296 3259/3473/3296 3260/3476/3296
f 3252/3422/3297 3251/3419/3297 3314/3474/3297 3315/3477/3297
f 3224/3417/3298 3223/3414/3298 3286/3475/3298 3287/3478/3298
f 3198/3418/3299 3197/3415/3299 3260/3476/3299 3261/3479/3299
f 3253/3425/3300 3252/3422/3300 3315/3477/3300 3316/3480/3300
f 3225/3420/3301 3224/3417/3301 3287/3478/3301 3288/3481/3301
f 3199/3421/3302 3198/3418/3302 3261/3479/3302 3262/3482/3302
f 3254/3428/3303 3253/3425/3303 3316/3480/3303 3317/3483/3303
f 3226/3423/3304 3225/3420/3304 3288/3481/3304 3289/3484/3304
f 3200/3424/3305 3199/3421/3305 3262/3482/3305 3263/3485/3305
f 3255/3431/3306 3254/3428/3306 3317/3483/3306 3318/3486/3306
f 3227/3426/3307 3226/3423/3307 3289/3484/3307 3290/3487/3307
f 3201/3427/3308 3200/3424/3308 3263/3485/3308 3264/3488/3308
f 3256/3434/3309 3255/3431/3309 3318/3486/3309 3319/3489/3309
f 3228/3429/3310 3227/3426/3310 3290/3487/3310 3291/3490/3310
f 3202/3430/3311 3201/3427/3311 3264/3488/3311 3265/3491/3311
f 2752/3492/3312 3256/3434/3312 3319/3489/3312
f 3229/3432/3313 3228/3429/3313 3291/3490/3313 3292/3493/3313
f 3203/3433/3314 3202/3430/3314 3265/3491/3314 3266/3494/3314
f 3230/3435/3315 3229/3432/3315 3292/3493/3315 3293/3495/3315
f 3232/3440/3316 3231/3438/3316 3294/3496/3316 3295/3497/3316
f 3204/3436/3317 3203/3433/3317 3266/3494/3317 3267/3498/3317
f 3231/3438/3318 3230/3435/3318 3293/3495/3318 3294/3496/3318
f 3233/3377/3319 3232/3440/3319 3295/3497/3319 3296/3499/3319
f 3205/3439/3320 3204/3436/3320 3267/3498/3320 3268/3500/3320
f 3234/3378/3321 3233/3377/3321 3296/3499/3321 3297/3501/3321
f 3206/3441/3322 3205/3439/3322 3268/3500/3322 3269/3502/3322
f 3235/3381/3323 3234/3378/3323 3297/3501/3323 3298/3503/3323
f 3207/3379/3324 3206/3441/3324 3269/3502/3324 3270/3504/3324
f 3236/3383/3325 3235/3381/3325 3298/3503/3325 3299/3505/3325
f 3208/3380/3326 3207/3379/3326 3270/3504/3326 3271/3506/3326
f 3237/3385/3327 3236/3383/3327 3299/3505/3327 3300/3442/3327
f 3209/3382/3328 3208/3380/3328 3271/3506/3328 3272/3444/3328
f 3303/3448/3329 3302/3446/3329 3365/3507/3329 3366/3508/3329
f 3277/3453/3330 3276/3451/3330 3339/3509/3330 3340/3510/3330
f 3304/3450/3331 3303/3448/3331 3366/3508/3331 3367/3511/3331
f 3278/3455/3332 3277/3453/3332 3340/3510/3332 3341/3512/3332
f 3305/3452/3333 3304/3450/3333 3367/3511/3333 3368/3513/3333
f 3279/3457/3334 3278/3455/3334 3341/3512/3334 3342/3514/3334
f 3306/3454/3335 3305/3452/3335 3368/3513/3335 3369/3515/3335
f 3280/3459/3336 3279/3457/3336 3342/3514/3336 3343/3516/3336
f 3307/3456/3337 3306/3454/3337 3369/3515/3337 3370/3517/3337
f 3281/3461/3338 3280/3459/3338 3343/3516/3338 3344/3518/3338
f 3308/3458/3339 3307/3456/3339 3370/3517/3339 3371/3519/3339
f 3282/3463/3340 3281/3461/3340 3344/3518/3340 3345/3520/3340
f 3309/3460/3341 3308/3458/3341 3371/3519/3341 3372/3521/3341
f 3283/3465/3342 3282/3463/3342 3345/3520/3342 3346/3522/3342
f 3257/3467/3343 2058/3523/3343 3320/3524/3343
f 3310/3462/3344 3309/3460/3344 3372/3521/3344 3373/3525/3344
f 3284/3469/3345 3283/3465/3345 3346/3522/3345 3347/3526/3345
f 3258/3470/3346 3257/3467/3346 3320/3524/3346 3321/3527/3346
f 3311/3464/3347 3310/3462/3347 3373/3525/3347 3374/3528/3347
f 3285/3472/3348 3284/3469/3348 3347/3526/3348 3348/3529/3348
f 3259/3473/3349 3258/3470/3349 3321/3527/3349 3322/3530/3349
f 3312/3468/3350 3311/3464/3350 3374/3528/3350 3375/3531/3350
f 3286/3475/3351 3285/3472/3351 3348/3529/3351 3349/3532/3351
f 3260/3476/3352 3259/3473/3352 3322/3530/3352 3323/3533/3352
f 3313/3471/3353 3312/3468/3353 3375/3531/3353 3376/3534/3353
f 3287/3478/3354 3286/3475/3354 3349/3532/3354 3350/3535/3354
f 3261/3479/3355 3260/3476/3355 3323/3533/3355 3324/3536/3355
f 3314/3474/3356 3313/3471/3356 3376/3534/3356 3377/3537/3356
f 3288/3481/3357 3287/3478/3357 3350/3535/3357 3351/3538/3357
f 3262/3482/3358 3261/3479/3358 3324/3536/3358 3325/3539/3358
f 3315/3477/3359 3314/3474/3359 3377/3537/3359 3378/3540/3359
f 3289/3484/3360 3288/3481/3360 3351/3538/3360 3352/3541/3360
f 3263/3485/3361 3262/3482/3361 3325/3539/3361 3326/3542/3361
f 3316/3480/3362 3315/3477/3362 3378/3540/3362 3379/3543/3362
f 3290/3487/3363 3289/3484/3363 3352/3541/3363 3353/3544/3363
f 3264/3488/3364 3263/3485/3364 3326/3542/3364 3327/3545/3364
f 3317/3483/3365 3316/3480/3365 3379/3543/3365 3380/3546/3365
f 3291/3490/3366 3290/3487/3366 3353/3544/3366 3354/3547/3366
f 3265/3491/3367 3264/3488/3367 3327/3545/3367 3328/3548/3367
f 3318/3486/3368 3317/3483/3368 3380/3546/3368 3381/3549/3368
f 3292/3493/3369 3291/3490/3369 3354/3547/3369 3355/3550/3369
f 3266/3494/3370 3265/3491/3370 3328/3548/3370 3329/3551/3370
f 3319/3489/3371 3318/3486/3371 3381/3549/3371 3382/3552/3371
f 3293/3495/3372 3292/3493/3372 3355/3550/3372 3356/3553/3372
f 3267/3498/3373 3266/3494/3373 3329/3551/3373 3330/3554/3373
f 2752/3555/3374 3319/3489/3374 3382/3552/3374
f 3294/3496/3375 3293/3495/3375 3356/3553/3375 3357/3556/3375
f 3268/3500/3376 3267/3498/3376 3330/3554/3376 3331/3557/3376
f 3295/3497/3377 3294/3496/3377 3357/3556/3377 3358/3558/3377
f 3269/3502/3378 3268/3500/3378 3331/3557/3378 3332/3559/3378
f 3296/3499/3379 3295/3497/3379 3358/3558/3379 3359/3560/3379
f 3270/3504/3380 3269/3502/3380 3332/3559/3380 3333/3561/3380
f 3297/3501/3381 3296/3499/3381 3359/3560/3381 3360/3562/3381
f 3271/3506/3382 3270/3504/3382 3333/3561/3382 3334/3563/3382
f 3298/3503/3383 3297/3501/3383 3360/3562/3383 3361/3564/3383
f 3272/3444/3384 3271/3506/3384 3334/3563/3384 3335/3565/3384
f 3299/3505/3385 3298/3503/3385 3361/3564/3385 3362/3566/3385
f 3273/3445/3386 3272/3444/3386 3335/3565/3386 3336/3567/3386
f 3300/3442/3387 3299/3505/3387 3362/3566/3387 3363/3568/3387
f 3274/3447/3388 3273/3445/3388 3336/3567/3388 3337/3569/3388
f 3301/3443/3389 3300/3442/3389 3363/3568/3389 3364/3570/3389
f 3275/3449/3390 3274/3447/3390 3337/3569/3390 3338/3571/3390
f 3302/3446/3391 3301/3443/3391 3364/3570/3391 3365/3507/3391
f 3276/3451/3392 3275/3449/3392 3338/3571/3392 3339/3509/3392
f 3368/3513/3393 3367/3511/3393 3430/3572/3393 3431/3573/3393
f 3342/3514/3394 3341/3512/3394 3404/3574/3394 3405/3575/3394
f 3369/3515/3395 3368/3513/3395 3431/3573/3395 3432/3576/3395
f 3343/3516/3396 3342/3514/3396 3405/3575/3396 3406/3577/3396
f 3370/3517/3397 3369/3515/3397 3432/3576/3397 3433/3578/3397
f 3344/3518/3398 3343/3516/3398 3406/3577/3398 3407/3579/3398
f 3371/3519/3399 3370/3517/3399 3433/3578/3399 3434/3580/3399
f 3345/3520/3400 3344/3518/3400 3407/3579/3400 3408/3581/3400
f 3372/3521/3401 3371/3519/3401 3434/3580/3401 3435/3582/3401
f 3346/3522/3402 3345/3520/3402 3408/3581/3402 3409/3583/3402
f 3320/3524/3403 2058/3584/3403 3383/3585/3403
f 3373/3525/3404 3372/3521/3404 3435/3582/3404 3436/3586/3404
f 3347/3526/3405 3346/3522/3405 3409/3583/3405 3410/3587/3405
f 3321/3527/3406 3320/3524/3406 3383/3585/3406 3384/3588/3406
f 3374/3528/3407 3373/3525/3407 3436/3586/3407 3437/3589/3407
f 3348/3529/3408 3347/3526/3408 3410/3587/3408 3411/3590/3408
f 3322/3530/3409 3321/3527/3409 3384/3588/3409 3385/3591/3409
f 3375/3531/3410 3374/3528/3410 3437/3589/3410 3438/3592/3410
f 3349/3532/3411 3348/3529/3411 3411/3590/3411 3412/3593/3411
f 3323/3533/3412 3322/3530/3412 3385/3591/3412 3386/3594/3412
f 3376/3534/3413 3375/3531/3413 3438/3592/3413 3439/3595/3413
f 3350/3535/3414 3349/3532/3414 3412/3593/3414 3413/3596/3414
f 3324/3536/3415 3323/3533/3415 3386/3594/3415 3387/3597/3415
f 3377/3537/3416 3376/3534/3416 3439/3595/3416 3440/3598/3416
f 3351/3538/3417 3350/3535/3417 3413/3596/3417 3414/3599/3417
f 3325/3539/3418 3324/3536/3418 3387/3597/3418 3388/3600/3418
f 3378/3540/3419 3377/3537/3419 3440/3598/3419 3441/3601/3419
f 3352/3541/3420 3351/3538/3420 3414/3599/3420 3415/3602/3420
f 3326/3542/3421 3325/3539/3421 3388/3600/3421 3389/3603/3421
f 3379/3543/3422 3378/3540/3422 3441/3601/3422 3442/3604/3422
f 3353/3544/3423 3352/3541/3423 3415/3602/3423 3416/3605/3423
f 3327/3545/3424 3326/3542/3424 3389/3603/3424 3390/3606/3424
f 3380/3546/3425 3379/3543/3425 3442/3604/3425 3443/3607/3425
f 3354/3547/3426 3353/3544/3426 3416/3605/3426 3417/3608/3426
f 3328/3548/3427 3327/3545/3427 3390/3606/3427 3391/3609/3427
f 3381/3549/3428 3380/3546/3428 3443/3607/3428 3444/3610/3428
f 3355/3550/3429 3354/3547/3429 3417/3608/3429 3418/3611/3429
f 3329/3551/3430 3328/3548/3430 3391/3609/3430 3392/3612/3430
f 3382/3552/3431 3381/3549/3431 3444/3610/3431 3445/3613/3431
f 3356/3553/3432 3355/3550/3432 3418/3611/3432 3419/3614/3432
f 3330/3554/3433 3329/3551/3433 3392/3612/3433 3393/3615/3433
f 2752/3616/3434 3382/3552/3434 3445/3613/3434
f 3357/3556/3435 3356/3553/3435 3419/3614/3435 3420/3617/3435
f 3331/3557/3436 3330/3554/3436 3393/3615/3436 3394/3618/3436
f 3358/3558/3437 3357/3556/3437 3420/3617/3437 3421/3619/3437
f 3332/3559/3438 3331/3557/3438 3394/3618/3438 3395/3620/3438
f 3359/3560/3439 3358/3558/3439 3421/3619/3439 3422/3621/3439
f 3333/3561/3440 3332/3559/3440 3395/3620/3440 3396/3622/3440
f 3360/3562/3441 3359/3560/3441 3422/3621/3441 3423/3623/3441
f 3334/3563/3442 3333/3561/3442 3396/3622/3442 3397/3624/3442
f 3361/3564/3443 3360/3562/3443 3423/3623/3443 3424/3625/3443
f 3335/3565/3444 3334/3563/3444 3397/3624/3444 3398/3626/3444
f 3362/3566/3445 3361/3564/3445 3424/3625/3445 3425/3627/3445
f 3336/3567/3446 3335/3565/3446 3398/3626/3446 3399/3628/3446
f 3363/3568/3447 3362/3566/3447 3425/3627/3447 3426/3629/3447
f 3337/3569/3448 3336/3567/3448 3399/3628/3448 3400/3630/3448
f 3364/3570/3449 3363/3568/3449 3426/3629/3449 3427/3631/3449
f 3338/3571/3450 3337/3569/3450 3400/3630/3450 3401/3632/3450
f 3365/3507/3451 3364/3570/3451 3427/3631/3451 3428/3633/3451
f 3339/3509/3452 3338/3571/3452 3401/3632/3452 3402/3634/3452
f 3366/3508/3453 3365/3507/3453 3428/3633/3453 3429/3635/3453
f 3340/3510/3454 3339/3509/3454 3402/3634/3454 3403/3636/3454
f 3367/3511/3455 3366/3508/3455 3429/3635/3455 3430/3572/3455
f 3341/3512/3456 3340/3510/3456 3403/3636/3456 3404/3574/3456
f 3433/3578/3457 3432/3576/3457 3495/3637/3457 3496/3638/3457
f 3407/3579/3458 3406/3577/3458 3469/3639/3458 3470/3640/3458
f 3434/3580/3459 3433/3578/3459 3496/3638/3459 3497/3641/3459
f 3408/3581/3460 3407/3579/3460 3470/3640/3460 3471/3642/3460
f 3435/3582/3461 3434/3580/3461 3497/3641/3461 3498/3643/3461
f 3409/3583/3462 3408/3581/3462 3471/3642/3462 3472/3644/3462
f 3383/3585/3463 2058/3645/3463 3446/3646/3463
f 3436/3586/3464 3435/3582/3464 3498/3643/3464 3499/3647/3464
f 3410/3587/3465 3409/3583/3465 3472/3644/3465 3473/3648/3465
f 3384/3588/3466 3383/3585/3466 3446/3646/3466 3447/3649/3466
f 3437/3589/3467 3436/3586/3467 3499/3647/3467 3500/3650/3467
f 3411/3590/3468 3410/3587/3468 3473/3648/3468 3474/3651/3468
f 3385/3591/3469 3384/3588/3469 3447/3649/3469 3448/3652/3469
f 3438/3592/3470 3437/3589/3470 3500/3650/3470 3501/3653/3470
f 3412/3593/3471 3411/3590/3471 3474/3651/3471 3475/3654/3471
f 3386/3594/3472 3385/3591/3472 3448/3652/3472 3449/3655/3472
f 3439/3595/3473 3438/3592/3473 3501/3653/3473 3502/3656/3473
f 3413/3596/3474 3412/3593/3474 3475/3654/3474 3476/3657/3474
f 3387/3597/3475 3386/3594/3475 3449/3655/3475 3450/3658/3475
f 3440/3598/3476 3439/3595/3476 3502/3656/3476 3503/3659/3476
f 3414/3599/3477 3413/3596/3477 3476/3657/3477 3477/3660/3477
f 3388/3600/3478 3387/3597/3478 3450/3658/3478 3451/3661/3478
f 3441/3601/3479 3440/3598/3479 3503/3659/3479 3504/3662/3479
f 3415/3602/3480 3414/3599/3480 3477/3660/3480 3478/3663/3480
f 3389/3603/3481 3388/3600/3481 3451/3661/3481 3452/3664/3481
f 3442/3604/3482 3441/3601/3482 3504/3662/3482 3505/3665/3482
f 3416/3605/3483 3415/3602/3483 3478/3663/3483 3479/3666/3483
f 3390/3606/3484 3389/3603/3484 3452/3664/3484 3453/3667/3484
f 3443/3607/3485 3442/3604/3485 3505/3665/3485 3506/3668/3485
f 3417/3608/3486 3416/3605/3486 3479/3666/3486 3480/3669/3486
f 3391/3609/3487 3390/3606/3487 3453/3667/3487 3454/3670/3487
f 3444/3610/3488 3443/3607/3488 3506/3668/3488 3507/3671/3488
f 3418/3611/3489 3417/3608/3489 3480/3669/3489 3481/3672/3489
f 3392/3612/3490 3391/3609/3490 3454/3670/3490 3455/3673/3490
f 3445/3613/3491 3444/3610/3491 3507/3671/3491 3508/3674/3491
f 3419/3614/3492 3418/3611/3492 3481/3672/3492 3482/3675/3492
f 3393/3615/3493 3392/3612/3493 3455/3673/3493 3456/3676/3493
f 2752/3677/3494 3445/3613/3494 3508/3674/3494
f 3420/3617/3495 3419/3614/3495 3482/3675/3495 3483/3678/3495
f 3394/3618/3496 3393/3615/3496 3456/3676/3496 3457/3679/3496
f 3421/3619/3497 3420/3617/3497 3483/3678/3497 3484/3680/3497
f 3395/3620/3498 3394/3618/3498 3457/3679/3498 3458/3681/3498
f 3422/3621/3499 3421/3619/3499 3484/3680/3499 3485/3682/3499
f 3396/3622/3500 3395/3620/3500 3458/3681/3500 3459/3683/3500
f 3423/3623/3501 3422/3621/3501 3485/3682/3501 3486/3684/3501
f 3397/3624/3502 3396/3622/3502 3459/3683/3502 3460/3685/3502
f 3424/3625/3503 3423/3623/3503 3486/3684/3503 3487/3686/3503
f 3398/3626/3504 3397/3624/3504 3460/3685/3504 3461/3687/3504
f 3425/3627/3505 3424/3625/3505 3487/3686/3505 3488/3688/3505
f 3399/3628/3506 3398/3626/3506 3461/3687/3506 3462/3689/3506
f 3426/3629/3507 3425/3627/3507 3488/3688/3507 3489/3690/3507
f 3400/3630/3508 3399/3628/3508 3462/3689/3508 3463/3691/3508
f 3427/3631/3509 3426/3629/3509 3489/3690/3509 3490/3692/3509
f 3401/3632/3510 3400/3630/3510 3463/3691/3510 3464/3693/3510
f 3428/3633/3511 3427/3631/3511 3490/3692/3511 3491/3694/3511
f 3402/3634/3512 3401/3632/3512 3464/3693/3512 3465/3695/3512
f 3429/3635/3513 3428/3633/3513 3491/3694/3513 3492/3696/3513
f 3403/3636/3514 3402/3634/3514 3465/3695/3514 3466/3697/3514
f 3430/3572/3515 3429/3635/3515 3492/3696/3515 3493/3698/3515
f 3404/3574/3516 3403/3636/3516 3466/3697/3516 3467/3699/3516
f 3431/3573/3517 3430/3572/3517 3493/3698/3517 3494/3700/3517
f 3405/3575/3518 3404/3574/3518 3467/3699/3518 3468/3701/3518
f 3432/3576/3519 3431/3573/3519 3494/3700/3519 3495/3637/3519
f 3406/3577/3520 3405/3575/3520 3468/3701/3520 3469/3639/3520
f 3498/3643/3521 3497/3641/3521 3560/3702/3521 3561/3703/3521
f 3472/3644/3522 3471/3642/3522 3534/3704/3522 3535/3705/3522
f 3446/3646/3523 2058/3706/3523 3509/3707/3523
f 3499/3647/3524 3498/3643/3524 3561/3703/3524 3562/3708/3524
f 3473/3648/3525 3472/3644/3525 3535/3705/3525 3536/3709/3525
f 3447/3649/3526 3446/3646/3526 3509/3707/3526 3510/3710/3526
f 3500/3650/3527 3499/3647/3527 3562/3708/3527 3563/3711/3527
f 3474/3651/3528 3473/3648/3528 3536/3709/3528 3537/3712/3528
f 3448/3652/3529 3447/3649/3529 3510/3710/3529 3511/3713/3529
f 3501/3653/3530 3500/3650/3530 3563/3711/3530 3564/3714/3530
f 3475/3654/3531 3474/3651/3531 3537/3712/3531 3538/3715/3531
f 3449/3655/3532 3448/3652/3532 3511/3713/3532 3512/3716/3532
f 3502/3656/3533 3501/3653/3533 3564/3714/3533 3565/3717/3533
f 3476/3657/3534 3475/3654/3534 3538/3715/3534 3539/3718/3534
f 3450/3658/3535 3449/3655/3535 3512/3716/3535 3513/3719/3535
f 3503/3659/3536 3502/3656/3536 3565/3717/3536 3566/3720/3536
f 3477/3660/3537 3476/3657/3537 3539/3718/3537 3540/3721/3537
f 3451/3661/3538 3450/3658/3538 3513/3719/3538 3514/3722/3538
f 3504/3662/3539 3503/3659/3539 3566/3720/3539 3567/3723/3539
f 3478/3663/3540 3477/3660/3540 3540/3721/3540 3541/3724/3540
f 3452/3664/3541 3451/3661/3541 3514/3722/3541 3515/3725/3541
f 3505/3665/3542 3504/3662/3542 3567/3723/3542 3568/3726/3542
f 3479/3666/3543 3478/3663/3543 3541/3724/3543 3542/3727/3543
f 3453/3667/3544 3452/3664/3544 3515/3725/3544 3516/3728/3544
f 3506/3668/3545 3505/3665/3545 3568/3726/3545 3569/3729/3545
f 3480/3669/3546 3479/3666/3546 3542/3727/3546 3543/3730/3546
f 3454/3670/3547 3453/3667/3547 3516/3728/3547 3517/3731/3547
f 3507/3671/3548 3506/3668/3548 3569/3729/3548 3570/3732/3548
f 3481/3672/3549 3480/3669/3549 3543/3730/3549 3544/3733/3549
f 3455/3673/3550 3454/3670/3550 3517/3731/3550 3518/3734/3550
f 3508/3674/3551 3507/3671/3551 3570/3732/3551 3571/3735/3551
f 3482/3675/3552 3481/3672/3552 3544/3733/3552 3545/3736/3552
f 3456/3676/3553 3455/3673/3553 3518/3734/3553 3519/3737/3553
f 2752/3738/3554 3508/3674/3554 3571/3735/3554
f 3483/3678/3555 3482/3675/3555 3545/3736/3555 3546/3739/3555
f 3457/3679/3556 3456/3676/3556 3519/3737/3556 3520/3740/3556
f 3484/3680/3557 3483/3678/3557 3546/3739/3557 3547/3741/3557
f 3458/3681/3558 3457/3679/3558 3520/3740/3558 3521/3742/3558
f 3485/3682/3559 3484/3680/3559 3547/3741/3559 3548/3743/3559
f 3459/3683/3560 3458/3681/3560 3521/3742/3560 3522/3744/3560
f 3486/3684/3561 3485/3682/3561 3548/3743/3561 3549/3745/3561
f 3460/3685/3562 3459/3683/3562 3522/3744/3562 3523/3746/3562
f 3487/3686/3563 3486/3684/3563 3549/3745/3563 3550/3747/3563
f 3461/3687/3564 3460/3685/3564 3523/3746/3564 3524/3748/3564
f 3488/3688/3565 3487/3686/3565 3550/3747/3565 3551/3749/3565
f 3462/3689/3566 3461/3687/3566 3524/3748/3566 3525/3750/3566
f 3489/3690/3567 3488/3688/3567 3551/3749/3567 3552/3751/3567
f 3463/3691/3568 3462/3689/3568 3525/3750/3568 3526/3752/3568
f 3490/3692/3569 3489/3690/3569 3552/3751/3569 3553/3753/3569
f 3464/3693/3570 3463/3691/3570 3526/3752/3570 3527/3754/3570
f 3491/3694/3571 3490/3692/3571 3553/3753/3571 3554/3755/3571
f 3465/3695/3572 3464/3693/3572 3527/3754/3572 3528/3756/3572
f 3492/3696/3573 3491/3694/3573 3554/3755/3573 3555/3757/3573
f 3466/3697/3574 3465/3695/3574 3528/3756/3574 3529/3758/3574
f 3493/3698/3575 3492/3696/3575 3555/3757/3575 3556/3759/3575
f 3467/3699/3576 3466/3697/3576 3529/3758/3576 3530/3760/3576
f 3494/3700/3577 3493/3698/3577 3556/3759/3577 3557/3761/3577
f 3468/3701/3578 3467/3699/3578 3530/3760/3578 3531/3762/3578
f 3495/3637/3579 3494/3700/3579 3557/3761/3579 3558/3763/3579
f 3469/3639/3580 3468/3701/3580 3531/3762/3580 3532/3764/3580
f 3496/3638/3581 3495/3637/3581 3558/3763/3581 3559/3765/3581
f 3470/3640/3582 3469/3639/3582 3532/3764/3582 3533/3766/3582
f 3497/3641/3583 3496/3638/3583 3559/3765/3583 3560/3702/3583
f 3471/3642/3584 3470/3640/3584 3533/3766/3584 3534/3704/3584
f 3563/3711/3585 3562/3708/3585 3625/3767/3585 3626/3768/3585
f 3537/3712/3586 3536/3709/3586 3599/3769/3586 3600/3770/3586
f 3511/3713/3587 3510/3710/3587 3573/3771/3587 3574/3772/3587
f 3564/3714/3588 3563/3711/3588 3626/3768/3588 3627/3773/3588
f 3538/3715/3589 3537/3712/3589 3600/3770/3589 3601/3774/3589
f 3512/3716/3590 3511/3713/3590 3574/3772/3590 3575/3775/3590
f 3565/3717/3591 3564/3714/3591 3627/3773/3591 3628/3776/3591
f 3539/3718/3592 3538/3715/3592 3601/3774/3592 3602/3777/3592
f 3513/3719/3593 3512/3716/3593 3575/3775/3593 3576/3778/3593
f 3566/3720/3594 3565/3717/3594 3628/3776/3594 3629/3779/3594
f 3540/3721/3595 3539/3718/3595 3602/3777/3595 3603/3780/3595
f 3514/3722/3596 3513/3719/3596 3576/3778/3596 3577/3781/3596
f 3567/3723/3597 3566/3720/3597 3629/3779/3597 3630/3782/3597
f 3541/3724/3598 3540/3721/3598 3603/3780/3598 3604/3783/3598
f 3515/3725/3599 3514/3722/3599 3577/3781/3599 3578/3784/3599
f 3568/3726/3600 3567/3723/3600 3630/3782/3600 3631/3785/3600
f 3542/3727/3601 3541/3724/3601 3604/3783/3601 3605/3786/3601
f 3516/3728/3602 3515/3725/3602 3578/3784/3602 3579/3787/3602
f 3569/3729/3603 3568/3726/3603 3631/3785/3603 3632/3788/3603
f 3543/3730/3604 3542/3727/3604 3605/3786/3604 3606/3789/3604
f 3517/3731/3605 3516/3728/3605 3579/3787/3605 3580/3790/3605
f 3570/3732/3606 3569/3729/3606 3632/3788/3606 3633/3791/3606
f 3544/3733/3607 3543/3730/3607 3606/3789/3607 3607/3792/3607
f 3518/3734/3608 3517/3731/3608 3580/3790/3608 3581/3793/3608
f 3571/3735/3609 3570/3732/3609 3633/3791/3609 3634/3794/3609
f 3545/3736/3610 3544/3733/3610 3607/3792/3610 3608/3795/3610
f 3519/3737/3611 3518/3734/3611 3581/3793/3611 3582/3796/3611
f 2752/3797/3612 3571/3735/3612 3634/3794/3612
f 3546/3739/3613 3545/3736/3613 3608/3795/3613 3609/3798/3613
f 3520/3740/3614 3519/3737/3614 3582/3796/3614 3583/3799/3614
f 3547/3741/3615 3546/3739/3615 3609/3798/3615 3610/3800/3615
f 3521/3742/3616 3520/3740/3616 3583/3799/3616 3584/3801/3616
f 3548/3743/3617 3547/3741/3617 3610/3800/3617 3611/3802/3617
f 3522/3744/3618 3521/3742/3618 3584/3801/3618 3585/3803/3618
f 3549/3745/3619 3548/3743/3619 3611/3802/3619 3612/3804/3619
f 3523/3746/3620 3522/3744/3620 3585/3803/3620 3586/3805/3620
f 3550/3747/3621 3549/3745/3621 3612/3804/3621 3613/3806/3621
f 3524/3748/3622 3523/3746/3622 3586/3805/3622 3587/3807/3622
f 3551/3749/3623 3550/3747/3623 3613/3806/3623 3614/3808/3623
f 3525/3750/3624 3524/3748/3624 3587/3807/3624 3588/3809/3624
f 3552/3751/3625 3551/3749/3625 3614/3808/3625 3615/3810/3625
f 3526/3752/3626 3525/3750/3626 3588/3809/3626 3589/3811/3626
f 3553/3753/3627 3552/3751/3627 3615/3810/3627 3616/3812/3627
f 3527/3754/3628 3526/3752/3628 3589/3811/3628 3590/3813/3628
f 3554/3755/3629 3553/3753/3629 3616/3812/3629 3617/3814/3629
f 3528/3756/3630 3527/3754/3630 3590/3813/3630 3591/3815/3630
f 3555/3757/3631 3554/3755/3631 3617/3814/3631 3618/3816/3631
f 3529/3758/3632 3528/3756/3632 3591/3815/3632 3592/3817/3632
f 3556/3759/3633 3555/3757/3633 3618/3816/3633 3619/3818/3633
f 3530/3760/3634 3529/3758/3634 3592/3817/3634 3593/3819/3634
f 3557/3761/3635 3556/3759/3635 3619/3818/3635 3620/3820/3635
f 3531/3762/3636 3530/3760/3636 3593/3819/3636 3594/3821/3636
f 3558/3763/3637 3557/3761/3637 3620/3820/3637 3621/3822/3637
f 3532/3764/3638 3531/3762/3638 3594/3821/3638 3595/3823/3638
f 3559/3765/3639 3558/3763/3639 3621/3822/3639 3622/3824/3639
f 3533/3766/3640 3532/3764/3640 3595/3823/3640 3596/3825/3640
f 3560/3702/3641 3559/3765/3641 3622/3824/3641 3623/3826/3641
f 3534/3704/3642 3533/3766/3642 3596/3825/3642 3597/3827/3642
f 3561/3703/3643 3560/3702/3643 3623/3826/3643 3624/3828/3643
f 3535/3705/3644 3534/3704/3644 3597/3827/3644 3598/3829/3644
f 3509/3707/3645 2058/3830/3645 3572/3831/3645
f 3562/3708/3646 3561/3703/3646 3624/3828/3646 3625/3767/3646
f 3536/3709/3647 3535/3705/3647 3598/3829/3647 3599/3769/3647
f 3510/3710/3648 3509/3707/3648 3572/3831/3648 3573/3771/3648
f 3628/3776/3649 3627/3773/3649 3690/3832/3649 3691/3833/3649
f 3602/3777/3650 3601/3774/3650 3664/3834/3650 3665/3835/3650
f 3576/3778/3651 3575/3775/3651 3638/3836/3651 3639/3837/3651
f 3629/3779/3652 3628/3776/3652 3691/3833/3652 3692/3838/3652
f 3603/3780/3653 3602/3777/3653 3665/3835/3653 3666/3839/3653
f 3577/3781/3654 3576/3778/3654 3639/3837/3654 3640/3840/3654
f 3630/3782/3655 3629/3779/3655 3692/3838/3655 3693/3841/3655
f 3604/3783/3656 3603/3780/3656 3666/3839/3656 3667/3842/3656
f 3578/3784/3657 3577/3781/3657 3640/3840/3657 3641/3843/3657
f 3631/3785/3658 3630/3782/3658 3693/3841/3658 3694/3844/3658
f 3605/3786/3659 3604/3783/3659 3667/3842/3659 3668/3845/3659
f 3579/3787/3660 3578/3784/3660 3641/3843/3660 3642/3846/3660
f 3632/3788/3661 3631/3785/3661 3694/3844/3661 3695/3847/3661
f 3606/3789/3662 3605/3786/3662 3668/3845/3662 3669/3848/3662
f 3580/3790/3663 3579/3787/3663 3642/3846/3663 3643/3849/3663
f 3633/3791/3664 3632/3788/3664 3695/3847/3664 3696/3850/3664
f 3607/3792/3665 3606/3789/3665 3669/3848/3665 3670/3851/3665
f 3581/3793/3666 3580/3790/3666 3643/3849/3666 3644/3852/3666
f 3634/3794/3667 3633/3791/3667 3696/3850/3667 3697/3853/3667
f 3608/3795/3668 3607/3792/3668 3670/3851/3668 3671/3854/3668
f 3582/3796/3669 3581/3793/3669 3644/3852/3669 3645/3855/3669
f 2752/3856/3670 3634/3794/3670 3697/3853/3670
f 3609/3798/3671 3608/3795/3671 3671/3854/3671 3672/3857/3671
f 3583/3799/3672 3582/3796/3672 3645/3855/3672 3646/3858/3672
f 3610/3800/3673 3609/3798/3673 3672/3857/3673 3673/3859/3673
f 3584/3801/3674 3583/3799/3674 3646/3858/3674 3647/3860/3674
f 3611/3802/3675 3610/3800/3675 3673/3859/3675 3674/3861/3675
f 3585/3803/3676 3584/3801/3676 3647/3860/3676 3648/3862/3676
f 3612/3804/3677 3611/3802/3677 3674/3861/3677 3675/3863/3677
f 3586/3805/3678 3585/3803/3678 3648/3862/3678 3649/3864/3678
f 3613/3806/3679 3612/3804/3679 3675/3863/3679 3676/3865/3679
f 3587/3807/3680 3586/3805/3680 3649/3864/3680 3650/3866/3680
f 3614/3808/3681 3613/3806/3681 3676/3865/3681 3677/3867/3681
f 3588/3809/3682 3587/3807/3682 3650/3866/3682 3651/3868/3682
f 3615/3810/3683 3614/3808/3683 3677/3867/3683 3678/3869/3683
f 3589/3811/3684 3588/3809/3684 3651/3868/3684 3652/3870/3684
f 3616/3812/3685 3615/3810/3685 3678/3869/3685 3679/3871/3685
f 3590/3813/3686 3589/3811/3686 3652/3870/3686 3653/3872/3686
f 3617/3814/3687 3616/3812/3687 3679/3871/3687 3680/3873/3687
f 3591/3815/3688 3590/3813/3688 3653/3872/3688 3654/3874/3688
f 3618/3816/3689 3617/3814/3689 3680/3873/3689 3681/3875/3689
f 3592/3817/3690 3591/3815/3690 3654/3874/3690 3655/3876/3690
f 3619/3818/3691 3618/3816/3691 3681/3875/3691 3682/3877/3691
f 3593/3819/3692 3592/3817/3692 3655/3876/3692 3656/3878/3692
f 3620/3820/3693 3619/3818/3693 3682/3877/3693 3683/3879/3693
f 3594/3821/3694 3593/3819/3694 3656/3878/3694 3657/3880/3694
f 3621/3822/3695 3620/3820/3695 3683/3879/3695 3684/3881/3695
f 3595/3823/3696 3594/3821/3696 3657/3880/3696 3658/3882/3696
f 3622/3824/3697 3621/3822/3697 3684/3881/3697 3685/3883/3697
f 3596/3825/3698 3595/3823/3698 3658/3882/3698 3659/3884/3698
f 3623/3826/3699 3622/3824/3699 3685/3883/3699 3686/3885/3699
f 3597/3827/3700 3596/3825/3700 3659/3884/3700 3660/3886/3700
f 3624/3828/3701 3623/3826/3701 3686/3885/3701 3687/3887/3701
f 3598/3829/3702 3597/3827/3702 3660/3886/3702 3661/3888/3702
f 3572/3831/3703 2058/3889/3703 3635/3890/3703
f 3625/3767/3704 3624/3828/3704 3687/3887/3704 3688/3891/3704
f 3599/3769/3705 3598/3829/3705 3661/3888/3705 3662/3892/3705
f 3573/3771/3706 3572/3831/3706 3635/3890/3706 3636/3893/3706
f 3626/3768/3707 3625/3767/3707 3688/3891/3707 3689/3894/3707
f 3600/3770/3708 3599/3769/3708 3662/3892/3708 3663/3895/3708
f 3574/3772/3709 3573/3771/3709 3636/3893/3709 3637/3896/3709
f 3627/3773/3710 3626/3768/3710 3689/3894/3710 3690/3832/3710
f 3601/3774/3711 3600/3770/3711 3663/3895/3711 3664/3834/3711
f 3575/3775/3712 3574/3772/3712 3637/3896/3712 3638/3836/3712
f 3693/3841/3713 3692/3838/3713 3755/3897/3713 3756/3898/3713
f 3667/3842/3714 3666/3839/3714 3729/3899/3714 3730/3900/3714
f 3641/3843/3715 3640/3840/3715 3703/3901/3715 3704/3902/3715
f 3694/3844/3716 3693/3841/3716 3756/3898/3716 3757/3903/3716
f 3668/3845/3717 3667/3842/3717 3730/3900/3717 3731/3904/3717
f 3642/3846/3718 3641/3843/3718 3704/3902/3718 3705/3905/3718
f 3695/3847/3719 3694/3844/3719 3757/3903/3719 3758/3906/3719
f 3669/3848/3720 3668/3845/3720 3731/3904/3720 3732/3907/3720
f 3643/3849/3721 3642/3846/3721 3705/3905/3721 3706/3908/3721
f 3696/3850/3722 3695/3847/3722 3758/3906/3722 3759/3909/3722
f 3670/3851/3723 3669/3848/3723 3732/3907/3723 3733/3910/3723
f 3644/3852/3724 3643/3849/3724 3706/3908/3724 3707/3911/3724
f 3697/3853/3725 3696/3850/3725 3759/3909/3725 3760/3912/3725
f 3671/3854/3726 3670/3851/3726 3733/3910/3726 3734/3913/3726
f 3645/3855/3727 3644/3852/3727 3707/3911/3727 3708/3914/3727
f 2752/3915/3728 3697/3853/3728 3760/3912/3728
f 3672/3857/3729 3671/3854/3729 3734/3913/3729 3735/3916/3729
f 3646/3858/3730 3645/3855/3730 3708/3914/3730 3709/3917/3730
f 3673/3859/3731 3672/3857/3731 3735/3916/3731 3736/3918/3731
f 3647/3860/3732 3646/3858/3732 3709/3917/3732 3710/3919/3732
f 3674/3861/3733 3673/3859/3733 3736/3918/3733 3737/3920/3733
f 3648/3862/3734 3647/3860/3734 3710/3919/3734 3711/3921/3734
f 3675/3863/3735 3674/3861/3735 3737/3920/3735 3738/3922/3735
f 3649/3864/3736 3648/3862/3736 3711/3921/3736 3712/3923/3736
f 3676/3865/3737 3675/3863/3737 3738/3922/3737 3739/3924/3737
f 3650/3866/3738 3649/3864/3738 3712/3923/3738 3713/3925/3738
f 3677/3867/3739 3676/3865/3739 3739/3924/3739 3740/3926/3739
f 3651/3868/3740 3650/3866/3740 3713/3925/3740 3714/3927/3740
f 3678/3869/3741 3677/3867/3741 3740/3926/3741 3741/3928/3741
f 3652/3870/3742 3651/3868/3742 3714/3927/3742 3715/3929/3742
f 3679/3871/3743 3678/3869/3743 3741/3928/3743 3742/3930/3743
f 3653/3872/3744 3652/3870/3744 3715/3929/3744 3716/3931/3744
f 3680/3873/3745 3679/3871/3745 3742/3930/3745 3743/3932/3745
f 3654/3874/3746 3653/3872/3746 3716/3931/3746 3717/3933/3746
f 3681/3875/3747 3680/3873/3747 3743/3932/3747 3744/3934/3747
f 3655/3876/3748 3654/3874/3748 3717/3933/3748 3718/3935/3748
f 3682/3877/3749 3681/3875/3749 3744/3934/3749 3745/3936/3749
f 3656/3878/3750 3655/3876/3750 3718/3935/3750 3719/3937/3750
f 3683/3879/3751 3682/3877/3751 3745/3936/3751 3746/3938/3751
f 3657/3880/3752 3656/3878/3752 3719/3937/3752 3720/3939/3752
f 3684/3881/3753 3683/3879/3753 3746/3938/3753 3747/3940/3753
f 3658/3882/3754 3657/3880/3754 3720/3939/3754 3721/3941/3754
f 3685/3883/3755 3684/3881/3755 3747/3940/3755 3748/3942/3755
f 3659/3884/3756 3658/3882/3756 3721/3941/3756 3722/3943/3756
f 3686/3885/3757 3685/3883/3757 3748/3942/3757 3749/3944/3757
f 3660/3886/3758 3659/3884/3758 3722/3943/3758 3723/3945/3758
f 3687/3887/3759 3686/3885/3759 3749/3944/3759 3750/3946/3759
f 3661/3888/3760 3660/3886/3760 3723/3945/3760 3724/3947/3760
f 3635/3890/3761 2058/3948/3761 3698/3949/3761
f 3688/3891/3762 3687/3887/3762 3750/3946/3762 3751/3950/3762
f 3662/3892/3763 3661/3888/3763 3724/3947/3763 3725/3951/3763
f 3636/3893/3764 3635/3890/3764 3698/3949/3764 3699/3952/3764
f 3689/3894/3765 3688/3891/3765 3751/3950/3765 3752/3953/3765
f 3663/3895/3766 3662/3892/3766 3725/3951/3766 3726/3954/3766
f 3637/3896/3767 3636/3893/3767 3699/3952/3767 3700/3955/3767
f 3690/3832/3768 3689/3894/3768 3752/3953/3768 3753/3956/3768
f 3664/3834/3769 3663/3895/3769 3726/3954/3769 3727/3957/3769
f 3638/3836/3770 3637/3896/3770 3700/3955/3770 3701/3958/3770
f 3691/3833/3771 3690/3832/3771 3753/3956/3771 3754/3959/3771
f 3665/3835/3772 3664/3834/3772 3727/3957/3772 3728/3960/3772
f 3639/3837/3773 3638/3836/3773 3701/3958/3773 3702/3961/3773
f 3692/3838/3774 3691/3833/3774 3754/3959/3774 3755/3897/3774
f 3666/3839/3775 3665/3835/3775 3728/3960/3775 3729/3899/3775
f 3640/3840/3776 3639/3837/3776 3702/3961/3776 3703/3901/3776
f 3758/3906/3777 3757/3903/3777 3820/3962/3777 3821/3963/3777
f 3732/3907/3778 3731/3904/3778 3794/3964/3778 3795/3965/3778
f 3706/3908/3779 3705/3905/3779 3768/3966/3779 3769/3967/3779
f 3759/3909/3780 3758/3906/3780 3821/3963/3780 3822/3968/3780
f 3733/3910/3781 3732/3907/3781 3795/3965/3781 3796/3969/3781
f 3707/3911/3782 3706/3908/3782 3769/3967/3782 3770/3970/3782
f 3760/3912/3783 3759/3909/3783 3822/3968/3783 3823/3971/3783
f 3734/3913/3784 3733/3910/3784 3796/3969/3784 3797/3972/3784
f 3708/3914/3785 3707/3911/3785 3770/3970/3785 3771/3973/3785
f 2752/3974/3786 3760/3912/3786 3823/3971/3786
f 3735/3916/3787 3734/3913/3787 3797/3972/3787 3798/3975/3787
f 3709/3917/3788 3708/3914/3788 3771/3973/3788 3772/3976/3788
f 3736/3918/3789 3735/3916/3789 3798/3975/3789 3799/3977/3789
f 3710/3919/3790 3709/3917/3790 3772/3976/3790 3773/3978/3790
f 3737/3920/3791 3736/3918/3791 3799/3977/3791 3800/3979/3791
f 3711/3921/3792 3710/3919/3792 3773/3978/3792 3774/3980/3792
f 3738/3922/3793 3737/3920/3793 3800/3979/3793 3801/3981/3793
f 3712/3923/3794 3711/3921/3794 3774/3980/3794 3775/3982/3794
f 3739/3924/3795 3738/3922/3795 3801/3981/3795 3802/3983/3795
f 3713/3925/3796 3712/3923/3796 3775/3982/3796 3776/3984/3796
f 3740/3926/3797 3739/3924/3797 3802/3983/3797 3803/3985/3797
f 3714/3927/3798 3713/3925/3798 3776/3984/3798 3777/3986/3798
f 3741/3928/3799 3740/3926/3799 3803/3985/3799 3804/3987/3799
f 3715/3929/3800 3714/3927/3800 3777/3986/3800 3778/3988/3800
f 3742/3930/3801 3741/3928/3801 3804/3987/3801 3805/3989/3801
f 3716/3931/3802 3715/3929/3802 3778/3988/3802 3779/3990/3802
f 3743/3932/3803 3742/3930/3803 3805/3989/3803 3806/3991/3803
f 3717/3933/3804 3716/3931/3804 3779/3990/3804 3780/3992/3804
f 3744/3934/3805 3743/3932/3805 3806/3991/3805 3807/3993/3805
f 3718/3935/3806 3717/3933/3806 3780/3992/3806 3781/3994/3806
f 3745/3936/3807 3744/3934/3807 3807/3993/3807 3808/3995/3807
f 3719/3937/3808 3718/3935/3808 3781/3994/3808 3782/3996/3808
f 3746/3938/3809 3745/3936/3809 3808/3995/3809 3809/3997/3809
f 3720/3939/3810 3719/3937/3810 3782/3996/3810 3783/3998/3810
f 3747/3940/3811 3746/3938/3811 3809/3997/3811 3810/3999/3811
f 3721/3941/3812 3720/3939/3812 3783/3998/3812 3784/4000/3812
f 3748/3942/3813 3747/3940/3813 3810/3999/3813 3811/4001/3813
f 3722/3943/3814 3721/3941/3814 3784/4000/3814 3785/4002/3814
f 3749/3944/3815 3748/3942/3815 3811/4001/3815 3812/4003/3815
f 3723/3945/3816 3722/3943/3816 3785/4002/3816 3786/4004/3816
f 3750/3946/3817 3749/3944/3817 3812/4003/3817 3813/4005/3817
f 3724/3947/3818 3723/3945/3818 3786/4004/3818 3787/4006/3818
f 3698/3949/3819 2058/4007/3819 3761/4008/3819
f 3751/3950/3820 3750/3946/3820 3813/4005/3820 3814/4009/3820
f 3725/3951/3821 3724/3947/3821 3787/4006/3821 3788/4010/3821
f 3699/3952/3822 3698/3949/3822 3761/4008/3822 3762/4011/3822
f 3752/3953/3823 3751/3950/3823 3814/4009/3823 3815/4012/3823
f 3726/3954/3824 3725/3951/3824 3788/4010/3824 3789/4013/3824
f 3700/3955/3825 3699/3952/3825 3762/4011/3825 3763/4014/3825
f 3753/3956/3826 3752/3953/3826 3815/4012/3826 3816/4015/3826
f 3727/3957/3827 3726/3954/3827 3789/4013/3827 3790/4016/3827
f 3701/3958/3828 3700/3955/3828 3763/4014/3828 3764/4017/3828
f 3754/3959/3829 3753/3956/3829 3816/4015/3829 3817/4018/3829
f 3728/3960/3830 3727/3957/3830 3790/4016/3830 3791/4019/3830
f 3702/3961/3831 3701/3958/3831 3764/4017/3831 3765/4020/3831
f 3755/3897/3832 3754/3959/3832 3817/4018/3832 3818/4021/3832
f 3729/3899/3833 3728/3960/3833 3791/4019/3833 3792/4022/3833
f 3703/3901/3834 3702/3961/3834 3765/4020/3834 3766/4023/3834
f 3756/3898/3835 3755/3897/3835 3818/4021/3835 3819/4024/3835
f 3730/3900/3836 3729/3899/3836 3792/4022/3836 3793/4025/3836
f 3704/3902/3837 3703/3901/3837 3766/4023/3837 3767/4026/3837
f 3757/3903/3838 3756/3898/3838 3819/4024/3838 3820/3962/3838
f 3731/3904/3839 3730/3900/3839 3793/4025/3839 3794/3964/3839
f 3705/3905/3840 3704/3902/3840 3767/4026/3840 3768/3966/3840
f 3823/3971/3841 3822/3968/3841 3885/4027/3841 3886/4028/3841
f 3797/3972/3842 3796/3969/3842 3859/4029/3842 3860/4030/3842
f 3771/3973/3843 3770/3970/3843 3833/4031/3843 3834/4032/3843
f 2752/4033/3844 3823/3971/3844 3886/4028/3844
f 3798/3975/3845 3797/3972/3845 3860/4030/3845 3861/4034/3845
f 3772/3976/3846 3771/3973/3846 3834/4032/3846 3835/4035/3846
f 3799/3977/3847 3798/3975/3847 3861/4034/3847 3862/4036/3847
f 3773/3978/3848 3772/3976/3848 3835/4035/3848 3836/4037/3848
f 3800/3979/3849 3799/3977/3849 3862/4036/3849 3863/4038/3849
f 3774/3980/3850 3773/3978/3850 3836/4037/3850 3837/4039/3850
f 3801/3981/3851 3800/3979/3851 3863/4038/3851 3864/4040/3851
f 3775/3982/3852 3774/3980/3852 3837/4039/3852 3838/4041/3852
f 3802/3983/3853 3801/3981/3853 3864/4040/3853 3865/4042/3853
f 3776/3984/3854 3775/3982/3854 3838/4041/3854 3839/4043/3854
f 3803/3985/3855 3802/3983/3855 3865/4042/3855 3866/4044/3855
f 3777/3986/3856 3776/3984/3856 3839/4043/3856 3840/4045/3856
f 3804/3987/3857 3803/3985/3857 3866/4044/3857 3867/4046/3857
f 3778/3988/3858 3777/3986/3858 3840/4045/3858 3841/4047/3858
f 3805/3989/3859 3804/3987/3859 3867/4046/3859 3868/4048/3859
f 3779/3990/3860 3778/3988/3860 3841/4047/3860 3842/4049/3860
f 3806/3991/3861 3805/3989/3861 3868/4048/3861 3869/4050/3861
f 3780/3992/3862 3779/3990/3862 3842/4049/3862 3843/4051/3862
f 3807/3993/3863 3806/3991/3863 3869/4050/3863 3870/4052/3863
f 3781/3994/3864 3780/3992/3864 3843/4051/3864 3844/4053/3864
f 3808/3995/3865 3807/3993/3865 3870/4052/3865 3871/4054/3865
f 3782/3996/3866 3781/3994/3866 3844/4053/3866 3845/4055/3866
f 3809/3997/3867 3808/3995/3867 3871/4054/3867 3872/4056/3867
f 3783/3998/3868 3782/3996/3868 3845/4055/3868 3846/4057/3868
f 3810/3999/3869 3809/3997/3869 3872/4056/3869 3873/4058/3869
f 3784/4000/3870 3783/3998/3870 3846/4057/3870 3847/4059/3870
f 3811/4001/3871 3810/3999/3871 3873/4058/3871 3874/4060/3871
f 3785/4002/3872 3784/4000/3872 3847/4059/3872 3848/4061/3872
f 3812/4003/3873 3811/4001/3873 3874/4060/3873 3875/4062/3873
f 3786/4004/3874 3785/4002/3874 3848/4061/3874 3849/4063/3874
f 3813/4005/3875 3812/4003/3875 3875/4062/3875 3876/4064/3875
f 3787/4006/3876 3786/4004/3876 3849/4063/3876 3850/4065/3876
f 3761/4008/3877 2058/4066/3877 3824/4067/3877
f 3814/4009/3878 3813/4005/3878 3876/4064/3878 3877/4068/3878
f 3788/4010/3879 3787/4006/3879 3850/4065/3879 3851/4069/3879
f 3762/4011/3880 3761/4008/3880 3824/4067/3880 3825/4070/3880
f 3815/4012/3881 3814/4009/3881 3877/4068/3881 3878/4071/3881
f 3789/4013/3882 3788/4010/3882 3851/4069/3882 3852/4072/3882
f 3763/4014/3883 3762/4011/3883 3825/4070/3883 3826/4073/3883
f 3816/4015/3884 3815/4012/3884 3878/4071/3884 3879/4074/3884
f 3790/4016/3885 3789/4013/3885 3852/4072/3885 3853/4075/3885
f 3764/4017/3886 3763/4014/3886 3826/4073/3886 3827/4076/3886
f 3817/4018/3887 3816/4015/3887 3879/4074/3887 3880/4077/3887
f 3791/4019/3888 3790/4016/3888 3853/4075/3888 3854/4078/3888
f 3765/4020/3889 3764/4017/3889 3827/4076/3889 3828/4079/3889
f 3818/4021/3890 3817/4018/3890 3880/4077/3890 3881/4080/3890
f 3792/4022/3891 3791/4019/3891 3854/4078/3891 3855/4081/3891
f 3766/4023/3892 3765/4020/3892 3828/4079/3892 3829/4082/3892
f 3819/4024/3893 3818/4021/3893 3881/4080/3893 3882/4083/3893
f 3793/4025/3894 3792/4022/3894 3855/4081/3894 3856/4084/3894
f 3767/4026/3895 3766/4023/3895 3829/4082/3895 3830/4085/3895
f 3820/3962/3896 3819/4024/3896 3882/4083/3896 3883/4086/3896
f 3794/3964/3897 3793/4025/3897 3856/4084/3897 3857/4087/3897
f 3768/3966/3898 3767/4026/3898 3830/4085/3898 3831/4088/3898
f 3821/3963/3899 3820/3962/3899 3883/4086/3899 3884/4089/3899
f 3795/3965/3900 3794/3964/3900 3857/4087/3900 3858/4090/3900
f 3769/3967/3901 3768/3966/3901 3831/4088/3901 3832/4091/3901
f 3822/3968/3902 3821/3963/3902 3884/4089/3902 3885/4027/3902
f 3796/3969/3903 3795/3965/3903 3858/4090/3903 3859/4029/3903
f 3770/3970/3904 3769/3967/3904 3832/4091/3904 3833/4031/3904
f 3862/4036/3905 3861/4034/3905 3924/4092/3905 3925/4093/3905
f 3836/4037/3906 3835/4035/3906 3898/4094/3906 3899/4095/3906
f 3863/4038/3907 3862/4036/3907 3925/4093/3907 3926/4096/3907
f 3837/4039/3908 3836/4037/3908 3899/4095/3908 3900/4097/3908
f 3864/4040/3909 3863/4038/3909 3926/4096/3909 3927/4098/3909
f 3838/4041/3910 3837/4039/3910 3900/4097/3910 3901/4099/3910
f 3865/4042/3911 3864/4040/3911 3927/4098/3911 3928/4100/3911
f 3839/4043/3912 3838/4041/3912 3901/4099/3912 3902/4101/3912
f 3866/4044/3913 3865/4042/3913 3928/4100/3913 3929/4102/3913
f 3840/4045/3914 3839/4043/3914 3902/4101/3914 3903/4103/3914
f 3867/4046/3915 3866/4044/3915 3929/4102/3915 3930/4104/3915
f 3841/4047/3916 3840/4045/3916 3903/4103/3916 3904/4105/3916
f 3868/4048/3917 3867/4046/3917 3930/4104/3917 3931/4106/3917
f 3842/4049/3918 3841/4047/3918 3904/4105/3918 3905/4107/3918
f 3869/4050/3919 3868/4048/3919 3931/4106/3919 3932/4108/3919
f 3843/4051/3920 3842/4049/3920 3905/4107/3920 3906/4109/3920
f 3870/4052/3921 3869/4050/3921 3932/4108/3921 3933/4110/3921
f 3844/4053/3922 3843/4051/3922 3906/4109/3922 3907/4111/3922
f 3871/4054/3923 3870/4052/3923 3933/4110/3923 3934/4112/3923
f 3845/4055/3924 3844/4053/3924 3907/4111/3924 3908/4113/3924
f 3872/4056/3925 3871/4054/3925 3934/4112/3925 3935/4114/3925
f 3846/4057/3926 3845/4055/3926 3908/4113/3926 3909/4115/3926
f 3873/4058/3927 3872/4056/3927 3935/4114/3927 3936/4116/3927
f 3847/4059/3928 3846/4057/3928 3909/4115/3928 3910/4117/3928
f 3874/4060/3929 3873/4058/3929 3936/4116/3929 3937/4118/3929
f 3848/4061/3930 3847/4059/3930 3910/4117/3930 3911/4119/3930
f 3875/4062/3931 3874/4060/3931 3937/4118/3931 3938/4120/3931
f 3849/4063/3932 3848/4061/3932 3911/4119/3932 3912/4121/3932
f 3876/4064/3933 3875/4062/3933 3938/4120/3933 3939/4122/3933
f 3850/4065/3934 3849/4063/3934 3912/4121/3934 3913/4123/3934
f 3824/4067/3935 2058/4124/3935 3887/4125/3935
f 3877/4068/3936 3876/4064/3936 3939/4122/3936 3940/4126/3936
f 3851/4069/3937 3850/4065/3937 3913/4123/3937 3914/4127/3937
f 3825/4070/3938 3824/4067/3938 3887/4125/3938 3888/4128/3938
f 3878/4071/3939 3877/4068/3939 3940/4126/3939 3941/4129/3939
f 3852/4072/3940 3851/4069/3940 3914/4127/3940 3915/4130/3940
f 3826/4073/3941 3825/4070/3941 3888/4128/3941 3889/4131/3941
f 3879/4074/3942 3878/4071/3942 3941/4129/3942 3942/4132/3942
f 3853/4075/3943 3852/4072/3943 3915/4130/3943 3916/4133/3943
f 3827/4076/3944 3826/4073/3944 3889/4131/3944 3890/4134/3944
f 3880/4077/3945 3879/4074/3945 3942/4132/3945 3943/4135/3945
f 3854/4078/3946 3853/4075/3946 3916/4133/3946 3917/4136/3946
f 3828/4079/3947 3827/4076/3947 3890/4134/3947 3891/4137/3947
f 3881/4080/3948 3880/4077/3948 3943/4135/3948 3944/4138/3948
f 3855/4081/3949 3854/4078/3949 3917/4136/3949 3918/4139/3949
f 3829/4082/3950 3828/4079/3950 3891/4137/3950 3892/4140/3950
f 3882/4083/3951 3881/4080/3951 3944/4138/3951 3945/4141/3951
f 3856/4084/3952 3855/4081/3952 3918/4139/3952 3919/4142/3952
f 3830/4085/3953 3829/4082/3953 3892/4140/3953 3893/4143/3953
f 3883/4086/3954 3882/4083/3954 3945/4141/3954 3946/4144/3954
f 3857/4087/3955 3856/4084/3955 3919/4142/3955 3920/4145/3955
f 3831/4088/3956 3830/4085/3956 3893/4143/3956 3894/4146/3956
f 3884/4089/3957 3883/4086/3957 3946/4144/3957 3947/4147/3957
f 3858/4090/3958 3857/4087/3958 3920/4145/3958 3921/4148/3958
f 3832/4091/3959 3831/4088/3959 3894/4146/3959 3895/4149/3959
f 3885/4027/3960 3884/4089/3960 3947/4147/3960 3948/4150/3960
f 3859/4029/3961 3858/4090/3961 3921/4148/3961 3922/4151/3961
f 3833/4031/3962 3832/4091/3962 3895/4149/3962 3896/4152/3962
f 3886/4028/3963 3885/4027/3963 3948/4150/3963 3949/4153/3963
f 3860/4030/3964 3859/4029/3964 3922/4151/3964 3923/4154/3964
f 3834/4032/3965 3833/4031/3965 3896/4152/3965 3897/4155/3965
f 2752/4156/3966 3886/4028/3966 3949/4153/3966
f 3861/4034/3967 3860/4030/3967 3923/4154/3967 3924/4092/3967
f 3835/4035/3968 3834/4032/3968 3897/4155/3968 3898/4094/3968
f 3927/4098/3969 3926/4096/3969 3989/4157/3969 3990/4158/3969
f 3901/4099/3970 3900/4097/3970 3963/4159/3970 3964/4160/3970
f 3928/4100/3971 3927/4098/3971 3990/4158/3971 3991/4161/3971
f 3902/4101/3972 3901/4099/3972 3964/4160/3972 3965/4162/3972
f 3929/4102/3973 3928/4100/3973 3991/4161/3973 3992/4163/3973
f 3903/4103/3974 3902/4101/3974 3965/4162/3974 3966/4164/3974
f 3930/4104/3975 3929/4102/3975 3992/4163/3975 3993/4165/3975
f 3904/4105/3976 3903/4103/3976 3966/4164/3976 3967/4166/3976
f 3931/4106/3977 3930/4104/3977 3993/4165/3977 3994/4167/3977
f 3905/4107/3978 3904/4105/3978 3967/4166/3978 3968/4168/3978
f 3932/4108/3979 3931/4106/3979 3994/4167/3979 3995/4169/3979
f 3906/4109/3980 3905/4107/3980 3968/4168/3980 3969/4170/3980
f 3933/4110/3981 3932/4108/3981 3995/4169/3981 3996/4171/3981
f 3907/4111/3982 3906/4109/3982 3969/4170/3982 3970/4172/3982
f 3934/4112/3983 3933/4110/3983 3996/4171/3983 3997/4173/3983
f 3908/4113/3984 3907/4111/3984 3970/4172/3984 3971/4174/3984
f 3935/4114/3985 3934/4112/3985 3997/4173/3985 3998/4175/3985
f 3909/4115/3986 3908/4113/3986 3971/4174/3986 3972/4176/3986
f 3936/4116/3987 3935/4114/3987 3998/4175/3987 3999/4177/3987
f 3910/4117/3988 3909/4115/3988 3972/4176/3988 3973/4178/3988
f 3937/4118/3989 3936/4116/3989 3999/4177/3989 4000/4179/3989
f 3911/4119/3990 3910/4117/3990 3973/4178/3990 3974/4180/3990
f 3938/4120/3991 3937/4118/3991 4000/4179/3991 4001/4181/3991
f 3912/4121/3992 3911/4119/3992 3974/4180/3992 3975/4182/3992
f 3939/4122/3993 3938/4120/3993 4001/4181/3993 4002/4183/3993
f 3913/4123/3994 3912/4121/3994 3975/4182/3994 3976/4184/3994
f 3887/4125/3995 2058/4185/3995 3950/4186/3995
f 3940/4126/3996 3939/4122/3996 4002/4183/3996 4003/4187/3996
f 3914/4127/3997 3913/4123/3997 3976/4184/3997 3977/4188/3997
f 3888/4128/3998 3887/4125/3998 3950/4186/3998 3951/4189/3998
f 3941/4129/3999 3940/4126/3999 4003/4187/3999 4004/4190/3999
f 3915/4130/4000 3914/4127/4000 3977/4188/4000 3978/4191/4000
f 3889/4131/4001 3888/4128/4001 3951/4189/4001 3952/4192/4001
f 3942/4132/4002 3941/4129/4002 4004/4190/4002 4005/4193/4002
f 3916/4133/4003 3915/4130/4003 3978/4191/4003 3979/4194/4003
f 3890/4134/4004 3889/4131/4004 3952/4192/4004 3953/4195/4004
f 3943/4135/4005 3942/4132/4005 4005/4193/4005 4006/4196/4005
f 3917/4136/4006 3916/4133/4006 3979/4194/4006 3980/4197/4006
f 3891/4137/4007 3890/4134/4007 3953/4195/4007 3954/4198/4007
f 3944/4138/4008 3943/4135/4008 4006/4196/4008 4007/4199/4008
f 3918/4139/4009 3917/4136/4009 3980/4197/4009 3981/4200/4009
f 3892/4140/4010 3891/4137/4010 3954/4198/4010 3955/4201/4010
f 3945/4141/4011 3944/4138/4011 4007/4199/4011 4008/4202/4011
f 3919/4142/4012 3918/4139/4012 3981/4200/4012 3982/4203/4012
f 3893/4143/4013 3892/4140/4013 3955/4201/4013 3956/4204/4013
f 3946/4144/4014 3945/4141/4014 4008/4202/4014 4009/4205/4014
f 3920/4145/4015 3919/4142/4015 3982/4203/4015 3983/4206/4015
f 3894/4146/4016 3893/4143/4016 3956/4204/4016 3957/4207/4016
f 3947/4147/4017 3946/4144/4017 4009/4205/4017 4010/4208/4017
f 3921/4148/4018 3920/4145/4018 3983/4206/4018 3984/4209/4018
f 3895/4149/4019 3894/4146/4019 3957/4207/4019 3958/4210/4019
f 3948/4150/4020 3947/4147/4020 4010/4208/4020 4011/4211/4020
f 3922/4151/4021 3921/4148/4021 3984/4209/4021 3985/4212/4021
f 3896/4152/4022 3895/4149/4022 3958/4210/4022 3959/4213/4022
f 3949/4153/4023 3948/4150/4023 4011/4211/4023 4012/4214/4023
f 3923/4154/4024 3922/4151/4024 3985/4212/4024 3986/4215/4024
f 3897/4155/4025 3896/4152/4025 3959/4213/4025 3960/4216/4025
f 2752/4217/4026 3949/4153/4026 4012/4214/4026
f 3924/4092/4027 3923/4154/4027 3986/4215/4027 3987/4218/4027
f 3898/4094/4028 3897/4155/4028 3960/4216/4028 3961/4219/4028
f 3925/4093/4029 3924/4092/4029 3987/4218/4029 3988/4220/4029
f 3899/4095/4030 3898/4094/4030 3961/4219/4030 3962/4221/4030
f 3926/4096/4031 3925/4093/4031 3988/4220/4031 3989/4157/4031
f 3900/4097/4032 3899/4095/4032 3962/4221/4032 3963/4159/4032
f 3992/4163/4033 3991/4161/4033 26/93/4033 27/97/4033
f 3966/4164/4034 3965/4162/4034 5/95/4034 6/99/4034
f 3993/4165/4035 3992/4163/4035 27/97/4035 28/101/4035
f 3967/4166/4036 3966/4164/4036 6/99/4036 4024/103/4036
f 3994/4167/4037 3993/4165/4037 28/101/4037 29/105/4037
f 3968/4168/4038 3967/4166/4038 4024/103/4038 7/107/4038
f 3995/4169/4039 3994/4167/4039 29/105/4039 4029/109/4039
f 3969/4170/4040 3968/4168/4040 7/107/4040 8/111/4040
f 3996/4171/4041 3995/4169/4041 4029/109/4041 30/113/4041
f 3970/4172/4042 3969/4170/4042 8/111/4042 9/115/4042
f 3997/4173/4043 3996/4171/4043 30/113/4043 31/117/4043
f 3971/4174/4044 3970/4172/4044 9/115/4044 10/119/4044
f 3998/4175/4045 3997/4173/4045 31/117/4045 32/121/4045
f 3972/4176/4046 3971/4174/4046 10/119/4046 11/123/4046
f 3999/4177/4047 3998/4175/4047 32/121/4047 33/125/4047
f 3973/4178/4048 3972/4176/4048 11/123/4048 12/127/4048
f 4000/4179/4049 3999/4177/4049 33/125/4049 34/2/4049
f 3974/4180/4050 3973/4178/4050 12/127/4050 13/6/4050
f 4001/4181/4051 4000/4179/4051 34/2/4051 4030/1/4051
f 3975/4182/4052 3974/4180/4052 13/6/4052 14/5/4052
f 4002/4183/4053 4001/4181/4053 4030/1/4053 35/9/4053
f 3976/4184/4054 3975/4182/4054 14/5/4054 15/11/4054
f 3950/4186/4055 2058/4222/4055 4013/13/4055
f 4003/4187/4056 4002/4183/4056 35/9/4056 36/16/4056
f 3977/4188/4057 3976/4184/4057 15/11/4057 4025/18/4057
f 3951/4189/4058 3950/4186/4058 4013/13/4058 4014/20/4058
f 4004/4190/4059 4003/4187/4059 36/16/4059 37/22/4059
f 3978/4191/4060 3977/4188/4060 4025/18/4060 16/24/4060
f 3952/4192/4061 3951/4189/4061 4014/20/4061 4015/26/4061
f 4005/4193/4062 4004/4190/4062 37/22/4062 38/28/4062
f 3979/4194/4063 3978/4191/4063 16/24/4063 17/30/4063
f 3953/4195/4064 3952/4192/4064 4015/26/4064 1/32/4064
f 4006/4196/4065 4005/4193/4065 38/28/4065 39/34/4065
f 3980/4197/4066 3979/4194/4066 17/30/4066 18/36/4066
f 3954/4198/4067 3953/4195/4067 1/32/4067 4016/38/4067
f 4007/4199/4068 4006/4196/4068 39/34/4068 40/40/4068
f 3981/4200/4069 3980/4197/4069 18/36/4069 19/42/4069
f 3955/4201/4070 3954/4198/4070 4016/38/4070 2/44/4070
f 4008/4202/4071 4007/4199/4071 40/40/4071 4031/46/4071
f 3982/4203/4072 3981/4200/4072 19/42/4072 4026/48/4072
f 3956/4204/4073 3955/4201/4073 2/44/4073 4017/50/4073
f 4009/4205/4074 4008/4202/4074 4031/46/4074 41/52/4074
f 3983/4206/4075 3982/4203/4075 4026/48/4075 20/54/4075
f 3957/4207/4076 3956/4204/4076 4017/50/4076 4018/56/4076
f 4010/4208/4077 4009/4205/4077 41/52/4077 4032/58/4077
f 3984/4209/4078 3983/4206/4078 20/54/4078 21/60/4078
f 3958/4210/4079 3957/4207/4079 4018/56/4079 4019/62/4079
f 4011/4211/4080 4010/4208/4080 4032/58/4080 4033/64/4080
f 3985/4212/4081 3984/4209/4081 21/60/4081 4027/66/4081
f 3959/4213/4082 3958/4210/4082 4019/62/4082 4020/68/4082
f 4012/4214/4083 4011/4211/4083 4033/64/4083 4034/70/4083
f 3986/4215/4084 3985/4212/4084 4027/66/4084 22/72/4084
f 3960/4216/4085 3959/4213/4085 4020/68/4085 4021/74/4085
f 2752/4223/4086 4012/4214/4086 4034/70/4086
f 3987/4218/4087 3986/4215/4087 22/72/4087 23/77/4087
f 3961/4219/4088 3960/4216/4088 4021/74/4088 4022/79/4088
f 3988/4220/4089 3987/4218/4089 23/77/4089 4028/81/4089
f 3962/4221/4090 3961/4219/4090 4022/79/4090 3/83/4090
f 3989/4157/4091 3988/4220/4091 4028/81/4091 24/85/4091
f 3963/4159/4092 3962/4221/4092 3/83/4092 4023/87/4092
f 3990/4158/4093 3989/4157/4093 24/85/4093 25/89/4093
f 3964/4160/4094 3963/4159/4094 4023/87/4094 4/91/4094
f 3991/4161/4095 3990/4158/4095 25/89/4095 26/93/4095
f 3965/4162/4096 3964/4160/4096 4/91/4096 5/95/4096
